filename,sample_id,design_name,macro_count,clock,utilization,macro_placement,power_mesh,filler_insertion
2187-RISCY-b-1-c2-u0.8-m1-p8-f1,2187,RISCY-b,1,2,0.8,1,8,1
2634-RISCY-b-1-c20-u0.75-m3-p1-f1,2634,RISCY-b,1,20,0.75,3,1,1
2047-RISCY-b-1-c2-u0.75-m2-p4-f0,2047,RISCY-b,1,2,0.75,2,4,0
2699-RISCY-b-1-c20-u0.9-m3-p7-f1,2699,RISCY-b,1,20,0.9,3,7,1
2150-RISCY-b-1-c2-u0.7-m3-p3-f1,2150,RISCY-b,1,2,0.7,3,3,1
2620-RISCY-b-1-c20-u0.75-m1-p3-f1,2620,RISCY-b,1,20,0.75,1,3,1
2609-RISCY-b-1-c20-u0.7-m2-p8-f1,2609,RISCY-b,1,20,0.7,2,8,1
2332-RISCY-b-1-c5-u0.85-m2-p5-f0,2332,RISCY-b,1,5,0.85,2,5,0
2330-RISCY-b-1-c5-u0.85-m2-p3-f0,2330,RISCY-b,1,5,0.85,2,3,0
2036-RISCY-b-1-c2-u0.75-m1-p1-f0,2036,RISCY-b,1,2,0.75,1,1,0
2169-RISCY-b-1-c2-u0.75-m2-p6-f1,2169,RISCY-b,1,2,0.75,2,6,1
2404-RISCY-b-1-c5-u0.75-m2-p5-f1,2404,RISCY-b,1,5,0.75,2,5,1
2496-RISCY-b-1-c20-u0.7-m2-p3-f0,2496,RISCY-b,1,20,0.7,2,3,0
2094-RISCY-b-1-c2-u0.85-m2-p3-f0,2094,RISCY-b,1,2,0.85,2,3,0
2399-RISCY-b-1-c5-u0.75-m1-p8-f1,2399,RISCY-b,1,5,0.75,1,8,1
2423-RISCY-b-1-c5-u0.8-m1-p8-f1,2423,RISCY-b,1,5,0.8,1,8,1
2670-RISCY-b-1-c20-u0.85-m1-p5-f1,2670,RISCY-b,1,20,0.85,1,5,1
2381-RISCY-b-1-c5-u0.7-m2-p6-f1,2381,RISCY-b,1,5,0.7,2,6,1
2502-RISCY-b-1-c20-u0.7-m3-p1-f0,2502,RISCY-b,1,20,0.7,3,1,0
2642-RISCY-b-1-c20-u0.8-m1-p1-f1,2642,RISCY-b,1,20,0.8,1,1,1
2226-RISCY-b-1-c2-u0.85-m3-p7-f1,2226,RISCY-b,1,2,0.85,3,7,1
2269-RISCY-b-1-c5-u0.7-m3-p3-f0,2269,RISCY-b,1,5,0.7,3,3,0
2417-RISCY-b-1-c5-u0.8-m1-p2-f1,2417,RISCY-b,1,5,0.8,1,2,1
2025-RISCY-b-1-c2-u0.7-m2-p6-f0,2025,RISCY-b,1,2,0.7,2,6,0
2416-RISCY-b-1-c5-u0.8-m1-p1-f1,2416,RISCY-b,1,5,0.8,1,1,1
2515-RISCY-b-1-c20-u0.75-m1-p6-f0,2515,RISCY-b,1,20,0.75,1,6,0
2108-RISCY-b-1-c2-u0.9-m1-p1-f0,2108,RISCY-b,1,2,0.9,1,1,0
2013-RISCY-b-1-c2-u0.7-m1-p2-f0,2013,RISCY-b,1,2,0.7,1,2,0
2494-RISCY-b-1-c20-u0.7-m2-p1-f0,2494,RISCY-b,1,20,0.7,2,1,0
2603-RISCY-b-1-c20-u0.7-m2-p2-f1,2603,RISCY-b,1,20,0.7,2,2,1
2526-RISCY-b-1-c20-u0.75-m3-p1-f0,2526,RISCY-b,1,20,0.75,3,1,0
2272-RISCY-b-1-c5-u0.7-m3-p6-f0,2272,RISCY-b,1,5,0.7,3,6,0
2396-RISCY-b-1-c5-u0.75-m1-p5-f1,2396,RISCY-b,1,5,0.75,1,5,1
2366-RISCY-b-1-c5-u0.9-m3-p7-f0,2366,RISCY-b,1,5,0.9,3,7,0
2412-RISCY-b-1-c5-u0.75-m3-p5-f1,2412,RISCY-b,1,5,0.75,3,5,1
2014-RISCY-b-1-c2-u0.7-m1-p3-f0,2014,RISCY-b,1,2,0.7,1,3,0
2597-RISCY-b-1-c20-u0.7-m1-p4-f1,2597,RISCY-b,1,20,0.7,1,4,1
2668-RISCY-b-1-c20-u0.85-m1-p3-f1,2668,RISCY-b,1,20,0.85,1,3,1
2022-RISCY-b-1-c2-u0.7-m2-p3-f0,2022,RISCY-b,1,2,0.7,2,3,0
2529-RISCY-b-1-c20-u0.75-m3-p4-f0,2529,RISCY-b,1,20,0.75,3,4,0
2606-RISCY-b-1-c20-u0.7-m2-p5-f1,2606,RISCY-b,1,20,0.7,2,5,1
2023-RISCY-b-1-c2-u0.7-m2-p4-f0,2023,RISCY-b,1,2,0.7,2,4,0
2317-RISCY-b-1-c5-u0.8-m3-p5-f0,2317,RISCY-b,1,5,0.8,3,5,0
2307-RISCY-b-1-c5-u0.8-m2-p3-f0,2307,RISCY-b,1,5,0.8,2,3,0
2192-RISCY-b-1-c2-u0.8-m2-p5-f1,2192,RISCY-b,1,2,0.8,2,5,1
2676-RISCY-b-1-c20-u0.85-m2-p3-f1,2676,RISCY-b,1,20,0.85,2,3,1
2483-RISCY-b-1-c5-u0.9-m3-p5-f1,2483,RISCY-b,1,5,0.9,3,5,1
2345-RISCY-b-1-c5-u0.9-m1-p1-f0,2345,RISCY-b,1,5,0.9,1,1,0
2012-RISCY-b-1-c2-u0.7-m1-p1-f0,2012,RISCY-b,1,2,0.7,1,1,0
2260-RISCY-b-1-c5-u0.7-m2-p2-f0,2260,RISCY-b,1,5,0.7,2,2,0
2499-RISCY-b-1-c20-u0.7-m2-p6-f0,2499,RISCY-b,1,20,0.7,2,6,0
2673-RISCY-b-1-c20-u0.85-m1-p8-f1,2673,RISCY-b,1,20,0.85,1,8,1
2594-RISCY-b-1-c20-u0.7-m1-p1-f1,2594,RISCY-b,1,20,0.7,1,1,1
2574-RISCY-b-1-c20-u0.9-m1-p2-f0,2574,RISCY-b,1,20,0.9,1,2,0
2274-RISCY-b-1-c5-u0.7-m3-p8-f0,2274,RISCY-b,1,5,0.7,3,8,0
2062-RISCY-b-1-c2-u0.8-m1-p3-f0,2062,RISCY-b,1,2,0.8,1,3,0
2030-RISCY-b-1-c2-u0.7-m3-p3-f0,2030,RISCY-b,1,2,0.7,3,3,0
2113-RISCY-b-1-c2-u0.9-m1-p6-f0,2113,RISCY-b,1,2,0.9,1,6,0
2482-RISCY-b-1-c5-u0.9-m3-p4-f1,2482,RISCY-b,1,5,0.9,3,4,1
2542-RISCY-b-1-c20-u0.8-m2-p1-f0,2542,RISCY-b,1,20,0.8,2,1,0
2171-RISCY-b-1-c2-u0.75-m2-p8-f1,2171,RISCY-b,1,2,0.75,2,8,1
2397-RISCY-b-1-c5-u0.75-m1-p6-f1,2397,RISCY-b,1,5,0.75,1,6,1
2122-RISCY-b-1-c2-u0.9-m2-p7-f0,2122,RISCY-b,1,2,0.9,2,7,0
2527-RISCY-b-1-c20-u0.75-m3-p2-f0,2527,RISCY-b,1,20,0.75,3,2,0
2323-RISCY-b-1-c5-u0.85-m1-p3-f0,2323,RISCY-b,1,5,0.85,1,3,0
2193-RISCY-b-1-c2-u0.8-m2-p6-f1,2193,RISCY-b,1,2,0.8,2,6,1
2441-RISCY-b-1-c5-u0.85-m1-p2-f1,2441,RISCY-b,1,5,0.85,1,2,1
2426-RISCY-b-1-c5-u0.8-m2-p3-f1,2426,RISCY-b,1,5,0.8,2,3,1
2299-RISCY-b-1-c5-u0.8-m1-p1-f0,2299,RISCY-b,1,5,0.8,1,1,0
2614-RISCY-b-1-c20-u0.7-m3-p5-f1,2614,RISCY-b,1,20,0.7,3,5,1
2665-RISCY-b-1-c20-u0.8-m3-p8-f1,2665,RISCY-b,1,20,0.8,3,8,1
2196-RISCY-b-1-c2-u0.8-m3-p1-f1,2196,RISCY-b,1,2,0.8,3,1,1
2086-RISCY-b-1-c2-u0.85-m1-p3-f0,2086,RISCY-b,1,2,0.85,1,3,0
2657-RISCY-b-1-c20-u0.8-m2-p8-f1,2657,RISCY-b,1,20,0.8,2,8,1
2641-RISCY-b-1-c20-u0.75-m3-p8-f1,2641,RISCY-b,1,20,0.75,3,8,1
2253-RISCY-b-1-c5-u0.7-m1-p1-f0,2253,RISCY-b,1,5,0.7,1,1,0
2405-RISCY-b-1-c5-u0.75-m2-p6-f1,2405,RISCY-b,1,5,0.75,2,6,1
2089-RISCY-b-1-c2-u0.85-m1-p6-f0,2089,RISCY-b,1,2,0.85,1,6,0
2029-RISCY-b-1-c2-u0.7-m3-p2-f0,2029,RISCY-b,1,2,0.7,3,2,0
2644-RISCY-b-1-c20-u0.8-m1-p3-f1,2644,RISCY-b,1,20,0.8,1,3,1
2230-RISCY-b-1-c2-u0.9-m1-p3-f1,2230,RISCY-b,1,2,0.9,1,3,1
2261-RISCY-b-1-c5-u0.7-m2-p3-f0,2261,RISCY-b,1,5,0.7,2,3,0
2578-RISCY-b-1-c20-u0.9-m1-p6-f0,2578,RISCY-b,1,20,0.9,1,6,0
2543-RISCY-b-1-c20-u0.8-m2-p2-f0,2543,RISCY-b,1,20,0.8,2,2,0
2314-RISCY-b-1-c5-u0.8-m3-p1-f0,2314,RISCY-b,1,5,0.8,3,1,0
2288-RISCY-b-1-c5-u0.75-m2-p6-f0,2288,RISCY-b,1,5,0.75,2,6,0
2546-RISCY-b-1-c20-u0.8-m2-p6-f0,2546,RISCY-b,1,20,0.8,2,6,0
2484-RISCY-b-1-c5-u0.9-m3-p6-f1,2484,RISCY-b,1,5,0.9,3,6,1
2297-RISCY-b-1-c5-u0.75-m3-p7-f0,2297,RISCY-b,1,5,0.75,3,7,0
2562-RISCY-b-1-c20-u0.85-m1-p6-f0,2562,RISCY-b,1,20,0.85,1,6,0
2464-RISCY-b-1-c5-u0.9-m1-p1-f1,2464,RISCY-b,1,5,0.9,1,1,1
2357-RISCY-b-1-c5-u0.9-m2-p6-f0,2357,RISCY-b,1,5,0.9,2,6,0
2432-RISCY-b-1-c5-u0.8-m3-p1-f1,2432,RISCY-b,1,5,0.8,3,1,1
2672-RISCY-b-1-c20-u0.85-m1-p7-f1,2672,RISCY-b,1,20,0.85,1,7,1
2107-RISCY-b-1-c2-u0.85-m3-p8-f0,2107,RISCY-b,1,2,0.85,3,8,0
2588-RISCY-b-1-c20-u0.9-m3-p2-f0,2588,RISCY-b,1,20,0.9,3,2,0
2530-RISCY-b-1-c20-u0.75-m3-p5-f0,2530,RISCY-b,1,20,0.75,3,5,0
2069-RISCY-b-1-c2-u0.8-m2-p2-f0,2069,RISCY-b,1,2,0.8,2,2,0
2136-RISCY-b-1-c2-u0.7-m1-p5-f1,2136,RISCY-b,1,2,0.7,1,5,1
2060-RISCY-b-1-c2-u0.8-m1-p1-f0,2060,RISCY-b,1,2,0.8,1,1,0
2243-RISCY-b-1-c2-u0.9-m2-p8-f1,2243,RISCY-b,1,2,0.9,2,8,1
2646-RISCY-b-1-c20-u0.8-m1-p5-f1,2646,RISCY-b,1,20,0.8,1,5,1
2414-RISCY-b-1-c5-u0.75-m3-p7-f1,2414,RISCY-b,1,5,0.75,3,7,1
2141-RISCY-b-1-c2-u0.7-m2-p2-f1,2141,RISCY-b,1,2,0.7,2,2,1
2232-RISCY-b-1-c2-u0.9-m1-p5-f1,2232,RISCY-b,1,2,0.9,1,5,1
2343-RISCY-b-1-c5-u0.85-m3-p8-f0,2343,RISCY-b,1,5,0.85,3,8,0
2690-RISCY-b-1-c20-u0.9-m2-p3-f1,2690,RISCY-b,1,20,0.9,2,3,1
2589-RISCY-b-1-c20-u0.9-m3-p4-f0,2589,RISCY-b,1,20,0.9,3,4,0
2654-RISCY-b-1-c20-u0.8-m2-p5-f1,2654,RISCY-b,1,20,0.8,2,5,1
2582-RISCY-b-1-c20-u0.9-m2-p3-f0,2582,RISCY-b,1,20,0.9,2,3,0
2503-RISCY-b-1-c20-u0.7-m3-p2-f0,2503,RISCY-b,1,20,0.7,3,2,0
2628-RISCY-b-1-c20-u0.75-m2-p3-f1,2628,RISCY-b,1,20,0.75,2,3,1
2074-RISCY-b-1-c2-u0.8-m2-p7-f0,2074,RISCY-b,1,2,0.8,2,7,0
2342-RISCY-b-1-c5-u0.85-m3-p7-f0,2342,RISCY-b,1,5,0.85,3,7,0
2175-RISCY-b-1-c2-u0.75-m3-p4-f1,2175,RISCY-b,1,2,0.75,3,4,1
2633-RISCY-b-1-c20-u0.75-m2-p8-f1,2633,RISCY-b,1,20,0.75,2,8,1
2302-RISCY-b-1-c5-u0.8-m1-p5-f0,2302,RISCY-b,1,5,0.8,1,5,0
2623-RISCY-b-1-c20-u0.75-m1-p6-f1,2623,RISCY-b,1,20,0.75,1,6,1
2331-RISCY-b-1-c5-u0.85-m2-p4-f0,2331,RISCY-b,1,5,0.85,2,4,0
2650-RISCY-b-1-c20-u0.8-m2-p1-f1,2650,RISCY-b,1,20,0.8,2,1,1
2505-RISCY-b-1-c20-u0.7-m3-p4-f0,2505,RISCY-b,1,20,0.7,3,4,0
2221-RISCY-b-1-c2-u0.85-m3-p2-f1,2221,RISCY-b,1,2,0.85,3,2,1
2082-RISCY-b-1-c2-u0.8-m3-p7-f0,2082,RISCY-b,1,2,0.8,3,7,0
2461-RISCY-b-1-c5-u0.85-m3-p6-f1,2461,RISCY-b,1,5,0.85,3,6,1
2490-RISCY-b-1-c20-u0.7-m1-p5-f0,2490,RISCY-b,1,20,0.7,1,5,0
2382-RISCY-b-1-c5-u0.7-m2-p7-f1,2382,RISCY-b,1,5,0.7,2,7,1
2364-RISCY-b-1-c5-u0.9-m3-p5-f0,2364,RISCY-b,1,5,0.9,3,5,0
2165-RISCY-b-1-c2-u0.75-m2-p2-f1,2165,RISCY-b,1,2,0.75,2,2,1
2449-RISCY-b-1-c5-u0.85-m2-p2-f1,2449,RISCY-b,1,5,0.85,2,2,1
2161-RISCY-b-1-c2-u0.75-m1-p6-f1,2161,RISCY-b,1,2,0.75,1,6,1
2338-RISCY-b-1-c5-u0.85-m3-p3-f0,2338,RISCY-b,1,5,0.85,3,3,0
2545-RISCY-b-1-c20-u0.8-m2-p5-f0,2545,RISCY-b,1,20,0.8,2,5,0
2625-RISCY-b-1-c20-u0.75-m1-p8-f1,2625,RISCY-b,1,20,0.75,1,8,1
2580-RISCY-b-1-c20-u0.9-m2-p1-f0,2580,RISCY-b,1,20,0.9,2,1,0
2104-RISCY-b-1-c2-u0.85-m3-p5-f0,2104,RISCY-b,1,2,0.85,3,5,0
2273-RISCY-b-1-c5-u0.7-m3-p7-f0,2273,RISCY-b,1,5,0.7,3,7,0
2325-RISCY-b-1-c5-u0.85-m1-p5-f0,2325,RISCY-b,1,5,0.85,1,5,0
2539-RISCY-b-1-c20-u0.8-m1-p6-f0,2539,RISCY-b,1,20,0.8,1,6,0
2572-RISCY-b-1-c20-u0.85-m2-p8-f0,2572,RISCY-b,1,20,0.85,2,8,0
2334-RISCY-b-1-c5-u0.85-m2-p7-f0,2334,RISCY-b,1,5,0.85,2,7,0
2557-RISCY-b-1-c20-u0.85-m1-p1-f0,2557,RISCY-b,1,20,0.85,1,1,0
2212-RISCY-b-1-c2-u0.85-m2-p1-f1,2212,RISCY-b,1,2,0.85,2,1,1
2219-RISCY-b-1-c2-u0.85-m2-p8-f1,2219,RISCY-b,1,2,0.85,2,8,1
2661-RISCY-b-1-c20-u0.8-m3-p4-f1,2661,RISCY-b,1,20,0.8,3,4,1
2419-RISCY-b-1-c5-u0.8-m1-p4-f1,2419,RISCY-b,1,5,0.8,1,4,1
2109-RISCY-b-1-c2-u0.9-m1-p2-f0,2109,RISCY-b,1,2,0.9,1,2,0
2348-RISCY-b-1-c5-u0.9-m1-p5-f0,2348,RISCY-b,1,5,0.9,1,5,0
2686-RISCY-b-1-c20-u0.9-m1-p5-f1,2686,RISCY-b,1,20,0.9,1,5,1
2442-RISCY-b-1-c5-u0.85-m1-p3-f1,2442,RISCY-b,1,5,0.85,1,3,1
2311-RISCY-b-1-c5-u0.8-m2-p7-f0,2311,RISCY-b,1,5,0.8,2,7,0
2679-RISCY-b-1-c20-u0.85-m2-p6-f1,2679,RISCY-b,1,20,0.85,2,6,1
2162-RISCY-b-1-c2-u0.75-m1-p7-f1,2162,RISCY-b,1,2,0.75,1,7,1
2081-RISCY-b-1-c2-u0.8-m3-p6-f0,2081,RISCY-b,1,2,0.8,3,6,0
2056-RISCY-b-1-c2-u0.75-m3-p5-f0,2056,RISCY-b,1,2,0.75,3,5,0
2517-RISCY-b-1-c20-u0.75-m1-p8-f0,2517,RISCY-b,1,20,0.75,1,8,0
2534-RISCY-b-1-c20-u0.8-m1-p1-f0,2534,RISCY-b,1,20,0.8,1,1,0
2466-RISCY-b-1-c5-u0.9-m1-p3-f1,2466,RISCY-b,1,5,0.9,1,3,1
2474-RISCY-b-1-c5-u0.9-m2-p4-f1,2474,RISCY-b,1,5,0.9,2,4,1
2052-RISCY-b-1-c2-u0.75-m3-p1-f0,2052,RISCY-b,1,2,0.75,3,1,0
2472-RISCY-b-1-c5-u0.9-m2-p2-f1,2472,RISCY-b,1,5,0.9,2,2,1
2436-RISCY-b-1-c5-u0.8-m3-p5-f1,2436,RISCY-b,1,5,0.8,3,5,1
2298-RISCY-b-1-c5-u0.75-m3-p8-f0,2298,RISCY-b,1,5,0.75,3,8,0
2658-RISCY-b-1-c20-u0.8-m3-p1-f1,2658,RISCY-b,1,20,0.8,3,1,1
2471-RISCY-b-1-c5-u0.9-m2-p1-f1,2471,RISCY-b,1,5,0.9,2,1,1
2287-RISCY-b-1-c5-u0.75-m2-p5-f0,2287,RISCY-b,1,5,0.75,2,5,0
2632-RISCY-b-1-c20-u0.75-m2-p7-f1,2632,RISCY-b,1,20,0.75,2,7,1
2295-RISCY-b-1-c5-u0.75-m3-p5-f0,2295,RISCY-b,1,5,0.75,3,5,0
2158-RISCY-b-1-c2-u0.75-m1-p3-f1,2158,RISCY-b,1,2,0.75,1,3,1
2080-RISCY-b-1-c2-u0.8-m3-p5-f0,2080,RISCY-b,1,2,0.8,3,5,0
2359-RISCY-b-1-c5-u0.9-m2-p8-f0,2359,RISCY-b,1,5,0.9,2,8,0
2447-RISCY-b-1-c5-u0.85-m1-p8-f1,2447,RISCY-b,1,5,0.85,1,8,1
2041-RISCY-b-1-c2-u0.75-m1-p6-f0,2041,RISCY-b,1,2,0.75,1,6,0
2058-RISCY-b-1-c2-u0.75-m3-p7-f0,2058,RISCY-b,1,2,0.75,3,7,0
2475-RISCY-b-1-c5-u0.9-m2-p5-f1,2475,RISCY-b,1,5,0.9,2,5,1
2084-RISCY-b-1-c2-u0.85-m1-p1-f0,2084,RISCY-b,1,2,0.85,1,1,0
2508-RISCY-b-1-c20-u0.7-m3-p7-f0,2508,RISCY-b,1,20,0.7,3,7,0
2622-RISCY-b-1-c20-u0.75-m1-p5-f1,2622,RISCY-b,1,20,0.75,1,5,1
2100-RISCY-b-1-c2-u0.85-m3-p1-f0,2100,RISCY-b,1,2,0.85,3,1,0
2697-RISCY-b-1-c20-u0.9-m3-p5-f1,2697,RISCY-b,1,20,0.9,3,5,1
2460-RISCY-b-1-c5-u0.85-m3-p5-f1,2460,RISCY-b,1,5,0.85,3,5,1
2373-RISCY-b-1-c5-u0.7-m1-p6-f1,2373,RISCY-b,1,5,0.7,1,6,1
2292-RISCY-b-1-c5-u0.75-m3-p1-f0,2292,RISCY-b,1,5,0.75,3,1,0
2362-RISCY-b-1-c5-u0.9-m3-p3-f0,2362,RISCY-b,1,5,0.9,3,3,0
2680-RISCY-b-1-c20-u0.85-m2-p7-f1,2680,RISCY-b,1,20,0.85,2,7,1
2281-RISCY-b-1-c5-u0.75-m1-p7-f0,2281,RISCY-b,1,5,0.75,1,7,0
2191-RISCY-b-1-c2-u0.8-m2-p4-f1,2191,RISCY-b,1,2,0.8,2,4,1
2144-RISCY-b-1-c2-u0.7-m2-p5-f1,2144,RISCY-b,1,2,0.7,2,5,1
2391-RISCY-b-1-c5-u0.7-m3-p8-f1,2391,RISCY-b,1,5,0.7,3,8,1
2346-RISCY-b-1-c5-u0.9-m1-p3-f0,2346,RISCY-b,1,5,0.9,1,3,0
2277-RISCY-b-1-c5-u0.75-m1-p3-f0,2277,RISCY-b,1,5,0.75,1,3,0
2085-RISCY-b-1-c2-u0.85-m1-p2-f0,2085,RISCY-b,1,2,0.85,1,2,0
2645-RISCY-b-1-c20-u0.8-m1-p4-f1,2645,RISCY-b,1,20,0.8,1,4,1
2619-RISCY-b-1-c20-u0.75-m1-p2-f1,2619,RISCY-b,1,20,0.75,1,2,1
2255-RISCY-b-1-c5-u0.7-m1-p4-f0,2255,RISCY-b,1,5,0.7,1,4,0
2691-RISCY-b-1-c20-u0.9-m2-p4-f1,2691,RISCY-b,1,20,0.9,2,4,1
2571-RISCY-b-1-c20-u0.85-m2-p7-f0,2571,RISCY-b,1,20,0.85,2,7,0
2516-RISCY-b-1-c20-u0.75-m1-p7-f0,2516,RISCY-b,1,20,0.75,1,7,0
2238-RISCY-b-1-c2-u0.9-m2-p3-f1,2238,RISCY-b,1,2,0.9,2,3,1
2206-RISCY-b-1-c2-u0.85-m1-p3-f1,2206,RISCY-b,1,2,0.85,1,3,1
2430-RISCY-b-1-c5-u0.8-m2-p7-f1,2430,RISCY-b,1,5,0.8,2,7,1
2063-RISCY-b-1-c2-u0.8-m1-p4-f0,2063,RISCY-b,1,2,0.8,1,4,0
2378-RISCY-b-1-c5-u0.7-m2-p3-f1,2378,RISCY-b,1,5,0.7,2,3,1
2596-RISCY-b-1-c20-u0.7-m1-p3-f1,2596,RISCY-b,1,20,0.7,1,3,1
2535-RISCY-b-1-c20-u0.8-m1-p2-f0,2535,RISCY-b,1,20,0.8,1,2,0
2568-RISCY-b-1-c20-u0.85-m2-p4-f0,2568,RISCY-b,1,20,0.85,2,4,0
2333-RISCY-b-1-c5-u0.85-m2-p6-f0,2333,RISCY-b,1,5,0.85,2,6,0
2626-RISCY-b-1-c20-u0.75-m2-p1-f1,2626,RISCY-b,1,20,0.75,2,1,1
2678-RISCY-b-1-c20-u0.85-m2-p5-f1,2678,RISCY-b,1,20,0.85,2,5,1
2055-RISCY-b-1-c2-u0.75-m3-p4-f0,2055,RISCY-b,1,2,0.75,3,4,0
2044-RISCY-b-1-c2-u0.75-m2-p1-f0,2044,RISCY-b,1,2,0.75,2,1,0
2146-RISCY-b-1-c2-u0.7-m2-p7-f1,2146,RISCY-b,1,2,0.7,2,7,1
2528-RISCY-b-1-c20-u0.75-m3-p3-f0,2528,RISCY-b,1,20,0.75,3,3,0
2669-RISCY-b-1-c20-u0.85-m1-p4-f1,2669,RISCY-b,1,20,0.85,1,4,1
2500-RISCY-b-1-c20-u0.7-m2-p7-f0,2500,RISCY-b,1,20,0.7,2,7,0
2312-RISCY-b-1-c5-u0.8-m2-p8-f0,2312,RISCY-b,1,5,0.8,2,8,0
2544-RISCY-b-1-c20-u0.8-m2-p3-f0,2544,RISCY-b,1,20,0.8,2,3,0
2105-RISCY-b-1-c2-u0.85-m3-p6-f0,2105,RISCY-b,1,2,0.85,3,6,0
2335-RISCY-b-1-c5-u0.85-m2-p8-f0,2335,RISCY-b,1,5,0.85,2,8,0
2576-RISCY-b-1-c20-u0.9-m1-p4-f0,2576,RISCY-b,1,20,0.9,1,4,0
2358-RISCY-b-1-c5-u0.9-m2-p7-f0,2358,RISCY-b,1,5,0.9,2,7,0
2112-RISCY-b-1-c2-u0.9-m1-p5-f0,2112,RISCY-b,1,2,0.9,1,5,0
2337-RISCY-b-1-c5-u0.85-m3-p1-f0,2337,RISCY-b,1,5,0.85,3,1,0
2440-RISCY-b-1-c5-u0.85-m1-p1-f1,2440,RISCY-b,1,5,0.85,1,1,1
2666-RISCY-b-1-c20-u0.85-m1-p1-f1,2666,RISCY-b,1,20,0.85,1,1,1
2586-RISCY-b-1-c20-u0.9-m2-p7-f0,2586,RISCY-b,1,20,0.9,2,7,0
2383-RISCY-b-1-c5-u0.7-m2-p8-f1,2383,RISCY-b,1,5,0.7,2,8,1
2168-RISCY-b-1-c2-u0.75-m2-p5-f1,2168,RISCY-b,1,2,0.75,2,5,1
2592-RISCY-b-1-c20-u0.9-m3-p7-f0,2592,RISCY-b,1,20,0.9,3,7,0
2598-RISCY-b-1-c20-u0.7-m1-p5-f1,2598,RISCY-b,1,20,0.7,1,5,1
2610-RISCY-b-1-c20-u0.7-m3-p1-f1,2610,RISCY-b,1,20,0.7,3,1,1
2684-RISCY-b-1-c20-u0.9-m1-p3-f1,2684,RISCY-b,1,20,0.9,1,3,1
2439-RISCY-b-1-c5-u0.8-m3-p8-f1,2439,RISCY-b,1,5,0.8,3,8,1
2138-RISCY-b-1-c2-u0.7-m1-p7-f1,2138,RISCY-b,1,2,0.7,1,7,1
2139-RISCY-b-1-c2-u0.7-m1-p8-f1,2139,RISCY-b,1,2,0.7,1,8,1
2087-RISCY-b-1-c2-u0.85-m1-p4-f0,2087,RISCY-b,1,2,0.85,1,4,0
2143-RISCY-b-1-c2-u0.7-m2-p4-f1,2143,RISCY-b,1,2,0.7,2,4,1
2388-RISCY-b-1-c5-u0.7-m3-p5-f1,2388,RISCY-b,1,5,0.7,3,5,1
2247-RISCY-b-1-c2-u0.9-m3-p4-f1,2247,RISCY-b,1,2,0.9,3,4,1
2501-RISCY-b-1-c20-u0.7-m2-p8-f0,2501,RISCY-b,1,20,0.7,2,8,0
2154-RISCY-b-1-c2-u0.7-m3-p7-f1,2154,RISCY-b,1,2,0.7,3,7,1
2308-RISCY-b-1-c5-u0.8-m2-p4-f0,2308,RISCY-b,1,5,0.8,2,4,0
2072-RISCY-b-1-c2-u0.8-m2-p5-f0,2072,RISCY-b,1,2,0.8,2,5,0
2301-RISCY-b-1-c5-u0.8-m1-p4-f0,2301,RISCY-b,1,5,0.8,1,4,0
2233-RISCY-b-1-c2-u0.9-m1-p6-f1,2233,RISCY-b,1,2,0.9,1,6,1
2227-RISCY-b-1-c2-u0.85-m3-p8-f1,2227,RISCY-b,1,2,0.85,3,8,1
2579-RISCY-b-1-c20-u0.9-m1-p7-f0,2579,RISCY-b,1,20,0.9,1,7,0
2320-RISCY-b-1-c5-u0.8-m3-p8-f0,2320,RISCY-b,1,5,0.8,3,8,0
2407-RISCY-b-1-c5-u0.75-m2-p8-f1,2407,RISCY-b,1,5,0.75,2,8,1
2234-RISCY-b-1-c2-u0.9-m1-p7-f1,2234,RISCY-b,1,2,0.9,1,7,1
2256-RISCY-b-1-c5-u0.7-m1-p5-f0,2256,RISCY-b,1,5,0.7,1,5,0
2434-RISCY-b-1-c5-u0.8-m3-p3-f1,2434,RISCY-b,1,5,0.8,3,3,1
2371-RISCY-b-1-c5-u0.7-m1-p4-f1,2371,RISCY-b,1,5,0.7,1,4,1
2408-RISCY-b-1-c5-u0.75-m3-p1-f1,2408,RISCY-b,1,5,0.75,3,1,1
2520-RISCY-b-1-c20-u0.75-m2-p3-f0,2520,RISCY-b,1,20,0.75,2,3,0
2377-RISCY-b-1-c5-u0.7-m2-p2-f1,2377,RISCY-b,1,5,0.7,2,2,1
2659-RISCY-b-1-c20-u0.8-m3-p2-f1,2659,RISCY-b,1,20,0.8,3,2,1
2093-RISCY-b-1-c2-u0.85-m2-p2-f0,2093,RISCY-b,1,2,0.85,2,2,0
2038-RISCY-b-1-c2-u0.75-m1-p3-f0,2038,RISCY-b,1,2,0.75,1,3,0
2402-RISCY-b-1-c5-u0.75-m2-p3-f1,2402,RISCY-b,1,5,0.75,2,3,1
2618-RISCY-b-1-c20-u0.75-m1-p1-f1,2618,RISCY-b,1,20,0.75,1,1,1
2540-RISCY-b-1-c20-u0.8-m1-p7-f0,2540,RISCY-b,1,20,0.8,1,7,0
2585-RISCY-b-1-c20-u0.9-m2-p6-f0,2585,RISCY-b,1,20,0.9,2,6,0
2555-RISCY-b-1-c20-u0.8-m3-p7-f0,2555,RISCY-b,1,20,0.8,3,7,0
2573-RISCY-b-1-c20-u0.9-m1-p1-f0,2573,RISCY-b,1,20,0.9,1,1,0
2532-RISCY-b-1-c20-u0.75-m3-p7-f0,2532,RISCY-b,1,20,0.75,3,7,0
2246-RISCY-b-1-c2-u0.9-m3-p3-f1,2246,RISCY-b,1,2,0.9,3,3,1
2495-RISCY-b-1-c20-u0.7-m2-p2-f0,2495,RISCY-b,1,20,0.7,2,2,0
2584-RISCY-b-1-c20-u0.9-m2-p5-f0,2584,RISCY-b,1,20,0.9,2,5,0
2552-RISCY-b-1-c20-u0.8-m3-p4-f0,2552,RISCY-b,1,20,0.8,3,4,0
2164-RISCY-b-1-c2-u0.75-m2-p1-f1,2164,RISCY-b,1,2,0.75,2,1,1
2519-RISCY-b-1-c20-u0.75-m2-p2-f0,2519,RISCY-b,1,20,0.75,2,2,0
2361-RISCY-b-1-c5-u0.9-m3-p1-f0,2361,RISCY-b,1,5,0.9,3,1,0
2248-RISCY-b-1-c2-u0.9-m3-p5-f1,2248,RISCY-b,1,2,0.9,3,5,1
2480-RISCY-b-1-c5-u0.9-m3-p2-f1,2480,RISCY-b,1,5,0.9,3,2,1
2664-RISCY-b-1-c20-u0.8-m3-p7-f1,2664,RISCY-b,1,20,0.8,3,7,1
2263-RISCY-b-1-c5-u0.7-m2-p5-f0,2263,RISCY-b,1,5,0.7,2,5,0
2485-RISCY-b-1-c5-u0.9-m3-p7-f1,2485,RISCY-b,1,5,0.9,3,7,1
2042-RISCY-b-1-c2-u0.75-m1-p7-f0,2042,RISCY-b,1,2,0.75,1,7,0
2638-RISCY-b-1-c20-u0.75-m3-p5-f1,2638,RISCY-b,1,20,0.75,3,5,1
2076-RISCY-b-1-c2-u0.8-m3-p1-f0,2076,RISCY-b,1,2,0.8,3,1,0
2374-RISCY-b-1-c5-u0.7-m1-p7-f1,2374,RISCY-b,1,5,0.7,1,7,1
2525-RISCY-b-1-c20-u0.75-m2-p8-f0,2525,RISCY-b,1,20,0.75,2,8,0
2522-RISCY-b-1-c20-u0.75-m2-p5-f0,2522,RISCY-b,1,20,0.75,2,5,0
2125-RISCY-b-1-c2-u0.9-m3-p2-f0,2125,RISCY-b,1,2,0.9,3,2,0
2462-RISCY-b-1-c5-u0.85-m3-p7-f1,2462,RISCY-b,1,5,0.85,3,7,1
2039-RISCY-b-1-c2-u0.75-m1-p4-f0,2039,RISCY-b,1,2,0.75,1,4,0
2315-RISCY-b-1-c5-u0.8-m3-p3-f0,2315,RISCY-b,1,5,0.8,3,3,0
2213-RISCY-b-1-c2-u0.85-m2-p2-f1,2213,RISCY-b,1,2,0.85,2,2,1
2279-RISCY-b-1-c5-u0.75-m1-p5-f0,2279,RISCY-b,1,5,0.75,1,5,0
2376-RISCY-b-1-c5-u0.7-m2-p1-f1,2376,RISCY-b,1,5,0.7,2,1,1
2051-RISCY-b-1-c2-u0.75-m2-p8-f0,2051,RISCY-b,1,2,0.75,2,8,0
2492-RISCY-b-1-c20-u0.7-m1-p7-f0,2492,RISCY-b,1,20,0.7,1,7,0
2550-RISCY-b-1-c20-u0.8-m3-p2-f0,2550,RISCY-b,1,20,0.8,3,2,0
2131-RISCY-b-1-c2-u0.9-m3-p8-f0,2131,RISCY-b,1,2,0.9,3,8,0
2140-RISCY-b-1-c2-u0.7-m2-p1-f1,2140,RISCY-b,1,2,0.7,2,1,1
2422-RISCY-b-1-c5-u0.8-m1-p7-f1,2422,RISCY-b,1,5,0.8,1,7,1
2126-RISCY-b-1-c2-u0.9-m3-p3-f0,2126,RISCY-b,1,2,0.9,3,3,0
2127-RISCY-b-1-c2-u0.9-m3-p4-f0,2127,RISCY-b,1,2,0.9,3,4,0
2310-RISCY-b-1-c5-u0.8-m2-p6-f0,2310,RISCY-b,1,5,0.8,2,6,0
2454-RISCY-b-1-c5-u0.85-m2-p7-f1,2454,RISCY-b,1,5,0.85,2,7,1
2209-RISCY-b-1-c2-u0.85-m1-p6-f1,2209,RISCY-b,1,2,0.85,1,6,1
2061-RISCY-b-1-c2-u0.8-m1-p2-f0,2061,RISCY-b,1,2,0.8,1,2,0
2452-RISCY-b-1-c5-u0.85-m2-p5-f1,2452,RISCY-b,1,5,0.85,2,5,1
2667-RISCY-b-1-c20-u0.85-m1-p2-f1,2667,RISCY-b,1,20,0.85,1,2,1
2437-RISCY-b-1-c5-u0.8-m3-p6-f1,2437,RISCY-b,1,5,0.8,3,6,1
2518-RISCY-b-1-c20-u0.75-m2-p1-f0,2518,RISCY-b,1,20,0.75,2,1,0
2663-RISCY-b-1-c20-u0.8-m3-p6-f1,2663,RISCY-b,1,20,0.8,3,6,1
2236-RISCY-b-1-c2-u0.9-m2-p1-f1,2236,RISCY-b,1,2,0.9,2,1,1
2173-RISCY-b-1-c2-u0.75-m3-p2-f1,2173,RISCY-b,1,2,0.75,3,2,1
2211-RISCY-b-1-c2-u0.85-m1-p8-f1,2211,RISCY-b,1,2,0.85,1,8,1
2057-RISCY-b-1-c2-u0.75-m3-p6-f0,2057,RISCY-b,1,2,0.75,3,6,0
2065-RISCY-b-1-c2-u0.8-m1-p6-f0,2065,RISCY-b,1,2,0.8,1,6,0
2205-RISCY-b-1-c2-u0.85-m1-p2-f1,2205,RISCY-b,1,2,0.85,1,2,1
2458-RISCY-b-1-c5-u0.85-m3-p3-f1,2458,RISCY-b,1,5,0.85,3,3,1
2207-RISCY-b-1-c2-u0.85-m1-p4-f1,2207,RISCY-b,1,2,0.85,1,4,1
2257-RISCY-b-1-c5-u0.7-m1-p6-f0,2257,RISCY-b,1,5,0.7,1,6,0
2035-RISCY-b-1-c2-u0.7-m3-p8-f0,2035,RISCY-b,1,2,0.7,3,8,0
2135-RISCY-b-1-c2-u0.7-m1-p4-f1,2135,RISCY-b,1,2,0.7,1,4,1
2368-RISCY-b-1-c5-u0.7-m1-p1-f1,2368,RISCY-b,1,5,0.7,1,1,1
2660-RISCY-b-1-c20-u0.8-m3-p3-f1,2660,RISCY-b,1,20,0.8,3,3,1
2024-RISCY-b-1-c2-u0.7-m2-p5-f0,2024,RISCY-b,1,2,0.7,2,5,0
2037-RISCY-b-1-c2-u0.75-m1-p2-f0,2037,RISCY-b,1,2,0.75,1,2,0
2027-RISCY-b-1-c2-u0.7-m2-p8-f0,2027,RISCY-b,1,2,0.7,2,8,0
2106-RISCY-b-1-c2-u0.85-m3-p7-f0,2106,RISCY-b,1,2,0.85,3,7,0
2459-RISCY-b-1-c5-u0.85-m3-p4-f1,2459,RISCY-b,1,5,0.85,3,4,1
2309-RISCY-b-1-c5-u0.8-m2-p5-f0,2309,RISCY-b,1,5,0.8,2,5,0
2549-RISCY-b-1-c20-u0.8-m3-p1-f0,2549,RISCY-b,1,20,0.8,3,1,0
2103-RISCY-b-1-c2-u0.85-m3-p4-f0,2103,RISCY-b,1,2,0.85,3,4,0
2647-RISCY-b-1-c20-u0.8-m1-p6-f1,2647,RISCY-b,1,20,0.8,1,6,1
2433-RISCY-b-1-c5-u0.8-m3-p2-f1,2433,RISCY-b,1,5,0.8,3,2,1
2160-RISCY-b-1-c2-u0.75-m1-p5-f1,2160,RISCY-b,1,2,0.75,1,5,1
2577-RISCY-b-1-c20-u0.9-m1-p5-f0,2577,RISCY-b,1,20,0.9,1,5,0
2451-RISCY-b-1-c5-u0.85-m2-p4-f1,2451,RISCY-b,1,5,0.85,2,4,1
2566-RISCY-b-1-c20-u0.85-m2-p2-f0,2566,RISCY-b,1,20,0.85,2,2,0
2134-RISCY-b-1-c2-u0.7-m1-p3-f1,2134,RISCY-b,1,2,0.7,1,3,1
2048-RISCY-b-1-c2-u0.75-m2-p5-f0,2048,RISCY-b,1,2,0.75,2,5,0
2493-RISCY-b-1-c20-u0.7-m1-p8-f0,2493,RISCY-b,1,20,0.7,1,8,0
2473-RISCY-b-1-c5-u0.9-m2-p3-f1,2473,RISCY-b,1,5,0.9,2,3,1
2228-RISCY-b-1-c2-u0.9-m1-p1-f1,2228,RISCY-b,1,2,0.9,1,1,1
2403-RISCY-b-1-c5-u0.75-m2-p4-f1,2403,RISCY-b,1,5,0.75,2,4,1
2506-RISCY-b-1-c20-u0.7-m3-p5-f0,2506,RISCY-b,1,20,0.7,3,5,0
2223-RISCY-b-1-c2-u0.85-m3-p4-f1,2223,RISCY-b,1,2,0.85,3,4,1
2387-RISCY-b-1-c5-u0.7-m3-p4-f1,2387,RISCY-b,1,5,0.7,3,4,1
2569-RISCY-b-1-c20-u0.85-m2-p5-f0,2569,RISCY-b,1,20,0.85,2,5,0
2583-RISCY-b-1-c20-u0.9-m2-p4-f0,2583,RISCY-b,1,20,0.9,2,4,0
2040-RISCY-b-1-c2-u0.75-m1-p5-f0,2040,RISCY-b,1,2,0.75,1,5,0
2548-RISCY-b-1-c20-u0.8-m2-p8-f0,2548,RISCY-b,1,20,0.8,2,8,0
2511-RISCY-b-1-c20-u0.75-m1-p2-f0,2511,RISCY-b,1,20,0.75,1,2,0
2389-RISCY-b-1-c5-u0.7-m3-p6-f1,2389,RISCY-b,1,5,0.7,3,6,1
2698-RISCY-b-1-c20-u0.9-m3-p6-f1,2698,RISCY-b,1,20,0.9,3,6,1
2351-RISCY-b-1-c5-u0.9-m1-p8-f0,2351,RISCY-b,1,5,0.9,1,8,0
2616-RISCY-b-1-c20-u0.7-m3-p7-f1,2616,RISCY-b,1,20,0.7,3,7,1
2276-RISCY-b-1-c5-u0.75-m1-p1-f0,2276,RISCY-b,1,5,0.75,1,1,0
2409-RISCY-b-1-c5-u0.75-m3-p2-f1,2409,RISCY-b,1,5,0.75,3,2,1
2507-RISCY-b-1-c20-u0.7-m3-p6-f0,2507,RISCY-b,1,20,0.7,3,6,0
2418-RISCY-b-1-c5-u0.8-m1-p3-f1,2418,RISCY-b,1,5,0.8,1,3,1
2463-RISCY-b-1-c5-u0.85-m3-p8-f1,2463,RISCY-b,1,5,0.85,3,8,1
2560-RISCY-b-1-c20-u0.85-m1-p4-f0,2560,RISCY-b,1,20,0.85,1,4,0
2174-RISCY-b-1-c2-u0.75-m3-p3-f1,2174,RISCY-b,1,2,0.75,3,3,1
2239-RISCY-b-1-c2-u0.9-m2-p4-f1,2239,RISCY-b,1,2,0.9,2,4,1
2183-RISCY-b-1-c2-u0.8-m1-p4-f1,2183,RISCY-b,1,2,0.8,1,4,1
2655-RISCY-b-1-c20-u0.8-m2-p6-f1,2655,RISCY-b,1,20,0.8,2,6,1
2435-RISCY-b-1-c5-u0.8-m3-p4-f1,2435,RISCY-b,1,5,0.8,3,4,1
2015-RISCY-b-1-c2-u0.7-m1-p4-f0,2015,RISCY-b,1,2,0.7,1,4,0
2096-RISCY-b-1-c2-u0.85-m2-p5-f0,2096,RISCY-b,1,2,0.85,2,5,0
2118-RISCY-b-1-c2-u0.9-m2-p3-f0,2118,RISCY-b,1,2,0.9,2,3,0
2631-RISCY-b-1-c20-u0.75-m2-p6-f1,2631,RISCY-b,1,20,0.75,2,6,1
2318-RISCY-b-1-c5-u0.8-m3-p6-f0,2318,RISCY-b,1,5,0.8,3,6,0
2599-RISCY-b-1-c20-u0.7-m1-p6-f1,2599,RISCY-b,1,20,0.7,1,6,1
2615-RISCY-b-1-c20-u0.7-m3-p6-f1,2615,RISCY-b,1,20,0.7,3,6,1
2262-RISCY-b-1-c5-u0.7-m2-p4-f0,2262,RISCY-b,1,5,0.7,2,4,0
2444-RISCY-b-1-c5-u0.85-m1-p5-f1,2444,RISCY-b,1,5,0.85,1,5,1
2285-RISCY-b-1-c5-u0.75-m2-p3-f0,2285,RISCY-b,1,5,0.75,2,3,0
2469-RISCY-b-1-c5-u0.9-m1-p7-f1,2469,RISCY-b,1,5,0.9,1,7,1
2653-RISCY-b-1-c20-u0.8-m2-p4-f1,2653,RISCY-b,1,20,0.8,2,4,1
2595-RISCY-b-1-c20-u0.7-m1-p2-f1,2595,RISCY-b,1,20,0.7,1,2,1
2245-RISCY-b-1-c2-u0.9-m3-p2-f1,2245,RISCY-b,1,2,0.9,3,2,1
2217-RISCY-b-1-c2-u0.85-m2-p6-f1,2217,RISCY-b,1,2,0.85,2,6,1
2617-RISCY-b-1-c20-u0.7-m3-p8-f1,2617,RISCY-b,1,20,0.7,3,8,1
2129-RISCY-b-1-c2-u0.9-m3-p6-f0,2129,RISCY-b,1,2,0.9,3,6,0
2563-RISCY-b-1-c20-u0.85-m1-p7-f0,2563,RISCY-b,1,20,0.85,1,7,0
2561-RISCY-b-1-c20-u0.85-m1-p5-f0,2561,RISCY-b,1,20,0.85,1,5,0
2602-RISCY-b-1-c20-u0.7-m2-p1-f1,2602,RISCY-b,1,20,0.7,2,1,1
2324-RISCY-b-1-c5-u0.85-m1-p4-f0,2324,RISCY-b,1,5,0.85,1,4,0
2648-RISCY-b-1-c20-u0.8-m1-p7-f1,2648,RISCY-b,1,20,0.8,1,7,1
2195-RISCY-b-1-c2-u0.8-m2-p8-f1,2195,RISCY-b,1,2,0.8,2,8,1
2270-RISCY-b-1-c5-u0.7-m3-p4-f0,2270,RISCY-b,1,5,0.7,3,4,0
2385-RISCY-b-1-c5-u0.7-m3-p2-f1,2385,RISCY-b,1,5,0.7,3,2,1
2278-RISCY-b-1-c5-u0.75-m1-p4-f0,2278,RISCY-b,1,5,0.75,1,4,0
2306-RISCY-b-1-c5-u0.8-m2-p2-f0,2306,RISCY-b,1,5,0.8,2,2,0
2613-RISCY-b-1-c20-u0.7-m3-p4-f1,2613,RISCY-b,1,20,0.7,3,4,1
2328-RISCY-b-1-c5-u0.85-m1-p8-f0,2328,RISCY-b,1,5,0.85,1,8,0
2222-RISCY-b-1-c2-u0.85-m3-p3-f1,2222,RISCY-b,1,2,0.85,3,3,1
2188-RISCY-b-1-c2-u0.8-m2-p1-f1,2188,RISCY-b,1,2,0.8,2,1,1
2241-RISCY-b-1-c2-u0.9-m2-p6-f1,2241,RISCY-b,1,2,0.9,2,6,1
2280-RISCY-b-1-c5-u0.75-m1-p6-f0,2280,RISCY-b,1,5,0.75,1,6,0
2370-RISCY-b-1-c5-u0.7-m1-p3-f1,2370,RISCY-b,1,5,0.7,1,3,1
2172-RISCY-b-1-c2-u0.75-m3-p1-f1,2172,RISCY-b,1,2,0.75,3,1,1
2197-RISCY-b-1-c2-u0.8-m3-p2-f1,2197,RISCY-b,1,2,0.8,3,2,1
2682-RISCY-b-1-c20-u0.9-m1-p1-f1,2682,RISCY-b,1,20,0.9,1,1,1
2486-RISCY-b-1-c5-u0.9-m3-p8-f1,2486,RISCY-b,1,5,0.9,3,8,1
2033-RISCY-b-1-c2-u0.7-m3-p6-f0,2033,RISCY-b,1,2,0.7,3,6,0
2099-RISCY-b-1-c2-u0.85-m2-p8-f0,2099,RISCY-b,1,2,0.85,2,8,0
2621-RISCY-b-1-c20-u0.75-m1-p4-f1,2621,RISCY-b,1,20,0.75,1,4,1
2142-RISCY-b-1-c2-u0.7-m2-p3-f1,2142,RISCY-b,1,2,0.7,2,3,1
2509-RISCY-b-1-c20-u0.7-m3-p8-f0,2509,RISCY-b,1,20,0.7,3,8,0
2254-RISCY-b-1-c5-u0.7-m1-p3-f0,2254,RISCY-b,1,5,0.7,1,3,0
2019-RISCY-b-1-c2-u0.7-m1-p8-f0,2019,RISCY-b,1,2,0.7,1,8,0
2303-RISCY-b-1-c5-u0.8-m1-p6-f0,2303,RISCY-b,1,5,0.8,1,6,0
2504-RISCY-b-1-c20-u0.7-m3-p3-f0,2504,RISCY-b,1,20,0.7,3,3,0
2020-RISCY-b-1-c2-u0.7-m2-p1-f0,2020,RISCY-b,1,2,0.7,2,1,0
2445-RISCY-b-1-c5-u0.85-m1-p6-f1,2445,RISCY-b,1,5,0.85,1,6,1
2259-RISCY-b-1-c5-u0.7-m1-p8-f0,2259,RISCY-b,1,5,0.7,1,8,0
2026-RISCY-b-1-c2-u0.7-m2-p7-f0,2026,RISCY-b,1,2,0.7,2,7,0
2491-RISCY-b-1-c20-u0.7-m1-p6-f0,2491,RISCY-b,1,20,0.7,1,6,0
2384-RISCY-b-1-c5-u0.7-m3-p1-f1,2384,RISCY-b,1,5,0.7,3,1,1
2455-RISCY-b-1-c5-u0.85-m2-p8-f1,2455,RISCY-b,1,5,0.85,2,8,1
2400-RISCY-b-1-c5-u0.75-m2-p1-f1,2400,RISCY-b,1,5,0.75,2,1,1
2159-RISCY-b-1-c2-u0.75-m1-p4-f1,2159,RISCY-b,1,2,0.75,1,4,1
2046-RISCY-b-1-c2-u0.75-m2-p3-f0,2046,RISCY-b,1,2,0.75,2,3,0
2411-RISCY-b-1-c5-u0.75-m3-p4-f1,2411,RISCY-b,1,5,0.75,3,4,1
2425-RISCY-b-1-c5-u0.8-m2-p2-f1,2425,RISCY-b,1,5,0.8,2,2,1
2290-RISCY-b-1-c5-u0.75-m2-p8-f0,2290,RISCY-b,1,5,0.75,2,8,0
2170-RISCY-b-1-c2-u0.75-m2-p7-f1,2170,RISCY-b,1,2,0.75,2,7,1
2016-RISCY-b-1-c2-u0.7-m1-p5-f0,2016,RISCY-b,1,2,0.7,1,5,0
2115-RISCY-b-1-c2-u0.9-m1-p8-f0,2115,RISCY-b,1,2,0.9,1,8,0
2229-RISCY-b-1-c2-u0.9-m1-p2-f1,2229,RISCY-b,1,2,0.9,1,2,1
2605-RISCY-b-1-c20-u0.7-m2-p4-f1,2605,RISCY-b,1,20,0.7,2,4,1
2293-RISCY-b-1-c5-u0.75-m3-p3-f0,2293,RISCY-b,1,5,0.75,3,3,0
2590-RISCY-b-1-c20-u0.9-m3-p5-f0,2590,RISCY-b,1,20,0.9,3,5,0
2551-RISCY-b-1-c20-u0.8-m3-p3-f0,2551,RISCY-b,1,20,0.8,3,3,0
2438-RISCY-b-1-c5-u0.8-m3-p7-f1,2438,RISCY-b,1,5,0.8,3,7,1
2575-RISCY-b-1-c20-u0.9-m1-p3-f0,2575,RISCY-b,1,20,0.9,1,3,0
2327-RISCY-b-1-c5-u0.85-m1-p7-f0,2327,RISCY-b,1,5,0.85,1,7,0
2649-RISCY-b-1-c20-u0.8-m1-p8-f1,2649,RISCY-b,1,20,0.8,1,8,1
2537-RISCY-b-1-c20-u0.8-m1-p4-f0,2537,RISCY-b,1,20,0.8,1,4,0
2629-RISCY-b-1-c20-u0.75-m2-p4-f1,2629,RISCY-b,1,20,0.75,2,4,1
2541-RISCY-b-1-c20-u0.8-m1-p8-f0,2541,RISCY-b,1,20,0.8,1,8,0
2073-RISCY-b-1-c2-u0.8-m2-p6-f0,2073,RISCY-b,1,2,0.8,2,6,0
2116-RISCY-b-1-c2-u0.9-m2-p1-f0,2116,RISCY-b,1,2,0.9,2,1,0
2095-RISCY-b-1-c2-u0.85-m2-p4-f0,2095,RISCY-b,1,2,0.85,2,4,0
2601-RISCY-b-1-c20-u0.7-m1-p8-f1,2601,RISCY-b,1,20,0.7,1,8,1
2456-RISCY-b-1-c5-u0.85-m3-p1-f1,2456,RISCY-b,1,5,0.85,3,1,1
2556-RISCY-b-1-c20-u0.8-m3-p8-f0,2556,RISCY-b,1,20,0.8,3,8,0
2531-RISCY-b-1-c20-u0.75-m3-p6-f0,2531,RISCY-b,1,20,0.75,3,6,0
2630-RISCY-b-1-c20-u0.75-m2-p5-f1,2630,RISCY-b,1,20,0.75,2,5,1
2079-RISCY-b-1-c2-u0.8-m3-p4-f0,2079,RISCY-b,1,2,0.8,3,4,0
2696-RISCY-b-1-c20-u0.9-m3-p4-f1,2696,RISCY-b,1,20,0.9,3,4,1
2028-RISCY-b-1-c2-u0.7-m3-p1-f0,2028,RISCY-b,1,2,0.7,3,1,0
2692-RISCY-b-1-c20-u0.9-m2-p5-f1,2692,RISCY-b,1,20,0.9,2,5,1
2489-RISCY-b-1-c20-u0.7-m1-p4-f0,2489,RISCY-b,1,20,0.7,1,4,0
2251-RISCY-b-1-c2-u0.9-m3-p8-f1,2251,RISCY-b,1,2,0.9,3,8,1
2393-RISCY-b-1-c5-u0.75-m1-p2-f1,2393,RISCY-b,1,5,0.75,1,2,1
2148-RISCY-b-1-c2-u0.7-m3-p1-f1,2148,RISCY-b,1,2,0.7,3,1,1
2077-RISCY-b-1-c2-u0.8-m3-p2-f0,2077,RISCY-b,1,2,0.8,3,2,0
2651-RISCY-b-1-c20-u0.8-m2-p2-f1,2651,RISCY-b,1,20,0.8,2,2,1
2258-RISCY-b-1-c5-u0.7-m1-p7-f0,2258,RISCY-b,1,5,0.7,1,7,0
2231-RISCY-b-1-c2-u0.9-m1-p4-f1,2231,RISCY-b,1,2,0.9,1,4,1
2564-RISCY-b-1-c20-u0.85-m1-p8-f0,2564,RISCY-b,1,20,0.85,1,8,0
2147-RISCY-b-1-c2-u0.7-m2-p8-f1,2147,RISCY-b,1,2,0.7,2,8,1
2591-RISCY-b-1-c20-u0.9-m3-p6-f0,2591,RISCY-b,1,20,0.9,3,6,0
2612-RISCY-b-1-c20-u0.7-m3-p3-f1,2612,RISCY-b,1,20,0.7,3,3,1
2066-RISCY-b-1-c2-u0.8-m1-p7-f0,2066,RISCY-b,1,2,0.8,1,7,0
2636-RISCY-b-1-c20-u0.75-m3-p3-f1,2636,RISCY-b,1,20,0.75,3,3,1
2693-RISCY-b-1-c20-u0.9-m2-p7-f1,2693,RISCY-b,1,20,0.9,2,7,1
2675-RISCY-b-1-c20-u0.85-m2-p2-f1,2675,RISCY-b,1,20,0.85,2,2,1
2349-RISCY-b-1-c5-u0.9-m1-p6-f0,2349,RISCY-b,1,5,0.9,1,6,0
2468-RISCY-b-1-c5-u0.9-m1-p5-f1,2468,RISCY-b,1,5,0.9,1,5,1
2410-RISCY-b-1-c5-u0.75-m3-p3-f1,2410,RISCY-b,1,5,0.75,3,3,1
2470-RISCY-b-1-c5-u0.9-m1-p8-f1,2470,RISCY-b,1,5,0.9,1,8,1
2289-RISCY-b-1-c5-u0.75-m2-p7-f0,2289,RISCY-b,1,5,0.75,2,7,0
2098-RISCY-b-1-c2-u0.85-m2-p7-f0,2098,RISCY-b,1,2,0.85,2,7,0
2264-RISCY-b-1-c5-u0.7-m2-p6-f0,2264,RISCY-b,1,5,0.7,2,6,0
2300-RISCY-b-1-c5-u0.8-m1-p3-f0,2300,RISCY-b,1,5,0.8,1,3,0
2120-RISCY-b-1-c2-u0.9-m2-p5-f0,2120,RISCY-b,1,2,0.9,2,5,0
2329-RISCY-b-1-c5-u0.85-m2-p2-f0,2329,RISCY-b,1,5,0.85,2,2,0
2123-RISCY-b-1-c2-u0.9-m2-p8-f0,2123,RISCY-b,1,2,0.9,2,8,0
2198-RISCY-b-1-c2-u0.8-m3-p3-f1,2198,RISCY-b,1,2,0.8,3,3,1
2286-RISCY-b-1-c5-u0.75-m2-p4-f0,2286,RISCY-b,1,5,0.75,2,4,0
2427-RISCY-b-1-c5-u0.8-m2-p4-f1,2427,RISCY-b,1,5,0.8,2,4,1
2467-RISCY-b-1-c5-u0.9-m1-p4-f1,2467,RISCY-b,1,5,0.9,1,4,1
2688-RISCY-b-1-c20-u0.9-m1-p7-f1,2688,RISCY-b,1,20,0.9,1,7,1
2448-RISCY-b-1-c5-u0.85-m2-p1-f1,2448,RISCY-b,1,5,0.85,2,1,1
2476-RISCY-b-1-c5-u0.9-m2-p6-f1,2476,RISCY-b,1,5,0.9,2,6,1
2674-RISCY-b-1-c20-u0.85-m2-p1-f1,2674,RISCY-b,1,20,0.85,2,1,1
2424-RISCY-b-1-c5-u0.8-m2-p1-f1,2424,RISCY-b,1,5,0.8,2,1,1
2064-RISCY-b-1-c2-u0.8-m1-p5-f0,2064,RISCY-b,1,2,0.8,1,5,0
2200-RISCY-b-1-c2-u0.8-m3-p5-f1,2200,RISCY-b,1,2,0.8,3,5,1
2282-RISCY-b-1-c5-u0.75-m1-p8-f0,2282,RISCY-b,1,5,0.75,1,8,0
2102-RISCY-b-1-c2-u0.85-m3-p3-f0,2102,RISCY-b,1,2,0.85,3,3,0
2166-RISCY-b-1-c2-u0.75-m2-p3-f1,2166,RISCY-b,1,2,0.75,2,3,1
2593-RISCY-b-1-c20-u0.9-m3-p8-f0,2593,RISCY-b,1,20,0.9,3,8,0
2322-RISCY-b-1-c5-u0.85-m1-p1-f0,2322,RISCY-b,1,5,0.85,1,1,0
2369-RISCY-b-1-c5-u0.7-m1-p2-f1,2369,RISCY-b,1,5,0.7,1,2,1
2553-RISCY-b-1-c20-u0.8-m3-p5-f0,2553,RISCY-b,1,20,0.8,3,5,0
2375-RISCY-b-1-c5-u0.7-m1-p8-f1,2375,RISCY-b,1,5,0.7,1,8,1
2457-RISCY-b-1-c5-u0.85-m3-p2-f1,2457,RISCY-b,1,5,0.85,3,2,1
2225-RISCY-b-1-c2-u0.85-m3-p6-f1,2225,RISCY-b,1,2,0.85,3,6,1
2237-RISCY-b-1-c2-u0.9-m2-p2-f1,2237,RISCY-b,1,2,0.9,2,2,1
2637-RISCY-b-1-c20-u0.75-m3-p4-f1,2637,RISCY-b,1,20,0.75,3,4,1
2685-RISCY-b-1-c20-u0.9-m1-p4-f1,2685,RISCY-b,1,20,0.9,1,4,1
2392-RISCY-b-1-c5-u0.75-m1-p1-f1,2392,RISCY-b,1,5,0.75,1,1,1
2398-RISCY-b-1-c5-u0.75-m1-p7-f1,2398,RISCY-b,1,5,0.75,1,7,1
2694-RISCY-b-1-c20-u0.9-m3-p1-f1,2694,RISCY-b,1,20,0.9,3,1,1
2268-RISCY-b-1-c5-u0.7-m3-p1-f0,2268,RISCY-b,1,5,0.7,3,1,0
2097-RISCY-b-1-c2-u0.85-m2-p6-f0,2097,RISCY-b,1,2,0.85,2,6,0
2355-RISCY-b-1-c5-u0.9-m2-p4-f0,2355,RISCY-b,1,5,0.9,2,4,0
2137-RISCY-b-1-c2-u0.7-m1-p6-f1,2137,RISCY-b,1,2,0.7,1,6,1
2215-RISCY-b-1-c2-u0.85-m2-p4-f1,2215,RISCY-b,1,2,0.85,2,4,1
2639-RISCY-b-1-c20-u0.75-m3-p6-f1,2639,RISCY-b,1,20,0.75,3,6,1
2514-RISCY-b-1-c20-u0.75-m1-p5-f0,2514,RISCY-b,1,20,0.75,1,5,0
2498-RISCY-b-1-c20-u0.7-m2-p5-f0,2498,RISCY-b,1,20,0.7,2,5,0
2395-RISCY-b-1-c5-u0.75-m1-p4-f1,2395,RISCY-b,1,5,0.75,1,4,1
2510-RISCY-b-1-c20-u0.75-m1-p1-f0,2510,RISCY-b,1,20,0.75,1,1,0
2443-RISCY-b-1-c5-u0.85-m1-p4-f1,2443,RISCY-b,1,5,0.85,1,4,1
2656-RISCY-b-1-c20-u0.8-m2-p7-f1,2656,RISCY-b,1,20,0.8,2,7,1
2431-RISCY-b-1-c5-u0.8-m2-p8-f1,2431,RISCY-b,1,5,0.8,2,8,1
2185-RISCY-b-1-c2-u0.8-m1-p6-f1,2185,RISCY-b,1,2,0.8,1,6,1
2559-RISCY-b-1-c20-u0.85-m1-p3-f0,2559,RISCY-b,1,20,0.85,1,3,0
2017-RISCY-b-1-c2-u0.7-m1-p6-f0,2017,RISCY-b,1,2,0.7,1,6,0
2296-RISCY-b-1-c5-u0.75-m3-p6-f0,2296,RISCY-b,1,5,0.75,3,6,0
2049-RISCY-b-1-c2-u0.75-m2-p6-f0,2049,RISCY-b,1,2,0.75,2,6,0
2611-RISCY-b-1-c20-u0.7-m3-p2-f1,2611,RISCY-b,1,20,0.7,3,2,1
2413-RISCY-b-1-c5-u0.75-m3-p6-f1,2413,RISCY-b,1,5,0.75,3,6,1
2372-RISCY-b-1-c5-u0.7-m1-p5-f1,2372,RISCY-b,1,5,0.7,1,5,1
2347-RISCY-b-1-c5-u0.9-m1-p4-f0,2347,RISCY-b,1,5,0.9,1,4,0
2394-RISCY-b-1-c5-u0.75-m1-p3-f1,2394,RISCY-b,1,5,0.75,1,3,1
2189-RISCY-b-1-c2-u0.8-m2-p2-f1,2189,RISCY-b,1,2,0.8,2,2,1
2587-RISCY-b-1-c20-u0.9-m3-p1-f0,2587,RISCY-b,1,20,0.9,3,1,0
2216-RISCY-b-1-c2-u0.85-m2-p5-f1,2216,RISCY-b,1,2,0.85,2,5,1
2208-RISCY-b-1-c2-u0.85-m1-p5-f1,2208,RISCY-b,1,2,0.85,1,5,1
2635-RISCY-b-1-c20-u0.75-m3-p2-f1,2635,RISCY-b,1,20,0.75,3,2,1
2178-RISCY-b-1-c2-u0.75-m3-p7-f1,2178,RISCY-b,1,2,0.75,3,7,1
2114-RISCY-b-1-c2-u0.9-m1-p7-f0,2114,RISCY-b,1,2,0.9,1,7,0
2204-RISCY-b-1-c2-u0.85-m1-p1-f1,2204,RISCY-b,1,2,0.85,1,1,1
2341-RISCY-b-1-c5-u0.85-m3-p6-f0,2341,RISCY-b,1,5,0.85,3,6,0
2401-RISCY-b-1-c5-u0.75-m2-p2-f1,2401,RISCY-b,1,5,0.75,2,2,1
2567-RISCY-b-1-c20-u0.85-m2-p3-f0,2567,RISCY-b,1,20,0.85,2,3,0
2695-RISCY-b-1-c20-u0.9-m3-p2-f1,2695,RISCY-b,1,20,0.9,3,2,1
2640-RISCY-b-1-c20-u0.75-m3-p7-f1,2640,RISCY-b,1,20,0.75,3,7,1
2429-RISCY-b-1-c5-u0.8-m2-p6-f1,2429,RISCY-b,1,5,0.8,2,6,1
2034-RISCY-b-1-c2-u0.7-m3-p7-f0,2034,RISCY-b,1,2,0.7,3,7,0
2194-RISCY-b-1-c2-u0.8-m2-p7-f1,2194,RISCY-b,1,2,0.8,2,7,1
2266-RISCY-b-1-c5-u0.7-m2-p8-f0,2266,RISCY-b,1,5,0.7,2,8,0
2420-RISCY-b-1-c5-u0.8-m1-p5-f1,2420,RISCY-b,1,5,0.8,1,5,1
2380-RISCY-b-1-c5-u0.7-m2-p5-f1,2380,RISCY-b,1,5,0.7,2,5,1
2581-RISCY-b-1-c20-u0.9-m2-p2-f0,2581,RISCY-b,1,20,0.9,2,2,0
2390-RISCY-b-1-c5-u0.7-m3-p7-f1,2390,RISCY-b,1,5,0.7,3,7,1
2152-RISCY-b-1-c2-u0.7-m3-p5-f1,2152,RISCY-b,1,2,0.7,3,5,1
2265-RISCY-b-1-c5-u0.7-m2-p7-f0,2265,RISCY-b,1,5,0.7,2,7,0
2180-RISCY-b-1-c2-u0.8-m1-p1-f1,2180,RISCY-b,1,2,0.8,1,1,1
2554-RISCY-b-1-c20-u0.8-m3-p6-f0,2554,RISCY-b,1,20,0.8,3,6,0
2111-RISCY-b-1-c2-u0.9-m1-p4-f0,2111,RISCY-b,1,2,0.9,1,4,0
2523-RISCY-b-1-c20-u0.75-m2-p6-f0,2523,RISCY-b,1,20,0.75,2,6,0
2070-RISCY-b-1-c2-u0.8-m2-p3-f0,2070,RISCY-b,1,2,0.8,2,3,0
2053-RISCY-b-1-c2-u0.75-m3-p2-f0,2053,RISCY-b,1,2,0.75,3,2,0
2683-RISCY-b-1-c20-u0.9-m1-p2-f1,2683,RISCY-b,1,20,0.9,1,2,1
2304-RISCY-b-1-c5-u0.8-m1-p7-f0,2304,RISCY-b,1,5,0.8,1,7,0
2203-RISCY-b-1-c2-u0.8-m3-p8-f1,2203,RISCY-b,1,2,0.8,3,8,1
2600-RISCY-b-1-c20-u0.7-m1-p7-f1,2600,RISCY-b,1,20,0.7,1,7,1
2700-RISCY-b-1-c20-u0.9-m3-p8-f1,2700,RISCY-b,1,20,0.9,3,8,1
2133-RISCY-b-1-c2-u0.7-m1-p2-f1,2133,RISCY-b,1,2,0.7,1,2,1
2453-RISCY-b-1-c5-u0.85-m2-p6-f1,2453,RISCY-b,1,5,0.85,2,6,1
2177-RISCY-b-1-c2-u0.75-m3-p6-f1,2177,RISCY-b,1,2,0.75,3,6,1
2521-RISCY-b-1-c20-u0.75-m2-p4-f0,2521,RISCY-b,1,20,0.75,2,4,0
2497-RISCY-b-1-c20-u0.7-m2-p4-f0,2497,RISCY-b,1,20,0.7,2,4,0
2415-RISCY-b-1-c5-u0.75-m3-p8-f1,2415,RISCY-b,1,5,0.75,3,8,1
2090-RISCY-b-1-c2-u0.85-m1-p7-f0,2090,RISCY-b,1,2,0.85,1,7,0
2220-RISCY-b-1-c2-u0.85-m3-p1-f1,2220,RISCY-b,1,2,0.85,3,1,1
2536-RISCY-b-1-c20-u0.8-m1-p3-f0,2536,RISCY-b,1,20,0.8,1,3,0
2067-RISCY-b-1-c2-u0.8-m1-p8-f0,2067,RISCY-b,1,2,0.8,1,8,0
2068-RISCY-b-1-c2-u0.8-m2-p1-f0,2068,RISCY-b,1,2,0.8,2,1,0
2181-RISCY-b-1-c2-u0.8-m1-p2-f1,2181,RISCY-b,1,2,0.8,1,2,1
2624-RISCY-b-1-c20-u0.75-m1-p7-f1,2624,RISCY-b,1,20,0.75,1,7,1
2319-RISCY-b-1-c5-u0.8-m3-p7-f0,2319,RISCY-b,1,5,0.8,3,7,0
2365-RISCY-b-1-c5-u0.9-m3-p6-f0,2365,RISCY-b,1,5,0.9,3,6,0
2244-RISCY-b-1-c2-u0.9-m3-p1-f1,2244,RISCY-b,1,2,0.9,3,1,1
2477-RISCY-b-1-c5-u0.9-m2-p7-f1,2477,RISCY-b,1,5,0.9,2,7,1
2045-RISCY-b-1-c2-u0.75-m2-p2-f0,2045,RISCY-b,1,2,0.75,2,2,0
2179-RISCY-b-1-c2-u0.75-m3-p8-f1,2179,RISCY-b,1,2,0.75,3,8,1
2153-RISCY-b-1-c2-u0.7-m3-p6-f1,2153,RISCY-b,1,2,0.7,3,6,1
2121-RISCY-b-1-c2-u0.9-m2-p6-f0,2121,RISCY-b,1,2,0.9,2,6,0
2488-RISCY-b-1-c20-u0.7-m1-p2-f0,2488,RISCY-b,1,20,0.7,1,2,0
2363-RISCY-b-1-c5-u0.9-m3-p4-f0,2363,RISCY-b,1,5,0.9,3,4,0
2078-RISCY-b-1-c2-u0.8-m3-p3-f0,2078,RISCY-b,1,2,0.8,3,3,0
2149-RISCY-b-1-c2-u0.7-m3-p2-f1,2149,RISCY-b,1,2,0.7,3,2,1
2163-RISCY-b-1-c2-u0.75-m1-p8-f1,2163,RISCY-b,1,2,0.75,1,8,1
2224-RISCY-b-1-c2-u0.85-m3-p5-f1,2224,RISCY-b,1,2,0.85,3,5,1
2512-RISCY-b-1-c20-u0.75-m1-p3-f0,2512,RISCY-b,1,20,0.75,1,3,0
2202-RISCY-b-1-c2-u0.8-m3-p7-f1,2202,RISCY-b,1,2,0.8,3,7,1
2689-RISCY-b-1-c20-u0.9-m2-p1-f1,2689,RISCY-b,1,20,0.9,2,1,1
2128-RISCY-b-1-c2-u0.9-m3-p5-f0,2128,RISCY-b,1,2,0.9,3,5,0
2075-RISCY-b-1-c2-u0.8-m2-p8-f0,2075,RISCY-b,1,2,0.8,2,8,0
2353-RISCY-b-1-c5-u0.9-m2-p2-f0,2353,RISCY-b,1,5,0.9,2,2,0
2643-RISCY-b-1-c20-u0.8-m1-p2-f1,2643,RISCY-b,1,20,0.8,1,2,1
2271-RISCY-b-1-c5-u0.7-m3-p5-f0,2271,RISCY-b,1,5,0.7,3,5,0
2083-RISCY-b-1-c2-u0.8-m3-p8-f0,2083,RISCY-b,1,2,0.8,3,8,0
2132-RISCY-b-1-c2-u0.7-m1-p1-f1,2132,RISCY-b,1,2,0.7,1,1,1
2130-RISCY-b-1-c2-u0.9-m3-p7-f0,2130,RISCY-b,1,2,0.9,3,7,0
2487-RISCY-b-1-c20-u0.7-m1-p1-f0,2487,RISCY-b,1,20,0.7,1,1,0
2465-RISCY-b-1-c5-u0.9-m1-p2-f1,2465,RISCY-b,1,5,0.9,1,2,1
2184-RISCY-b-1-c2-u0.8-m1-p5-f1,2184,RISCY-b,1,2,0.8,1,5,1
2406-RISCY-b-1-c5-u0.75-m2-p7-f1,2406,RISCY-b,1,5,0.75,2,7,1
2182-RISCY-b-1-c2-u0.8-m1-p3-f1,2182,RISCY-b,1,2,0.8,1,3,1
2681-RISCY-b-1-c20-u0.85-m2-p8-f1,2681,RISCY-b,1,20,0.85,2,8,1
2284-RISCY-b-1-c5-u0.75-m2-p2-f0,2284,RISCY-b,1,5,0.75,2,2,0
2043-RISCY-b-1-c2-u0.75-m1-p8-f0,2043,RISCY-b,1,2,0.75,1,8,0
2367-RISCY-b-1-c5-u0.9-m3-p8-f0,2367,RISCY-b,1,5,0.9,3,8,0
2533-RISCY-b-1-c20-u0.75-m3-p8-f0,2533,RISCY-b,1,20,0.75,3,8,0
2687-RISCY-b-1-c20-u0.9-m1-p6-f1,2687,RISCY-b,1,20,0.9,1,6,1
2538-RISCY-b-1-c20-u0.8-m1-p5-f0,2538,RISCY-b,1,20,0.8,1,5,0
2167-RISCY-b-1-c2-u0.75-m2-p4-f1,2167,RISCY-b,1,2,0.75,2,4,1
2565-RISCY-b-1-c20-u0.85-m2-p1-f0,2565,RISCY-b,1,20,0.85,2,1,0
2110-RISCY-b-1-c2-u0.9-m1-p3-f0,2110,RISCY-b,1,2,0.9,1,3,0
2294-RISCY-b-1-c5-u0.75-m3-p4-f0,2294,RISCY-b,1,5,0.75,3,4,0
2481-RISCY-b-1-c5-u0.9-m3-p3-f1,2481,RISCY-b,1,5,0.9,3,3,1
2339-RISCY-b-1-c5-u0.85-m3-p4-f0,2339,RISCY-b,1,5,0.85,3,4,0
2201-RISCY-b-1-c2-u0.8-m3-p6-f1,2201,RISCY-b,1,2,0.8,3,6,1
2340-RISCY-b-1-c5-u0.85-m3-p5-f0,2340,RISCY-b,1,5,0.85,3,5,0
2032-RISCY-b-1-c2-u0.7-m3-p5-f0,2032,RISCY-b,1,2,0.7,3,5,0
2570-RISCY-b-1-c20-u0.85-m2-p6-f0,2570,RISCY-b,1,20,0.85,2,6,0
2156-RISCY-b-1-c2-u0.75-m1-p1-f1,2156,RISCY-b,1,2,0.75,1,1,1
2421-RISCY-b-1-c5-u0.8-m1-p6-f1,2421,RISCY-b,1,5,0.8,1,6,1
2524-RISCY-b-1-c20-u0.75-m2-p7-f0,2524,RISCY-b,1,20,0.75,2,7,0
2428-RISCY-b-1-c5-u0.8-m2-p5-f1,2428,RISCY-b,1,5,0.8,2,5,1
2157-RISCY-b-1-c2-u0.75-m1-p2-f1,2157,RISCY-b,1,2,0.75,1,2,1
2479-RISCY-b-1-c5-u0.9-m3-p1-f1,2479,RISCY-b,1,5,0.9,3,1,1
2199-RISCY-b-1-c2-u0.8-m3-p4-f1,2199,RISCY-b,1,2,0.8,3,4,1
2607-RISCY-b-1-c20-u0.7-m2-p6-f1,2607,RISCY-b,1,20,0.7,2,6,1
2190-RISCY-b-1-c2-u0.8-m2-p3-f1,2190,RISCY-b,1,2,0.8,2,3,1
2117-RISCY-b-1-c2-u0.9-m2-p2-f0,2117,RISCY-b,1,2,0.9,2,2,0
2627-RISCY-b-1-c20-u0.75-m2-p2-f1,2627,RISCY-b,1,20,0.75,2,2,1
2478-RISCY-b-1-c5-u0.9-m2-p8-f1,2478,RISCY-b,1,5,0.9,2,8,1
2450-RISCY-b-1-c5-u0.85-m2-p3-f1,2450,RISCY-b,1,5,0.85,2,3,1
2677-RISCY-b-1-c20-u0.85-m2-p4-f1,2677,RISCY-b,1,20,0.85,2,4,1
2186-RISCY-b-1-c2-u0.8-m1-p7-f1,2186,RISCY-b,1,2,0.8,1,7,1
2604-RISCY-b-1-c20-u0.7-m2-p3-f1,2604,RISCY-b,1,20,0.7,2,3,1
2101-RISCY-b-1-c2-u0.85-m3-p2-f0,2101,RISCY-b,1,2,0.85,3,2,0
2031-RISCY-b-1-c2-u0.7-m3-p4-f0,2031,RISCY-b,1,2,0.7,3,4,0
2608-RISCY-b-1-c20-u0.7-m2-p7-f1,2608,RISCY-b,1,20,0.7,2,7,1
2092-RISCY-b-1-c2-u0.85-m2-p1-f0,2092,RISCY-b,1,2,0.85,2,1,0
2210-RISCY-b-1-c2-u0.85-m1-p7-f1,2210,RISCY-b,1,2,0.85,1,7,1
2091-RISCY-b-1-c2-u0.85-m1-p8-f0,2091,RISCY-b,1,2,0.85,1,8,0
2305-RISCY-b-1-c5-u0.8-m1-p8-f0,2305,RISCY-b,1,5,0.8,1,8,0
2662-RISCY-b-1-c20-u0.8-m3-p5-f1,2662,RISCY-b,1,20,0.8,3,5,1
2240-RISCY-b-1-c2-u0.9-m2-p5-f1,2240,RISCY-b,1,2,0.9,2,5,1
2379-RISCY-b-1-c5-u0.7-m2-p4-f1,2379,RISCY-b,1,5,0.7,2,4,1
2235-RISCY-b-1-c2-u0.9-m1-p8-f1,2235,RISCY-b,1,2,0.9,1,8,1
2214-RISCY-b-1-c2-u0.85-m2-p3-f1,2214,RISCY-b,1,2,0.85,2,3,1
2018-RISCY-b-1-c2-u0.7-m1-p7-f0,2018,RISCY-b,1,2,0.7,1,7,0
2176-RISCY-b-1-c2-u0.75-m3-p5-f1,2176,RISCY-b,1,2,0.75,3,5,1
2088-RISCY-b-1-c2-u0.85-m1-p5-f0,2088,RISCY-b,1,2,0.85,1,5,0
2151-RISCY-b-1-c2-u0.7-m3-p4-f1,2151,RISCY-b,1,2,0.7,3,4,1
2119-RISCY-b-1-c2-u0.9-m2-p4-f0,2119,RISCY-b,1,2,0.9,2,4,0
2059-RISCY-b-1-c2-u0.75-m3-p8-f0,2059,RISCY-b,1,2,0.75,3,8,0
2021-RISCY-b-1-c2-u0.7-m2-p2-f0,2021,RISCY-b,1,2,0.7,2,2,0
2446-RISCY-b-1-c5-u0.85-m1-p7-f1,2446,RISCY-b,1,5,0.85,1,7,1
2071-RISCY-b-1-c2-u0.8-m2-p4-f0,2071,RISCY-b,1,2,0.8,2,4,0
2513-RISCY-b-1-c20-u0.75-m1-p4-f0,2513,RISCY-b,1,20,0.75,1,4,0
2356-RISCY-b-1-c5-u0.9-m2-p5-f0,2356,RISCY-b,1,5,0.9,2,5,0
2054-RISCY-b-1-c2-u0.75-m3-p3-f0,2054,RISCY-b,1,2,0.75,3,3,0
2326-RISCY-b-1-c5-u0.85-m1-p6-f0,2326,RISCY-b,1,5,0.85,1,6,0
2316-RISCY-b-1-c5-u0.8-m3-p4-f0,2316,RISCY-b,1,5,0.8,3,4,0
2218-RISCY-b-1-c2-u0.85-m2-p7-f1,2218,RISCY-b,1,2,0.85,2,7,1
2155-RISCY-b-1-c2-u0.7-m3-p8-f1,2155,RISCY-b,1,2,0.7,3,8,1
2242-RISCY-b-1-c2-u0.9-m2-p7-f1,2242,RISCY-b,1,2,0.9,2,7,1
2350-RISCY-b-1-c5-u0.9-m1-p7-f0,2350,RISCY-b,1,5,0.9,1,7,0
2124-RISCY-b-1-c2-u0.9-m3-p1-f0,2124,RISCY-b,1,2,0.9,3,1,0
2652-RISCY-b-1-c20-u0.8-m2-p3-f1,2652,RISCY-b,1,20,0.8,2,3,1
2547-RISCY-b-1-c20-u0.8-m2-p7-f0,2547,RISCY-b,1,20,0.8,2,7,0
2558-RISCY-b-1-c20-u0.85-m1-p2-f0,2558,RISCY-b,1,20,0.85,1,2,0
2250-RISCY-b-1-c2-u0.9-m3-p7-f1,2250,RISCY-b,1,2,0.9,3,7,1
2671-RISCY-b-1-c20-u0.85-m1-p6-f1,2671,RISCY-b,1,20,0.85,1,6,1
2354-RISCY-b-1-c5-u0.9-m2-p3-f0,2354,RISCY-b,1,5,0.9,2,3,0
2249-RISCY-b-1-c2-u0.9-m3-p6-f1,2249,RISCY-b,1,2,0.9,3,6,1
2386-RISCY-b-1-c5-u0.7-m3-p3-f1,2386,RISCY-b,1,5,0.7,3,3,1
2145-RISCY-b-1-c2-u0.7-m2-p6-f1,2145,RISCY-b,1,2,0.7,2,6,1
2050-RISCY-b-1-c2-u0.75-m2-p7-f0,2050,RISCY-b,1,2,0.75,2,7,0
5107-RISCY-FPU-a-2-c20-u0.7-m1-p2-f1,5107,RISCY-FPU-a,2,20,0.7,1,2,1
4951-RISCY-FPU-a-2-c5-u0.75-m2-p8-f1,4951,RISCY-FPU-a,2,5,0.75,2,8,1
4871-RISCY-FPU-a-2-c5-u0.8-m1-p4-f0,4871,RISCY-FPU-a,2,5,0.8,1,4,0
4876-RISCY-FPU-a-2-c5-u0.8-m2-p4-f0,4876,RISCY-FPU-a,2,5,0.8,2,4,0
5166-RISCY-FPU-a-2-c20-u0.8-m2-p6-f1,5166,RISCY-FPU-a,2,20,0.8,2,6,1
5092-RISCY-FPU-a-2-c20-u0.8-m3-p8-f0,5092,RISCY-FPU-a,2,20,0.8,3,8,0
5018-RISCY-FPU-a-2-c5-u0.9-m2-p5-f1,5018,RISCY-FPU-a,2,5,0.9,2,5,1
5027-RISCY-FPU-a-2-c5-u0.9-m3-p7-f1,5027,RISCY-FPU-a,2,5,0.9,3,7,1
5055-RISCY-FPU-a-2-c20-u0.75-m1-p8-f0,5055,RISCY-FPU-a,2,20,0.75,1,8,0
4900-RISCY-FPU-a-2-c5-u0.85-m3-p4-f0,4900,RISCY-FPU-a,2,5,0.85,3,4,0
4812-RISCY-FPU-a-2-c2-u0.9-m3-p1-f1,4812,RISCY-FPU-a,2,2,0.9,3,1,1
4985-RISCY-FPU-a-2-c5-u0.85-m1-p3-f1,4985,RISCY-FPU-a,2,5,0.85,1,3,1
5136-RISCY-FPU-a-2-c20-u0.75-m1-p7-f1,5136,RISCY-FPU-a,2,20,0.75,1,7,1
4668-RISCY-FPU-a-2-c2-u0.8-m1-p5-f0,4668,RISCY-FPU-a,2,2,0.8,1,5,0
5184-RISCY-FPU-a-2-c20-u0.85-m2-p3-f1,5184,RISCY-FPU-a,2,20,0.85,2,3,1
5082-RISCY-FPU-a-2-c20-u0.8-m2-p5-f0,5082,RISCY-FPU-a,2,20,0.8,2,5,0
5002-RISCY-FPU-a-2-c5-u0.85-m3-p4-f1,5002,RISCY-FPU-a,2,5,0.85,3,4,1
5213-RISCY-FPU-a-2-c20-u0.9-m3-p7-f1,5213,RISCY-FPU-a,2,20,0.9,3,7,1
4874-RISCY-FPU-a-2-c5-u0.8-m2-p1-f0,4874,RISCY-FPU-a,2,5,0.8,2,1,0
5023-RISCY-FPU-a-2-c5-u0.9-m3-p3-f1,5023,RISCY-FPU-a,2,5,0.9,3,3,1
5064-RISCY-FPU-a-2-c20-u0.75-m3-p2-f0,5064,RISCY-FPU-a,2,20,0.75,3,2,0
4861-RISCY-FPU-a-2-c5-u0.75-m3-p5-f0,4861,RISCY-FPU-a,2,5,0.75,3,5,0
4679-RISCY-FPU-a-2-c2-u0.8-m3-p7-f0,4679,RISCY-FPU-a,2,2,0.8,3,7,0
5185-RISCY-FPU-a-2-c20-u0.85-m2-p4-f1,5185,RISCY-FPU-a,2,20,0.85,2,4,1
4942-RISCY-FPU-a-2-c5-u0.75-m1-p6-f1,4942,RISCY-FPU-a,2,5,0.75,1,6,1
4663-RISCY-FPU-a-2-c2-u0.75-m4-p6-f0,4663,RISCY-FPU-a,2,2,0.75,4,6,0
4817-RISCY-FPU-a-2-c2-u0.9-m3-p6-f1,4817,RISCY-FPU-a,2,2,0.9,3,6,1
5058-RISCY-FPU-a-2-c20-u0.75-m2-p3-f0,5058,RISCY-FPU-a,2,20,0.75,2,3,0
4683-RISCY-FPU-a-2-c2-u0.8-m4-p3-f0,4683,RISCY-FPU-a,2,2,0.8,4,3,0
5203-RISCY-FPU-a-2-c20-u0.9-m2-p3-f1,5203,RISCY-FPU-a,2,20,0.9,2,3,1
4910-RISCY-FPU-a-2-c5-u0.85-m4-p6-f0,4910,RISCY-FPU-a,2,5,0.85,4,6,0
4697-RISCY-FPU-a-2-c2-u0.85-m4-p5-f0,4697,RISCY-FPU-a,2,2,0.85,4,5,0
5204-RISCY-FPU-a-2-c20-u0.9-m2-p4-f1,5204,RISCY-FPU-a,2,20,0.9,2,4,1
4973-RISCY-FPU-a-2-c5-u0.8-m2-p7-f1,4973,RISCY-FPU-a,2,5,0.8,2,7,1
5096-RISCY-FPU-a-2-c20-u0.85-m1-p5-f0,5096,RISCY-FPU-a,2,20,0.85,1,5,0
4718-RISCY-FPU-a-2-c2-u0.7-m3-p2-f1,4718,RISCY-FPU-a,2,2,0.7,3,2,1
5155-RISCY-FPU-a-2-c20-u0.8-m1-p3-f1,5155,RISCY-FPU-a,2,20,0.8,1,3,1
5022-RISCY-FPU-a-2-c5-u0.9-m3-p2-f1,5022,RISCY-FPU-a,2,5,0.9,3,2,1
4908-RISCY-FPU-a-2-c5-u0.85-m4-p4-f0,4908,RISCY-FPU-a,2,5,0.85,4,4,0
4821-RISCY-FPU-a-2-c5-u0.7-m1-p3-f0,4821,RISCY-FPU-a,2,5,0.7,1,3,0
4880-RISCY-FPU-a-2-c5-u0.8-m3-p2-f0,4880,RISCY-FPU-a,2,5,0.8,3,2,0
5083-RISCY-FPU-a-2-c20-u0.8-m2-p7-f0,5083,RISCY-FPU-a,2,20,0.8,2,7,0
4859-RISCY-FPU-a-2-c5-u0.75-m3-p3-f0,4859,RISCY-FPU-a,2,5,0.75,3,3,0
5085-RISCY-FPU-a-2-c20-u0.8-m3-p1-f0,5085,RISCY-FPU-a,2,20,0.8,3,1,0
4677-RISCY-FPU-a-2-c2-u0.8-m3-p5-f0,4677,RISCY-FPU-a,2,2,0.8,3,5,0
4738-RISCY-FPU-a-2-c2-u0.75-m2-p6-f1,4738,RISCY-FPU-a,2,2,0.75,2,6,1
5163-RISCY-FPU-a-2-c20-u0.8-m2-p3-f1,5163,RISCY-FPU-a,2,20,0.8,2,3,1
4990-RISCY-FPU-a-2-c5-u0.85-m1-p8-f1,4990,RISCY-FPU-a,2,5,0.85,1,8,1
4885-RISCY-FPU-a-2-c5-u0.8-m3-p8-f0,4885,RISCY-FPU-a,2,5,0.8,3,8,0
4776-RISCY-FPU-a-2-c2-u0.85-m1-p4-f1,4776,RISCY-FPU-a,2,2,0.85,1,4,1
5093-RISCY-FPU-a-2-c20-u0.85-m1-p1-f0,5093,RISCY-FPU-a,2,20,0.85,1,1,0
5205-RISCY-FPU-a-2-c20-u0.9-m2-p5-f1,5205,RISCY-FPU-a,2,20,0.9,2,5,1
4840-RISCY-FPU-a-2-c5-u0.7-m3-p7-f0,4840,RISCY-FPU-a,2,5,0.7,3,7,0
5094-RISCY-FPU-a-2-c20-u0.85-m1-p2-f0,5094,RISCY-FPU-a,2,20,0.85,1,2,0
4690-RISCY-FPU-a-2-c2-u0.85-m3-p3-f0,4690,RISCY-FPU-a,2,2,0.85,3,3,0
4696-RISCY-FPU-a-2-c2-u0.85-m4-p4-f0,4696,RISCY-FPU-a,2,2,0.85,4,4,0
4678-RISCY-FPU-a-2-c2-u0.8-m3-p6-f0,4678,RISCY-FPU-a,2,2,0.8,3,6,0
4856-RISCY-FPU-a-2-c5-u0.75-m2-p8-f0,4856,RISCY-FPU-a,2,5,0.75,2,8,0
4971-RISCY-FPU-a-2-c5-u0.8-m2-p4-f1,4971,RISCY-FPU-a,2,5,0.8,2,4,1
4998-RISCY-FPU-a-2-c5-u0.85-m2-p8-f1,4998,RISCY-FPU-a,2,5,0.85,2,8,1
4853-RISCY-FPU-a-2-c5-u0.75-m2-p4-f0,4853,RISCY-FPU-a,2,5,0.75,2,4,0
4988-RISCY-FPU-a-2-c5-u0.85-m1-p6-f1,4988,RISCY-FPU-a,2,5,0.85,1,6,1
4618-RISCY-FPU-a-2-c2-u0.7-m1-p3-f0,4618,RISCY-FPU-a,2,2,0.7,1,3,0
4803-RISCY-FPU-a-2-c2-u0.9-m1-p8-f1,4803,RISCY-FPU-a,2,2,0.9,1,8,1
4895-RISCY-FPU-a-2-c5-u0.85-m1-p7-f0,4895,RISCY-FPU-a,2,5,0.85,1,7,0
5020-RISCY-FPU-a-2-c5-u0.9-m2-p8-f1,5020,RISCY-FPU-a,2,5,0.9,2,8,1
4800-RISCY-FPU-a-2-c2-u0.9-m1-p5-f1,4800,RISCY-FPU-a,2,2,0.9,1,5,1
4925-RISCY-FPU-a-2-c5-u0.7-m2-p5-f1,4925,RISCY-FPU-a,2,5,0.7,2,5,1
4807-RISCY-FPU-a-2-c2-u0.9-m2-p4-f1,4807,RISCY-FPU-a,2,2,0.9,2,4,1
5054-RISCY-FPU-a-2-c20-u0.75-m1-p7-f0,5054,RISCY-FPU-a,2,20,0.75,1,7,0
5033-RISCY-FPU-a-2-c20-u0.7-m2-p1-f0,5033,RISCY-FPU-a,2,20,0.7,2,1,0
4883-RISCY-FPU-a-2-c5-u0.8-m3-p6-f0,4883,RISCY-FPU-a,2,5,0.8,3,6,0
5049-RISCY-FPU-a-2-c20-u0.75-m1-p2-f0,5049,RISCY-FPU-a,2,20,0.75,1,2,0
4914-RISCY-FPU-a-2-c5-u0.7-m1-p2-f1,4914,RISCY-FPU-a,2,5,0.7,1,2,1
4978-RISCY-FPU-a-2-c5-u0.8-m3-p4-f1,4978,RISCY-FPU-a,2,5,0.8,3,4,1
4649-RISCY-FPU-a-2-c2-u0.75-m1-p8-f0,4649,RISCY-FPU-a,2,2,0.75,1,8,0
4842-RISCY-FPU-a-2-c5-u0.7-m4-p1-f0,4842,RISCY-FPU-a,2,5,0.7,4,1,0
5162-RISCY-FPU-a-2-c20-u0.8-m2-p2-f1,5162,RISCY-FPU-a,2,20,0.8,2,2,1
4816-RISCY-FPU-a-2-c2-u0.9-m3-p5-f1,4816,RISCY-FPU-a,2,2,0.9,3,5,1
4712-RISCY-FPU-a-2-c2-u0.7-m2-p4-f1,4712,RISCY-FPU-a,2,2,0.7,2,4,1
5158-RISCY-FPU-a-2-c20-u0.8-m1-p6-f1,5158,RISCY-FPU-a,2,20,0.8,1,6,1
4819-RISCY-FPU-a-2-c2-u0.9-m3-p8-f1,4819,RISCY-FPU-a,2,2,0.9,3,8,1
5040-RISCY-FPU-a-2-c20-u0.7-m3-p1-f0,5040,RISCY-FPU-a,2,20,0.7,3,1,0
4916-RISCY-FPU-a-2-c5-u0.7-m1-p4-f1,4916,RISCY-FPU-a,2,5,0.7,1,4,1
5031-RISCY-FPU-a-2-c20-u0.7-m1-p6-f0,5031,RISCY-FPU-a,2,20,0.7,1,6,0
4907-RISCY-FPU-a-2-c5-u0.85-m4-p3-f0,4907,RISCY-FPU-a,2,5,0.85,4,3,0
4627-RISCY-FPU-a-2-c2-u0.7-m3-p2-f0,4627,RISCY-FPU-a,2,2,0.7,3,2,0
5072-RISCY-FPU-a-2-c20-u0.8-m1-p2-f0,5072,RISCY-FPU-a,2,20,0.8,1,2,0
4977-RISCY-FPU-a-2-c5-u0.8-m3-p3-f1,4977,RISCY-FPU-a,2,5,0.8,3,3,1
5081-RISCY-FPU-a-2-c20-u0.8-m2-p4-f0,5081,RISCY-FPU-a,2,20,0.8,2,4,0
4728-RISCY-FPU-a-2-c2-u0.75-m1-p4-f1,4728,RISCY-FPU-a,2,2,0.75,1,4,1
4762-RISCY-FPU-a-2-c2-u0.8-m2-p6-f1,4762,RISCY-FPU-a,2,2,0.8,2,6,1
5079-RISCY-FPU-a-2-c20-u0.8-m2-p1-f0,5079,RISCY-FPU-a,2,20,0.8,2,1,0
4692-RISCY-FPU-a-2-c2-u0.85-m3-p8-f0,4692,RISCY-FPU-a,2,2,0.85,3,8,0
5129-RISCY-FPU-a-2-c20-u0.7-m3-p8-f1,5129,RISCY-FPU-a,2,20,0.7,3,8,1
4641-RISCY-FPU-a-2-c2-u0.7-m4-p8-f0,4641,RISCY-FPU-a,2,2,0.7,4,8,0
4835-RISCY-FPU-a-2-c5-u0.7-m3-p1-f0,4835,RISCY-FPU-a,2,5,0.7,3,1,0
5111-RISCY-FPU-a-2-c20-u0.7-m1-p6-f1,5111,RISCY-FPU-a,2,20,0.7,1,6,1
4890-RISCY-FPU-a-2-c5-u0.8-m4-p5-f0,4890,RISCY-FPU-a,2,5,0.8,4,5,0
4964-RISCY-FPU-a-2-c5-u0.8-m1-p5-f1,4964,RISCY-FPU-a,2,5,0.8,1,5,1
4716-RISCY-FPU-a-2-c2-u0.7-m2-p8-f1,4716,RISCY-FPU-a,2,2,0.7,2,8,1
4650-RISCY-FPU-a-2-c2-u0.75-m2-p5-f0,4650,RISCY-FPU-a,2,2,0.75,2,5,0
4862-RISCY-FPU-a-2-c5-u0.75-m3-p6-f0,4862,RISCY-FPU-a,2,5,0.75,3,6,0
5105-RISCY-FPU-a-2-c20-u0.85-m3-p8-f0,5105,RISCY-FPU-a,2,20,0.85,3,8,0
4824-RISCY-FPU-a-2-c5-u0.7-m1-p6-f0,4824,RISCY-FPU-a,2,5,0.7,1,6,0
5156-RISCY-FPU-a-2-c20-u0.8-m1-p4-f1,5156,RISCY-FPU-a,2,20,0.8,1,4,1
5048-RISCY-FPU-a-2-c20-u0.75-m1-p1-f0,5048,RISCY-FPU-a,2,20,0.75,1,1,0
4855-RISCY-FPU-a-2-c5-u0.75-m2-p7-f0,4855,RISCY-FPU-a,2,5,0.75,2,7,0
4702-RISCY-FPU-a-2-c2-u0.7-m1-p2-f1,4702,RISCY-FPU-a,2,2,0.7,1,2,1
5175-RISCY-FPU-a-2-c20-u0.8-m3-p7-f1,5175,RISCY-FPU-a,2,20,0.8,3,7,1
4909-RISCY-FPU-a-2-c5-u0.85-m4-p5-f0,4909,RISCY-FPU-a,2,5,0.85,4,5,0
5172-RISCY-FPU-a-2-c20-u0.8-m3-p4-f1,5172,RISCY-FPU-a,2,20,0.8,3,4,1
5133-RISCY-FPU-a-2-c20-u0.75-m1-p4-f1,5133,RISCY-FPU-a,2,20,0.75,1,4,1
4937-RISCY-FPU-a-2-c5-u0.75-m1-p1-f1,4937,RISCY-FPU-a,2,5,0.75,1,1,1
4894-RISCY-FPU-a-2-c5-u0.85-m1-p4-f0,4894,RISCY-FPU-a,2,5,0.85,1,4,0
4686-RISCY-FPU-a-2-c2-u0.8-m4-p6-f0,4686,RISCY-FPU-a,2,2,0.8,4,6,0
4823-RISCY-FPU-a-2-c5-u0.7-m1-p5-f0,4823,RISCY-FPU-a,2,5,0.7,1,5,0
5132-RISCY-FPU-a-2-c20-u0.75-m1-p3-f1,5132,RISCY-FPU-a,2,20,0.75,1,3,1
4955-RISCY-FPU-a-2-c5-u0.75-m3-p4-f1,4955,RISCY-FPU-a,2,5,0.75,3,4,1
4653-RISCY-FPU-a-2-c2-u0.75-m3-p4-f0,4653,RISCY-FPU-a,2,2,0.75,3,4,0
4765-RISCY-FPU-a-2-c2-u0.8-m3-p1-f1,4765,RISCY-FPU-a,2,2,0.8,3,1,1
4642-RISCY-FPU-a-2-c2-u0.75-m1-p1-f0,4642,RISCY-FPU-a,2,2,0.75,1,1,0
5211-RISCY-FPU-a-2-c20-u0.9-m3-p4-f1,5211,RISCY-FPU-a,2,20,0.9,3,4,1
5019-RISCY-FPU-a-2-c5-u0.9-m2-p7-f1,5019,RISCY-FPU-a,2,5,0.9,2,7,1
4725-RISCY-FPU-a-2-c2-u0.75-m1-p1-f1,4725,RISCY-FPU-a,2,2,0.75,1,1,1
5012-RISCY-FPU-a-2-c5-u0.9-m1-p7-f1,5012,RISCY-FPU-a,2,5,0.9,1,7,1
5127-RISCY-FPU-a-2-c20-u0.7-m3-p6-f1,5127,RISCY-FPU-a,2,20,0.7,3,6,1
5080-RISCY-FPU-a-2-c20-u0.8-m2-p2-f0,5080,RISCY-FPU-a,2,20,0.8,2,2,0
4923-RISCY-FPU-a-2-c5-u0.7-m2-p3-f1,4923,RISCY-FPU-a,2,5,0.7,2,3,1
4832-RISCY-FPU-a-2-c5-u0.7-m2-p6-f0,4832,RISCY-FPU-a,2,5,0.7,2,6,0
4845-RISCY-FPU-a-2-c5-u0.75-m1-p2-f0,4845,RISCY-FPU-a,2,5,0.75,1,2,0
4933-RISCY-FPU-a-2-c5-u0.7-m3-p5-f1,4933,RISCY-FPU-a,2,5,0.7,3,5,1
5069-RISCY-FPU-a-2-c20-u0.75-m3-p7-f0,5069,RISCY-FPU-a,2,20,0.75,3,7,0
5187-RISCY-FPU-a-2-c20-u0.85-m2-p6-f1,5187,RISCY-FPU-a,2,20,0.85,2,6,1
4695-RISCY-FPU-a-2-c2-u0.85-m4-p3-f0,4695,RISCY-FPU-a,2,2,0.85,4,3,0
5196-RISCY-FPU-a-2-c20-u0.9-m1-p2-f1,5196,RISCY-FPU-a,2,20,0.9,1,2,1
5037-RISCY-FPU-a-2-c20-u0.7-m2-p5-f0,5037,RISCY-FPU-a,2,20,0.7,2,5,0
4717-RISCY-FPU-a-2-c2-u0.7-m3-p1-f1,4717,RISCY-FPU-a,2,2,0.7,3,1,1
5089-RISCY-FPU-a-2-c20-u0.8-m3-p5-f0,5089,RISCY-FPU-a,2,20,0.8,3,5,0
4701-RISCY-FPU-a-2-c2-u0.7-m1-p1-f1,4701,RISCY-FPU-a,2,2,0.7,1,1,1
5142-RISCY-FPU-a-2-c20-u0.75-m2-p5-f1,5142,RISCY-FPU-a,2,20,0.75,2,5,1
5208-RISCY-FPU-a-2-c20-u0.9-m3-p1-f1,5208,RISCY-FPU-a,2,20,0.9,3,1,1
4870-RISCY-FPU-a-2-c5-u0.8-m1-p2-f0,4870,RISCY-FPU-a,2,5,0.8,1,2,0
5128-RISCY-FPU-a-2-c20-u0.7-m3-p7-f1,5128,RISCY-FPU-a,2,20,0.7,3,7,1
4782-RISCY-FPU-a-2-c2-u0.85-m2-p2-f1,4782,RISCY-FPU-a,2,2,0.85,2,2,1
4722-RISCY-FPU-a-2-c2-u0.7-m3-p6-f1,4722,RISCY-FPU-a,2,2,0.7,3,6,1
4710-RISCY-FPU-a-2-c2-u0.7-m2-p2-f1,4710,RISCY-FPU-a,2,2,0.7,2,2,1
4931-RISCY-FPU-a-2-c5-u0.7-m3-p3-f1,4931,RISCY-FPU-a,2,5,0.7,3,3,1
4944-RISCY-FPU-a-2-c5-u0.75-m2-p1-f1,4944,RISCY-FPU-a,2,5,0.75,2,1,1
5181-RISCY-FPU-a-2-c20-u0.85-m1-p6-f1,5181,RISCY-FPU-a,2,20,0.85,1,6,1
4839-RISCY-FPU-a-2-c5-u0.7-m3-p6-f0,4839,RISCY-FPU-a,2,5,0.7,3,6,0
4857-RISCY-FPU-a-2-c5-u0.75-m3-p1-f0,4857,RISCY-FPU-a,2,5,0.75,3,1,0
5186-RISCY-FPU-a-2-c20-u0.85-m2-p5-f1,5186,RISCY-FPU-a,2,20,0.85,2,5,1
4847-RISCY-FPU-a-2-c5-u0.75-m1-p5-f0,4847,RISCY-FPU-a,2,5,0.75,1,5,0
5110-RISCY-FPU-a-2-c20-u0.7-m1-p5-f1,5110,RISCY-FPU-a,2,20,0.7,1,5,1
4761-RISCY-FPU-a-2-c2-u0.8-m2-p5-f1,4761,RISCY-FPU-a,2,2,0.8,2,5,1
4980-RISCY-FPU-a-2-c5-u0.8-m3-p6-f1,4980,RISCY-FPU-a,2,5,0.8,3,6,1
5017-RISCY-FPU-a-2-c5-u0.9-m2-p4-f1,5017,RISCY-FPU-a,2,5,0.9,2,4,1
5178-RISCY-FPU-a-2-c20-u0.85-m1-p3-f1,5178,RISCY-FPU-a,2,20,0.85,1,3,1
4739-RISCY-FPU-a-2-c2-u0.75-m2-p7-f1,4739,RISCY-FPU-a,2,2,0.75,2,7,1
4804-RISCY-FPU-a-2-c2-u0.9-m2-p1-f1,4804,RISCY-FPU-a,2,2,0.9,2,1,1
4787-RISCY-FPU-a-2-c2-u0.85-m2-p7-f1,4787,RISCY-FPU-a,2,2,0.85,2,7,1
5126-RISCY-FPU-a-2-c20-u0.7-m3-p5-f1,5126,RISCY-FPU-a,2,20,0.7,3,5,1
4863-RISCY-FPU-a-2-c5-u0.75-m3-p7-f0,4863,RISCY-FPU-a,2,5,0.75,3,7,0
4905-RISCY-FPU-a-2-c5-u0.85-m4-p1-f0,4905,RISCY-FPU-a,2,5,0.85,4,1,0
4952-RISCY-FPU-a-2-c5-u0.75-m3-p1-f1,4952,RISCY-FPU-a,2,5,0.75,3,1,1
4655-RISCY-FPU-a-2-c2-u0.75-m3-p6-f0,4655,RISCY-FPU-a,2,2,0.75,3,6,0
4644-RISCY-FPU-a-2-c2-u0.75-m1-p3-f0,4644,RISCY-FPU-a,2,2,0.75,1,3,0
4731-RISCY-FPU-a-2-c2-u0.75-m1-p7-f1,4731,RISCY-FPU-a,2,2,0.75,1,7,1
4689-RISCY-FPU-a-2-c2-u0.85-m3-p1-f0,4689,RISCY-FPU-a,2,2,0.85,3,1,0
4769-RISCY-FPU-a-2-c2-u0.8-m3-p5-f1,4769,RISCY-FPU-a,2,2,0.8,3,5,1
4802-RISCY-FPU-a-2-c2-u0.9-m1-p7-f1,4802,RISCY-FPU-a,2,2,0.9,1,7,1
4939-RISCY-FPU-a-2-c5-u0.75-m1-p3-f1,4939,RISCY-FPU-a,2,5,0.75,1,3,1
4950-RISCY-FPU-a-2-c5-u0.75-m2-p7-f1,4950,RISCY-FPU-a,2,5,0.75,2,7,1
4879-RISCY-FPU-a-2-c5-u0.8-m3-p1-f0,4879,RISCY-FPU-a,2,5,0.8,3,1,0
4647-RISCY-FPU-a-2-c2-u0.75-m1-p6-f0,4647,RISCY-FPU-a,2,2,0.75,1,6,0
5029-RISCY-FPU-a-2-c20-u0.7-m1-p3-f0,5029,RISCY-FPU-a,2,20,0.7,1,3,0
4860-RISCY-FPU-a-2-c5-u0.75-m3-p4-f0,4860,RISCY-FPU-a,2,5,0.75,3,4,0
4795-RISCY-FPU-a-2-c2-u0.85-m3-p7-f1,4795,RISCY-FPU-a,2,2,0.85,3,7,1
4651-RISCY-FPU-a-2-c2-u0.75-m2-p8-f0,4651,RISCY-FPU-a,2,2,0.75,2,8,0
4629-RISCY-FPU-a-2-c2-u0.7-m3-p4-f0,4629,RISCY-FPU-a,2,2,0.7,3,4,0
4645-RISCY-FPU-a-2-c2-u0.75-m1-p4-f0,4645,RISCY-FPU-a,2,2,0.75,1,4,0
5199-RISCY-FPU-a-2-c20-u0.9-m1-p5-f1,5199,RISCY-FPU-a,2,20,0.9,1,5,1
4760-RISCY-FPU-a-2-c2-u0.8-m2-p4-f1,4760,RISCY-FPU-a,2,2,0.8,2,4,1
4771-RISCY-FPU-a-2-c2-u0.8-m3-p7-f1,4771,RISCY-FPU-a,2,2,0.8,3,7,1
4966-RISCY-FPU-a-2-c5-u0.8-m1-p7-f1,4966,RISCY-FPU-a,2,5,0.8,1,7,1
4745-RISCY-FPU-a-2-c2-u0.75-m3-p5-f1,4745,RISCY-FPU-a,2,2,0.75,3,5,1
5065-RISCY-FPU-a-2-c20-u0.75-m3-p3-f0,5065,RISCY-FPU-a,2,20,0.75,3,3,0
4958-RISCY-FPU-a-2-c5-u0.75-m3-p7-f1,4958,RISCY-FPU-a,2,5,0.75,3,7,1
4740-RISCY-FPU-a-2-c2-u0.75-m2-p8-f1,4740,RISCY-FPU-a,2,2,0.75,2,8,1
5068-RISCY-FPU-a-2-c20-u0.75-m3-p6-f0,5068,RISCY-FPU-a,2,20,0.75,3,6,0
4741-RISCY-FPU-a-2-c2-u0.75-m3-p1-f1,4741,RISCY-FPU-a,2,2,0.75,3,1,1
4736-RISCY-FPU-a-2-c2-u0.75-m2-p4-f1,4736,RISCY-FPU-a,2,2,0.75,2,4,1
5021-RISCY-FPU-a-2-c5-u0.9-m3-p1-f1,5021,RISCY-FPU-a,2,5,0.9,3,1,1
4799-RISCY-FPU-a-2-c2-u0.9-m1-p4-f1,4799,RISCY-FPU-a,2,2,0.9,1,4,1
5087-RISCY-FPU-a-2-c20-u0.8-m3-p3-f0,5087,RISCY-FPU-a,2,20,0.8,3,3,0
4992-RISCY-FPU-a-2-c5-u0.85-m2-p2-f1,4992,RISCY-FPU-a,2,5,0.85,2,2,1
4935-RISCY-FPU-a-2-c5-u0.7-m3-p7-f1,4935,RISCY-FPU-a,2,5,0.7,3,7,1
5004-RISCY-FPU-a-2-c5-u0.85-m3-p6-f1,5004,RISCY-FPU-a,2,5,0.85,3,6,1
4852-RISCY-FPU-a-2-c5-u0.75-m2-p3-f0,4852,RISCY-FPU-a,2,5,0.75,2,3,0
5038-RISCY-FPU-a-2-c20-u0.7-m2-p7-f0,5038,RISCY-FPU-a,2,20,0.7,2,7,0
4928-RISCY-FPU-a-2-c5-u0.7-m2-p8-f1,4928,RISCY-FPU-a,2,5,0.7,2,8,1
4714-RISCY-FPU-a-2-c2-u0.7-m2-p6-f1,4714,RISCY-FPU-a,2,2,0.7,2,6,1
4620-RISCY-FPU-a-2-c2-u0.7-m1-p7-f0,4620,RISCY-FPU-a,2,2,0.7,1,7,0
5118-RISCY-FPU-a-2-c20-u0.7-m2-p5-f1,5118,RISCY-FPU-a,2,20,0.7,2,5,1
4672-RISCY-FPU-a-2-c2-u0.8-m2-p8-f0,4672,RISCY-FPU-a,2,2,0.8,2,8,0
5088-RISCY-FPU-a-2-c20-u0.8-m3-p4-f0,5088,RISCY-FPU-a,2,20,0.8,3,4,0
5063-RISCY-FPU-a-2-c20-u0.75-m3-p1-f0,5063,RISCY-FPU-a,2,20,0.75,3,1,0
5146-RISCY-FPU-a-2-c20-u0.75-m3-p1-f1,5146,RISCY-FPU-a,2,20,0.75,3,1,1
4634-RISCY-FPU-a-2-c2-u0.7-m4-p1-f0,4634,RISCY-FPU-a,2,2,0.7,4,1,0
5005-RISCY-FPU-a-2-c5-u0.85-m3-p7-f1,5005,RISCY-FPU-a,2,5,0.85,3,7,1
4849-RISCY-FPU-a-2-c5-u0.75-m1-p7-f0,4849,RISCY-FPU-a,2,5,0.75,1,7,0
5007-RISCY-FPU-a-2-c5-u0.9-m1-p1-f1,5007,RISCY-FPU-a,2,5,0.9,1,1,1
4963-RISCY-FPU-a-2-c5-u0.8-m1-p4-f1,4963,RISCY-FPU-a,2,5,0.8,1,4,1
4932-RISCY-FPU-a-2-c5-u0.7-m3-p4-f1,4932,RISCY-FPU-a,2,5,0.7,3,4,1
4654-RISCY-FPU-a-2-c2-u0.75-m3-p5-f0,4654,RISCY-FPU-a,2,2,0.75,3,5,0
4831-RISCY-FPU-a-2-c5-u0.7-m2-p5-f0,4831,RISCY-FPU-a,2,5,0.7,2,5,0
4648-RISCY-FPU-a-2-c2-u0.75-m1-p7-f0,4648,RISCY-FPU-a,2,2,0.75,1,7,0
4658-RISCY-FPU-a-2-c2-u0.75-m4-p1-f0,4658,RISCY-FPU-a,2,2,0.75,4,1,0
4770-RISCY-FPU-a-2-c2-u0.8-m3-p6-f1,4770,RISCY-FPU-a,2,2,0.8,3,6,1
5006-RISCY-FPU-a-2-c5-u0.85-m3-p8-f1,5006,RISCY-FPU-a,2,5,0.85,3,8,1
4833-RISCY-FPU-a-2-c5-u0.7-m2-p7-f0,4833,RISCY-FPU-a,2,5,0.7,2,7,0
4638-RISCY-FPU-a-2-c2-u0.7-m4-p5-f0,4638,RISCY-FPU-a,2,2,0.7,4,5,0
4750-RISCY-FPU-a-2-c2-u0.8-m1-p2-f1,4750,RISCY-FPU-a,2,2,0.8,1,2,1
4981-RISCY-FPU-a-2-c5-u0.8-m3-p7-f1,4981,RISCY-FPU-a,2,5,0.8,3,7,1
4814-RISCY-FPU-a-2-c2-u0.9-m3-p3-f1,4814,RISCY-FPU-a,2,2,0.9,3,3,1
5015-RISCY-FPU-a-2-c5-u0.9-m2-p2-f1,5015,RISCY-FPU-a,2,5,0.9,2,2,1
4794-RISCY-FPU-a-2-c2-u0.85-m3-p6-f1,4794,RISCY-FPU-a,2,2,0.85,3,6,1
4827-RISCY-FPU-a-2-c5-u0.7-m2-p1-f0,4827,RISCY-FPU-a,2,5,0.7,2,1,0
4625-RISCY-FPU-a-2-c2-u0.7-m2-p8-f0,4625,RISCY-FPU-a,2,2,0.7,2,8,0
5113-RISCY-FPU-a-2-c20-u0.7-m1-p8-f1,5113,RISCY-FPU-a,2,20,0.7,1,8,1
4752-RISCY-FPU-a-2-c2-u0.8-m1-p4-f1,4752,RISCY-FPU-a,2,2,0.8,1,4,1
5202-RISCY-FPU-a-2-c20-u0.9-m2-p2-f1,5202,RISCY-FPU-a,2,20,0.9,2,2,1
4940-RISCY-FPU-a-2-c5-u0.75-m1-p4-f1,4940,RISCY-FPU-a,2,5,0.75,1,4,1
5014-RISCY-FPU-a-2-c5-u0.9-m2-p1-f1,5014,RISCY-FPU-a,2,5,0.9,2,1,1
4891-RISCY-FPU-a-2-c5-u0.8-m4-p6-f0,4891,RISCY-FPU-a,2,5,0.8,4,6,0
5008-RISCY-FPU-a-2-c5-u0.9-m1-p3-f1,5008,RISCY-FPU-a,2,5,0.9,1,3,1
5061-RISCY-FPU-a-2-c20-u0.75-m2-p6-f0,5061,RISCY-FPU-a,2,20,0.75,2,6,0
4705-RISCY-FPU-a-2-c2-u0.7-m1-p5-f1,4705,RISCY-FPU-a,2,2,0.7,1,5,1
4866-RISCY-FPU-a-2-c5-u0.75-m4-p2-f0,4866,RISCY-FPU-a,2,5,0.75,4,2,0
4904-RISCY-FPU-a-2-c5-u0.85-m3-p8-f0,4904,RISCY-FPU-a,2,5,0.85,3,8,0
5043-RISCY-FPU-a-2-c20-u0.7-m3-p4-f0,5043,RISCY-FPU-a,2,20,0.7,3,4,0
4875-RISCY-FPU-a-2-c5-u0.8-m2-p3-f0,4875,RISCY-FPU-a,2,5,0.8,2,3,0
4766-RISCY-FPU-a-2-c2-u0.8-m3-p2-f1,4766,RISCY-FPU-a,2,2,0.8,3,2,1
4989-RISCY-FPU-a-2-c5-u0.85-m1-p7-f1,4989,RISCY-FPU-a,2,5,0.85,1,7,1
4670-RISCY-FPU-a-2-c2-u0.8-m1-p7-f0,4670,RISCY-FPU-a,2,2,0.8,1,7,0
5141-RISCY-FPU-a-2-c20-u0.75-m2-p4-f1,5141,RISCY-FPU-a,2,20,0.75,2,4,1
4681-RISCY-FPU-a-2-c2-u0.8-m4-p1-f0,4681,RISCY-FPU-a,2,2,0.8,4,1,0
4991-RISCY-FPU-a-2-c5-u0.85-m2-p1-f1,4991,RISCY-FPU-a,2,5,0.85,2,1,1
5016-RISCY-FPU-a-2-c5-u0.9-m2-p3-f1,5016,RISCY-FPU-a,2,5,0.9,2,3,1
4715-RISCY-FPU-a-2-c2-u0.7-m2-p7-f1,4715,RISCY-FPU-a,2,2,0.7,2,7,1
4850-RISCY-FPU-a-2-c5-u0.75-m1-p8-f0,4850,RISCY-FPU-a,2,5,0.75,1,8,0
4778-RISCY-FPU-a-2-c2-u0.85-m1-p6-f1,4778,RISCY-FPU-a,2,2,0.85,1,6,1
4969-RISCY-FPU-a-2-c5-u0.8-m2-p2-f1,4969,RISCY-FPU-a,2,5,0.8,2,2,1
4676-RISCY-FPU-a-2-c2-u0.8-m3-p4-f0,4676,RISCY-FPU-a,2,2,0.8,3,4,0
4755-RISCY-FPU-a-2-c2-u0.8-m1-p7-f1,4755,RISCY-FPU-a,2,2,0.8,1,7,1
5171-RISCY-FPU-a-2-c20-u0.8-m3-p3-f1,5171,RISCY-FPU-a,2,20,0.8,3,3,1
4830-RISCY-FPU-a-2-c5-u0.7-m2-p4-f0,4830,RISCY-FPU-a,2,5,0.7,2,4,0
4707-RISCY-FPU-a-2-c2-u0.7-m1-p7-f1,4707,RISCY-FPU-a,2,2,0.7,1,7,1
5100-RISCY-FPU-a-2-c20-u0.85-m3-p3-f0,5100,RISCY-FPU-a,2,20,0.85,3,3,0
4719-RISCY-FPU-a-2-c2-u0.7-m3-p3-f1,4719,RISCY-FPU-a,2,2,0.7,3,3,1
4920-RISCY-FPU-a-2-c5-u0.7-m1-p8-f1,4920,RISCY-FPU-a,2,5,0.7,1,8,1
5071-RISCY-FPU-a-2-c20-u0.8-m1-p1-f0,5071,RISCY-FPU-a,2,20,0.8,1,1,0
5161-RISCY-FPU-a-2-c20-u0.8-m2-p1-f1,5161,RISCY-FPU-a,2,20,0.8,2,1,1
4934-RISCY-FPU-a-2-c5-u0.7-m3-p6-f1,4934,RISCY-FPU-a,2,5,0.7,3,6,1
4811-RISCY-FPU-a-2-c2-u0.9-m2-p8-f1,4811,RISCY-FPU-a,2,2,0.9,2,8,1
5084-RISCY-FPU-a-2-c20-u0.8-m2-p8-f0,5084,RISCY-FPU-a,2,20,0.8,2,8,0
5073-RISCY-FPU-a-2-c20-u0.8-m1-p3-f0,5073,RISCY-FPU-a,2,20,0.8,1,3,0
4961-RISCY-FPU-a-2-c5-u0.8-m1-p2-f1,4961,RISCY-FPU-a,2,5,0.8,1,2,1
4747-RISCY-FPU-a-2-c2-u0.75-m3-p7-f1,4747,RISCY-FPU-a,2,2,0.75,3,7,1
4889-RISCY-FPU-a-2-c5-u0.8-m4-p4-f0,4889,RISCY-FPU-a,2,5,0.8,4,4,0
4792-RISCY-FPU-a-2-c2-u0.85-m3-p4-f1,4792,RISCY-FPU-a,2,2,0.85,3,4,1
4646-RISCY-FPU-a-2-c2-u0.75-m1-p5-f0,4646,RISCY-FPU-a,2,2,0.75,1,5,0
4836-RISCY-FPU-a-2-c5-u0.7-m3-p2-f0,4836,RISCY-FPU-a,2,5,0.7,3,2,0
4779-RISCY-FPU-a-2-c2-u0.85-m1-p7-f1,4779,RISCY-FPU-a,2,2,0.85,1,7,1
5052-RISCY-FPU-a-2-c20-u0.75-m1-p5-f0,5052,RISCY-FPU-a,2,20,0.75,1,5,0
4623-RISCY-FPU-a-2-c2-u0.7-m2-p3-f0,4623,RISCY-FPU-a,2,2,0.7,2,3,0
4667-RISCY-FPU-a-2-c2-u0.8-m1-p4-f0,4667,RISCY-FPU-a,2,2,0.8,1,4,0
5009-RISCY-FPU-a-2-c5-u0.9-m1-p4-f1,5009,RISCY-FPU-a,2,5,0.9,1,4,1
4709-RISCY-FPU-a-2-c2-u0.7-m2-p1-f1,4709,RISCY-FPU-a,2,2,0.7,2,1,1
4922-RISCY-FPU-a-2-c5-u0.7-m2-p2-f1,4922,RISCY-FPU-a,2,5,0.7,2,2,1
4619-RISCY-FPU-a-2-c2-u0.7-m1-p6-f0,4619,RISCY-FPU-a,2,2,0.7,1,6,0
4982-RISCY-FPU-a-2-c5-u0.8-m3-p8-f1,4982,RISCY-FPU-a,2,5,0.8,3,8,1
4768-RISCY-FPU-a-2-c2-u0.8-m3-p4-f1,4768,RISCY-FPU-a,2,2,0.8,3,4,1
4657-RISCY-FPU-a-2-c2-u0.75-m3-p8-f0,4657,RISCY-FPU-a,2,2,0.75,3,8,0
5099-RISCY-FPU-a-2-c20-u0.85-m3-p2-f0,5099,RISCY-FPU-a,2,20,0.85,3,2,0
4941-RISCY-FPU-a-2-c5-u0.75-m1-p5-f1,4941,RISCY-FPU-a,2,5,0.75,1,5,1
4729-RISCY-FPU-a-2-c2-u0.75-m1-p5-f1,4729,RISCY-FPU-a,2,2,0.75,1,5,1
4652-RISCY-FPU-a-2-c2-u0.75-m3-p2-f0,4652,RISCY-FPU-a,2,2,0.75,3,2,0
4882-RISCY-FPU-a-2-c5-u0.8-m3-p4-f0,4882,RISCY-FPU-a,2,5,0.8,3,4,0
5130-RISCY-FPU-a-2-c20-u0.75-m1-p1-f1,5130,RISCY-FPU-a,2,20,0.75,1,1,1
5103-RISCY-FPU-a-2-c20-u0.85-m3-p6-f0,5103,RISCY-FPU-a,2,20,0.85,3,6,0
4733-RISCY-FPU-a-2-c2-u0.75-m2-p1-f1,4733,RISCY-FPU-a,2,2,0.75,2,1,1
5174-RISCY-FPU-a-2-c20-u0.8-m3-p6-f1,5174,RISCY-FPU-a,2,20,0.8,3,6,1
5047-RISCY-FPU-a-2-c20-u0.7-m3-p8-f0,5047,RISCY-FPU-a,2,20,0.7,3,8,0
5151-RISCY-FPU-a-2-c20-u0.75-m3-p6-f1,5151,RISCY-FPU-a,2,20,0.75,3,6,1
4759-RISCY-FPU-a-2-c2-u0.8-m2-p3-f1,4759,RISCY-FPU-a,2,2,0.8,2,3,1
5117-RISCY-FPU-a-2-c20-u0.7-m2-p4-f1,5117,RISCY-FPU-a,2,20,0.7,2,4,1
4617-RISCY-FPU-a-2-c2-u0.7-m1-p2-f0,4617,RISCY-FPU-a,2,2,0.7,1,2,0
4746-RISCY-FPU-a-2-c2-u0.75-m3-p6-f1,4746,RISCY-FPU-a,2,2,0.75,3,6,1
5062-RISCY-FPU-a-2-c20-u0.75-m2-p7-f0,5062,RISCY-FPU-a,2,20,0.75,2,7,0
4635-RISCY-FPU-a-2-c2-u0.7-m4-p2-f0,4635,RISCY-FPU-a,2,2,0.7,4,2,0
4753-RISCY-FPU-a-2-c2-u0.8-m1-p5-f1,4753,RISCY-FPU-a,2,2,0.8,1,5,1
4884-RISCY-FPU-a-2-c5-u0.8-m3-p7-f0,4884,RISCY-FPU-a,2,5,0.8,3,7,0
5119-RISCY-FPU-a-2-c20-u0.7-m2-p6-f1,5119,RISCY-FPU-a,2,20,0.7,2,6,1
4723-RISCY-FPU-a-2-c2-u0.7-m3-p7-f1,4723,RISCY-FPU-a,2,2,0.7,3,7,1
4970-RISCY-FPU-a-2-c5-u0.8-m2-p3-f1,4970,RISCY-FPU-a,2,5,0.8,2,3,1
4858-RISCY-FPU-a-2-c5-u0.75-m3-p2-f0,4858,RISCY-FPU-a,2,5,0.75,3,2,0
5121-RISCY-FPU-a-2-c20-u0.7-m2-p8-f1,5121,RISCY-FPU-a,2,20,0.7,2,8,1
4703-RISCY-FPU-a-2-c2-u0.7-m1-p3-f1,4703,RISCY-FPU-a,2,2,0.7,1,3,1
4893-RISCY-FPU-a-2-c5-u0.8-m4-p8-f0,4893,RISCY-FPU-a,2,5,0.8,4,8,0
4694-RISCY-FPU-a-2-c2-u0.85-m4-p2-f0,4694,RISCY-FPU-a,2,2,0.85,4,2,0
4887-RISCY-FPU-a-2-c5-u0.8-m4-p2-f0,4887,RISCY-FPU-a,2,5,0.8,4,2,0
5194-RISCY-FPU-a-2-c20-u0.85-m3-p6-f1,5194,RISCY-FPU-a,2,20,0.85,3,6,1
4751-RISCY-FPU-a-2-c2-u0.8-m1-p3-f1,4751,RISCY-FPU-a,2,2,0.8,1,3,1
4949-RISCY-FPU-a-2-c5-u0.75-m2-p6-f1,4949,RISCY-FPU-a,2,5,0.75,2,6,1
4622-RISCY-FPU-a-2-c2-u0.7-m2-p2-f0,4622,RISCY-FPU-a,2,2,0.7,2,2,0
4867-RISCY-FPU-a-2-c5-u0.75-m4-p3-f0,4867,RISCY-FPU-a,2,5,0.75,4,3,0
5060-RISCY-FPU-a-2-c20-u0.75-m2-p5-f0,5060,RISCY-FPU-a,2,20,0.75,2,5,0
4774-RISCY-FPU-a-2-c2-u0.85-m1-p2-f1,4774,RISCY-FPU-a,2,2,0.85,1,2,1
4902-RISCY-FPU-a-2-c5-u0.85-m3-p6-f0,4902,RISCY-FPU-a,2,5,0.85,3,6,0
4754-RISCY-FPU-a-2-c2-u0.8-m1-p6-f1,4754,RISCY-FPU-a,2,2,0.8,1,6,1
4805-RISCY-FPU-a-2-c2-u0.9-m2-p2-f1,4805,RISCY-FPU-a,2,2,0.9,2,2,1
4820-RISCY-FPU-a-2-c5-u0.7-m1-p2-f0,4820,RISCY-FPU-a,2,5,0.7,1,2,0
4912-RISCY-FPU-a-2-c5-u0.85-m4-p8-f0,4912,RISCY-FPU-a,2,5,0.85,4,8,0
4682-RISCY-FPU-a-2-c2-u0.8-m4-p2-f0,4682,RISCY-FPU-a,2,2,0.8,4,2,0
5067-RISCY-FPU-a-2-c20-u0.75-m3-p5-f0,5067,RISCY-FPU-a,2,20,0.75,3,5,0
4986-RISCY-FPU-a-2-c5-u0.85-m1-p4-f1,4986,RISCY-FPU-a,2,5,0.85,1,4,1
5169-RISCY-FPU-a-2-c20-u0.8-m3-p1-f1,5169,RISCY-FPU-a,2,20,0.8,3,1,1
4825-RISCY-FPU-a-2-c5-u0.7-m1-p7-f0,4825,RISCY-FPU-a,2,5,0.7,1,7,0
4996-RISCY-FPU-a-2-c5-u0.85-m2-p6-f1,4996,RISCY-FPU-a,2,5,0.85,2,6,1
4888-RISCY-FPU-a-2-c5-u0.8-m4-p3-f0,4888,RISCY-FPU-a,2,5,0.8,4,3,0
5138-RISCY-FPU-a-2-c20-u0.75-m2-p1-f1,5138,RISCY-FPU-a,2,20,0.75,2,1,1
5104-RISCY-FPU-a-2-c20-u0.85-m3-p7-f0,5104,RISCY-FPU-a,2,20,0.85,3,7,0
4720-RISCY-FPU-a-2-c2-u0.7-m3-p4-f1,4720,RISCY-FPU-a,2,2,0.7,3,4,1
5101-RISCY-FPU-a-2-c20-u0.85-m3-p4-f0,5101,RISCY-FPU-a,2,20,0.85,3,4,0
5098-RISCY-FPU-a-2-c20-u0.85-m3-p1-f0,5098,RISCY-FPU-a,2,20,0.85,3,1,0
4826-RISCY-FPU-a-2-c5-u0.7-m1-p8-f0,4826,RISCY-FPU-a,2,5,0.7,1,8,0
5114-RISCY-FPU-a-2-c20-u0.7-m2-p1-f1,5114,RISCY-FPU-a,2,20,0.7,2,1,1
5003-RISCY-FPU-a-2-c5-u0.85-m3-p5-f1,5003,RISCY-FPU-a,2,5,0.85,3,5,1
4838-RISCY-FPU-a-2-c5-u0.7-m3-p4-f0,4838,RISCY-FPU-a,2,5,0.7,3,4,0
5116-RISCY-FPU-a-2-c20-u0.7-m2-p3-f1,5116,RISCY-FPU-a,2,20,0.7,2,3,1
5074-RISCY-FPU-a-2-c20-u0.8-m1-p4-f0,5074,RISCY-FPU-a,2,20,0.8,1,4,0
5032-RISCY-FPU-a-2-c20-u0.7-m1-p7-f0,5032,RISCY-FPU-a,2,20,0.7,1,7,0
4898-RISCY-FPU-a-2-c5-u0.85-m3-p2-f0,4898,RISCY-FPU-a,2,5,0.85,3,2,0
4666-RISCY-FPU-a-2-c2-u0.8-m1-p2-f0,4666,RISCY-FPU-a,2,2,0.8,1,2,0
5057-RISCY-FPU-a-2-c20-u0.75-m2-p2-f0,5057,RISCY-FPU-a,2,20,0.75,2,2,0
4808-RISCY-FPU-a-2-c2-u0.9-m2-p5-f1,4808,RISCY-FPU-a,2,2,0.9,2,5,1
4921-RISCY-FPU-a-2-c5-u0.7-m2-p1-f1,4921,RISCY-FPU-a,2,5,0.7,2,1,1
4901-RISCY-FPU-a-2-c5-u0.85-m3-p5-f0,4901,RISCY-FPU-a,2,5,0.85,3,5,0
5190-RISCY-FPU-a-2-c20-u0.85-m3-p2-f1,5190,RISCY-FPU-a,2,20,0.85,3,2,1
5056-RISCY-FPU-a-2-c20-u0.75-m2-p1-f0,5056,RISCY-FPU-a,2,20,0.75,2,1,0
5124-RISCY-FPU-a-2-c20-u0.7-m3-p3-f1,5124,RISCY-FPU-a,2,20,0.7,3,3,1
5076-RISCY-FPU-a-2-c20-u0.8-m1-p6-f0,5076,RISCY-FPU-a,2,20,0.8,1,6,0
4917-RISCY-FPU-a-2-c5-u0.7-m1-p5-f1,4917,RISCY-FPU-a,2,5,0.7,1,5,1
4734-RISCY-FPU-a-2-c2-u0.75-m2-p2-f1,4734,RISCY-FPU-a,2,2,0.75,2,2,1
5112-RISCY-FPU-a-2-c20-u0.7-m1-p7-f1,5112,RISCY-FPU-a,2,20,0.7,1,7,1
4781-RISCY-FPU-a-2-c2-u0.85-m2-p1-f1,4781,RISCY-FPU-a,2,2,0.85,2,1,1
5152-RISCY-FPU-a-2-c20-u0.75-m3-p7-f1,5152,RISCY-FPU-a,2,20,0.75,3,7,1
4943-RISCY-FPU-a-2-c5-u0.75-m1-p8-f1,4943,RISCY-FPU-a,2,5,0.75,1,8,1
5177-RISCY-FPU-a-2-c20-u0.85-m1-p2-f1,5177,RISCY-FPU-a,2,20,0.85,1,2,1
4947-RISCY-FPU-a-2-c5-u0.75-m2-p4-f1,4947,RISCY-FPU-a,2,5,0.75,2,4,1
4775-RISCY-FPU-a-2-c2-u0.85-m1-p3-f1,4775,RISCY-FPU-a,2,2,0.85,1,3,1
5108-RISCY-FPU-a-2-c20-u0.7-m1-p3-f1,5108,RISCY-FPU-a,2,20,0.7,1,3,1
4924-RISCY-FPU-a-2-c5-u0.7-m2-p4-f1,4924,RISCY-FPU-a,2,5,0.7,2,4,1
4633-RISCY-FPU-a-2-c2-u0.7-m3-p8-f0,4633,RISCY-FPU-a,2,2,0.7,3,8,0
5188-RISCY-FPU-a-2-c20-u0.85-m2-p7-f1,5188,RISCY-FPU-a,2,20,0.85,2,7,1
4626-RISCY-FPU-a-2-c2-u0.7-m3-p1-f0,4626,RISCY-FPU-a,2,2,0.7,3,1,0
4844-RISCY-FPU-a-2-c5-u0.7-m4-p3-f0,4844,RISCY-FPU-a,2,5,0.7,4,3,0
5153-RISCY-FPU-a-2-c20-u0.8-m1-p1-f1,5153,RISCY-FPU-a,2,20,0.8,1,1,1
5131-RISCY-FPU-a-2-c20-u0.75-m1-p2-f1,5131,RISCY-FPU-a,2,20,0.75,1,2,1
4749-RISCY-FPU-a-2-c2-u0.8-m1-p1-f1,4749,RISCY-FPU-a,2,2,0.8,1,1,1
4878-RISCY-FPU-a-2-c5-u0.8-m2-p8-f0,4878,RISCY-FPU-a,2,5,0.8,2,8,0
5134-RISCY-FPU-a-2-c20-u0.75-m1-p5-f1,5134,RISCY-FPU-a,2,20,0.75,1,5,1
4956-RISCY-FPU-a-2-c5-u0.75-m3-p5-f1,4956,RISCY-FPU-a,2,5,0.75,3,5,1
4748-RISCY-FPU-a-2-c2-u0.75-m3-p8-f1,4748,RISCY-FPU-a,2,2,0.75,3,8,1
4660-RISCY-FPU-a-2-c2-u0.75-m4-p3-f0,4660,RISCY-FPU-a,2,2,0.75,4,3,0
4868-RISCY-FPU-a-2-c5-u0.75-m4-p4-f0,4868,RISCY-FPU-a,2,5,0.75,4,4,0
4829-RISCY-FPU-a-2-c5-u0.7-m2-p3-f0,4829,RISCY-FPU-a,2,5,0.7,2,3,0
5106-RISCY-FPU-a-2-c20-u0.7-m1-p1-f1,5106,RISCY-FPU-a,2,20,0.7,1,1,1
5209-RISCY-FPU-a-2-c20-u0.9-m3-p2-f1,5209,RISCY-FPU-a,2,20,0.9,3,2,1
5075-RISCY-FPU-a-2-c20-u0.8-m1-p5-f0,5075,RISCY-FPU-a,2,20,0.8,1,5,0
5050-RISCY-FPU-a-2-c20-u0.75-m1-p3-f0,5050,RISCY-FPU-a,2,20,0.75,1,3,0
4818-RISCY-FPU-a-2-c2-u0.9-m3-p7-f1,4818,RISCY-FPU-a,2,2,0.9,3,7,1
4946-RISCY-FPU-a-2-c5-u0.75-m2-p3-f1,4946,RISCY-FPU-a,2,5,0.75,2,3,1
4636-RISCY-FPU-a-2-c2-u0.7-m4-p3-f0,4636,RISCY-FPU-a,2,2,0.7,4,3,0
4873-RISCY-FPU-a-2-c5-u0.8-m1-p8-f0,4873,RISCY-FPU-a,2,5,0.8,1,8,0
5182-RISCY-FPU-a-2-c20-u0.85-m1-p7-f1,5182,RISCY-FPU-a,2,20,0.85,1,7,1
4671-RISCY-FPU-a-2-c2-u0.8-m1-p8-f0,4671,RISCY-FPU-a,2,2,0.8,1,8,0
4708-RISCY-FPU-a-2-c2-u0.7-m1-p8-f1,4708,RISCY-FPU-a,2,2,0.7,1,8,1
4938-RISCY-FPU-a-2-c5-u0.75-m1-p2-f1,4938,RISCY-FPU-a,2,5,0.75,1,2,1
5059-RISCY-FPU-a-2-c20-u0.75-m2-p4-f0,5059,RISCY-FPU-a,2,20,0.75,2,4,0
4640-RISCY-FPU-a-2-c2-u0.7-m4-p7-f0,4640,RISCY-FPU-a,2,2,0.7,4,7,0
4815-RISCY-FPU-a-2-c2-u0.9-m3-p4-f1,4815,RISCY-FPU-a,2,2,0.9,3,4,1
4915-RISCY-FPU-a-2-c5-u0.7-m1-p3-f1,4915,RISCY-FPU-a,2,5,0.7,1,3,1
4810-RISCY-FPU-a-2-c2-u0.9-m2-p7-f1,4810,RISCY-FPU-a,2,2,0.9,2,7,1
4659-RISCY-FPU-a-2-c2-u0.75-m4-p2-f0,4659,RISCY-FPU-a,2,2,0.75,4,2,0
5212-RISCY-FPU-a-2-c20-u0.9-m3-p5-f1,5212,RISCY-FPU-a,2,20,0.9,3,5,1
5167-RISCY-FPU-a-2-c20-u0.8-m2-p7-f1,5167,RISCY-FPU-a,2,20,0.8,2,7,1
4713-RISCY-FPU-a-2-c2-u0.7-m2-p5-f1,4713,RISCY-FPU-a,2,2,0.7,2,5,1
5179-RISCY-FPU-a-2-c20-u0.85-m1-p4-f1,5179,RISCY-FPU-a,2,20,0.85,1,4,1
4643-RISCY-FPU-a-2-c2-u0.75-m1-p2-f0,4643,RISCY-FPU-a,2,2,0.75,1,2,0
5066-RISCY-FPU-a-2-c20-u0.75-m3-p4-f0,5066,RISCY-FPU-a,2,20,0.75,3,4,0
4691-RISCY-FPU-a-2-c2-u0.85-m3-p4-f0,4691,RISCY-FPU-a,2,2,0.85,3,4,0
4665-RISCY-FPU-a-2-c2-u0.75-m4-p8-f0,4665,RISCY-FPU-a,2,2,0.75,4,8,0
4881-RISCY-FPU-a-2-c5-u0.8-m3-p3-f0,4881,RISCY-FPU-a,2,5,0.8,3,3,0
5097-RISCY-FPU-a-2-c20-u0.85-m1-p7-f0,5097,RISCY-FPU-a,2,20,0.85,1,7,0
5024-RISCY-FPU-a-2-c5-u0.9-m3-p4-f1,5024,RISCY-FPU-a,2,5,0.9,3,4,1
5189-RISCY-FPU-a-2-c20-u0.85-m2-p8-f1,5189,RISCY-FPU-a,2,20,0.85,2,8,1
4959-RISCY-FPU-a-2-c5-u0.75-m3-p8-f1,4959,RISCY-FPU-a,2,5,0.75,3,8,1
5039-RISCY-FPU-a-2-c20-u0.7-m2-p8-f0,5039,RISCY-FPU-a,2,20,0.7,2,8,0
5051-RISCY-FPU-a-2-c20-u0.75-m1-p4-f0,5051,RISCY-FPU-a,2,20,0.75,1,4,0
4673-RISCY-FPU-a-2-c2-u0.8-m3-p1-f0,4673,RISCY-FPU-a,2,2,0.8,3,1,0
5090-RISCY-FPU-a-2-c20-u0.8-m3-p6-f0,5090,RISCY-FPU-a,2,20,0.8,3,6,0
4987-RISCY-FPU-a-2-c5-u0.85-m1-p5-f1,4987,RISCY-FPU-a,2,5,0.85,1,5,1
5157-RISCY-FPU-a-2-c20-u0.8-m1-p5-f1,5157,RISCY-FPU-a,2,20,0.8,1,5,1
5165-RISCY-FPU-a-2-c20-u0.8-m2-p5-f1,5165,RISCY-FPU-a,2,20,0.8,2,5,1
4974-RISCY-FPU-a-2-c5-u0.8-m2-p8-f1,4974,RISCY-FPU-a,2,5,0.8,2,8,1
4801-RISCY-FPU-a-2-c2-u0.9-m1-p6-f1,4801,RISCY-FPU-a,2,2,0.9,1,6,1
5168-RISCY-FPU-a-2-c20-u0.8-m2-p8-f1,5168,RISCY-FPU-a,2,20,0.8,2,8,1
4786-RISCY-FPU-a-2-c2-u0.85-m2-p6-f1,4786,RISCY-FPU-a,2,2,0.85,2,6,1
4995-RISCY-FPU-a-2-c5-u0.85-m2-p5-f1,4995,RISCY-FPU-a,2,5,0.85,2,5,1
4877-RISCY-FPU-a-2-c5-u0.8-m2-p7-f0,4877,RISCY-FPU-a,2,5,0.8,2,7,0
4967-RISCY-FPU-a-2-c5-u0.8-m1-p8-f1,4967,RISCY-FPU-a,2,5,0.8,1,8,1
4953-RISCY-FPU-a-2-c5-u0.75-m3-p2-f1,4953,RISCY-FPU-a,2,5,0.75,3,2,1
5207-RISCY-FPU-a-2-c20-u0.9-m2-p8-f1,5207,RISCY-FPU-a,2,20,0.9,2,8,1
4730-RISCY-FPU-a-2-c2-u0.75-m1-p6-f1,4730,RISCY-FPU-a,2,2,0.75,1,6,1
4984-RISCY-FPU-a-2-c5-u0.85-m1-p2-f1,4984,RISCY-FPU-a,2,5,0.85,1,2,1
4783-RISCY-FPU-a-2-c2-u0.85-m2-p3-f1,4783,RISCY-FPU-a,2,2,0.85,2,3,1
4780-RISCY-FPU-a-2-c2-u0.85-m1-p8-f1,4780,RISCY-FPU-a,2,2,0.85,1,8,1
4957-RISCY-FPU-a-2-c5-u0.75-m3-p6-f1,4957,RISCY-FPU-a,2,5,0.75,3,6,1
4927-RISCY-FPU-a-2-c5-u0.7-m2-p7-f1,4927,RISCY-FPU-a,2,5,0.7,2,7,1
4743-RISCY-FPU-a-2-c2-u0.75-m3-p3-f1,4743,RISCY-FPU-a,2,2,0.75,3,3,1
4637-RISCY-FPU-a-2-c2-u0.7-m4-p4-f0,4637,RISCY-FPU-a,2,2,0.7,4,4,0
4872-RISCY-FPU-a-2-c5-u0.8-m1-p6-f0,4872,RISCY-FPU-a,2,5,0.8,1,6,0
4661-RISCY-FPU-a-2-c2-u0.75-m4-p4-f0,4661,RISCY-FPU-a,2,2,0.75,4,4,0
4791-RISCY-FPU-a-2-c2-u0.85-m3-p3-f1,4791,RISCY-FPU-a,2,2,0.85,3,3,1
4954-RISCY-FPU-a-2-c5-u0.75-m3-p3-f1,4954,RISCY-FPU-a,2,5,0.75,3,3,1
4865-RISCY-FPU-a-2-c5-u0.75-m4-p1-f0,4865,RISCY-FPU-a,2,5,0.75,4,1,0
5137-RISCY-FPU-a-2-c20-u0.75-m1-p8-f1,5137,RISCY-FPU-a,2,20,0.75,1,8,1
4796-RISCY-FPU-a-2-c2-u0.9-m1-p1-f1,4796,RISCY-FPU-a,2,2,0.9,1,1,1
5025-RISCY-FPU-a-2-c5-u0.9-m3-p5-f1,5025,RISCY-FPU-a,2,5,0.9,3,5,1
4763-RISCY-FPU-a-2-c2-u0.8-m2-p7-f1,4763,RISCY-FPU-a,2,2,0.8,2,7,1
4664-RISCY-FPU-a-2-c2-u0.75-m4-p7-f0,4664,RISCY-FPU-a,2,2,0.75,4,7,0
5042-RISCY-FPU-a-2-c20-u0.7-m3-p3-f0,5042,RISCY-FPU-a,2,20,0.7,3,3,0
5122-RISCY-FPU-a-2-c20-u0.7-m3-p1-f1,5122,RISCY-FPU-a,2,20,0.7,3,1,1
5091-RISCY-FPU-a-2-c20-u0.8-m3-p7-f0,5091,RISCY-FPU-a,2,20,0.8,3,7,0
4979-RISCY-FPU-a-2-c5-u0.8-m3-p5-f1,4979,RISCY-FPU-a,2,5,0.8,3,5,1
5115-RISCY-FPU-a-2-c20-u0.7-m2-p2-f1,5115,RISCY-FPU-a,2,20,0.7,2,2,1
4632-RISCY-FPU-a-2-c2-u0.7-m3-p7-f0,4632,RISCY-FPU-a,2,2,0.7,3,7,0
5102-RISCY-FPU-a-2-c20-u0.85-m3-p5-f0,5102,RISCY-FPU-a,2,20,0.85,3,5,0
5070-RISCY-FPU-a-2-c20-u0.75-m3-p8-f0,5070,RISCY-FPU-a,2,20,0.75,3,8,0
5045-RISCY-FPU-a-2-c20-u0.7-m3-p6-f0,5045,RISCY-FPU-a,2,20,0.7,3,6,0
5140-RISCY-FPU-a-2-c20-u0.75-m2-p3-f1,5140,RISCY-FPU-a,2,20,0.75,2,3,1
4758-RISCY-FPU-a-2-c2-u0.8-m2-p2-f1,4758,RISCY-FPU-a,2,2,0.8,2,2,1
4789-RISCY-FPU-a-2-c2-u0.85-m3-p1-f1,4789,RISCY-FPU-a,2,2,0.85,3,1,1
4851-RISCY-FPU-a-2-c5-u0.75-m2-p2-f0,4851,RISCY-FPU-a,2,5,0.75,2,2,0
5201-RISCY-FPU-a-2-c20-u0.9-m2-p1-f1,5201,RISCY-FPU-a,2,20,0.9,2,1,1
4926-RISCY-FPU-a-2-c5-u0.7-m2-p6-f1,4926,RISCY-FPU-a,2,5,0.7,2,6,1
5078-RISCY-FPU-a-2-c20-u0.8-m1-p8-f0,5078,RISCY-FPU-a,2,20,0.8,1,8,0
5123-RISCY-FPU-a-2-c20-u0.7-m3-p2-f1,5123,RISCY-FPU-a,2,20,0.7,3,2,1
4896-RISCY-FPU-a-2-c5-u0.85-m1-p8-f0,4896,RISCY-FPU-a,2,5,0.85,1,8,0
4788-RISCY-FPU-a-2-c2-u0.85-m2-p8-f1,4788,RISCY-FPU-a,2,2,0.85,2,8,1
4892-RISCY-FPU-a-2-c5-u0.8-m4-p7-f0,4892,RISCY-FPU-a,2,5,0.8,4,7,0
4918-RISCY-FPU-a-2-c5-u0.7-m1-p6-f1,4918,RISCY-FPU-a,2,5,0.7,1,6,1
4822-RISCY-FPU-a-2-c5-u0.7-m1-p4-f0,4822,RISCY-FPU-a,2,5,0.7,1,4,0
4962-RISCY-FPU-a-2-c5-u0.8-m1-p3-f1,4962,RISCY-FPU-a,2,5,0.8,1,3,1
5000-RISCY-FPU-a-2-c5-u0.85-m3-p2-f1,5000,RISCY-FPU-a,2,5,0.85,3,2,1
4834-RISCY-FPU-a-2-c5-u0.7-m2-p8-f0,4834,RISCY-FPU-a,2,5,0.7,2,8,0
4693-RISCY-FPU-a-2-c2-u0.85-m4-p1-f0,4693,RISCY-FPU-a,2,2,0.85,4,1,0
4669-RISCY-FPU-a-2-c2-u0.8-m1-p6-f0,4669,RISCY-FPU-a,2,2,0.8,1,6,0
4809-RISCY-FPU-a-2-c2-u0.9-m2-p6-f1,4809,RISCY-FPU-a,2,2,0.9,2,6,1
4913-RISCY-FPU-a-2-c5-u0.7-m1-p1-f1,4913,RISCY-FPU-a,2,5,0.7,1,1,1
4767-RISCY-FPU-a-2-c2-u0.8-m3-p3-f1,4767,RISCY-FPU-a,2,2,0.8,3,3,1
5143-RISCY-FPU-a-2-c20-u0.75-m2-p6-f1,5143,RISCY-FPU-a,2,20,0.75,2,6,1
4930-RISCY-FPU-a-2-c5-u0.7-m3-p2-f1,4930,RISCY-FPU-a,2,5,0.7,3,2,1
4945-RISCY-FPU-a-2-c5-u0.75-m2-p2-f1,4945,RISCY-FPU-a,2,5,0.75,2,2,1
4948-RISCY-FPU-a-2-c5-u0.75-m2-p5-f1,4948,RISCY-FPU-a,2,5,0.75,2,5,1
5206-RISCY-FPU-a-2-c20-u0.9-m2-p6-f1,5206,RISCY-FPU-a,2,20,0.9,2,6,1
4700-RISCY-FPU-a-2-c2-u0.85-m4-p8-f0,4700,RISCY-FPU-a,2,2,0.85,4,8,0
4727-RISCY-FPU-a-2-c2-u0.75-m1-p3-f1,4727,RISCY-FPU-a,2,2,0.75,1,3,1
4797-RISCY-FPU-a-2-c2-u0.9-m1-p2-f1,4797,RISCY-FPU-a,2,2,0.9,1,2,1
5150-RISCY-FPU-a-2-c20-u0.75-m3-p5-f1,5150,RISCY-FPU-a,2,20,0.75,3,5,1
4784-RISCY-FPU-a-2-c2-u0.85-m2-p4-f1,4784,RISCY-FPU-a,2,2,0.85,2,4,1
4631-RISCY-FPU-a-2-c2-u0.7-m3-p6-f0,4631,RISCY-FPU-a,2,2,0.7,3,6,0
4798-RISCY-FPU-a-2-c2-u0.9-m1-p3-f1,4798,RISCY-FPU-a,2,2,0.9,1,3,1
5192-RISCY-FPU-a-2-c20-u0.85-m3-p4-f1,5192,RISCY-FPU-a,2,20,0.85,3,4,1
4911-RISCY-FPU-a-2-c5-u0.85-m4-p7-f0,4911,RISCY-FPU-a,2,5,0.85,4,7,0
4790-RISCY-FPU-a-2-c2-u0.85-m3-p2-f1,4790,RISCY-FPU-a,2,2,0.85,3,2,1
4630-RISCY-FPU-a-2-c2-u0.7-m3-p5-f0,4630,RISCY-FPU-a,2,2,0.7,3,5,0
4674-RISCY-FPU-a-2-c2-u0.8-m3-p2-f0,4674,RISCY-FPU-a,2,2,0.8,3,2,0
5210-RISCY-FPU-a-2-c20-u0.9-m3-p3-f1,5210,RISCY-FPU-a,2,20,0.9,3,3,1
4903-RISCY-FPU-a-2-c5-u0.85-m3-p7-f0,4903,RISCY-FPU-a,2,5,0.85,3,7,0
5193-RISCY-FPU-a-2-c20-u0.85-m3-p5-f1,5193,RISCY-FPU-a,2,20,0.85,3,5,1
4975-RISCY-FPU-a-2-c5-u0.8-m3-p1-f1,4975,RISCY-FPU-a,2,5,0.8,3,1,1
5013-RISCY-FPU-a-2-c5-u0.9-m1-p8-f1,5013,RISCY-FPU-a,2,5,0.9,1,8,1
4675-RISCY-FPU-a-2-c2-u0.8-m3-p3-f0,4675,RISCY-FPU-a,2,2,0.8,3,3,0
5170-RISCY-FPU-a-2-c20-u0.8-m3-p2-f1,5170,RISCY-FPU-a,2,20,0.8,3,2,1
4793-RISCY-FPU-a-2-c2-u0.85-m3-p5-f1,4793,RISCY-FPU-a,2,2,0.85,3,5,1
5035-RISCY-FPU-a-2-c20-u0.7-m2-p3-f0,5035,RISCY-FPU-a,2,20,0.7,2,3,0
4737-RISCY-FPU-a-2-c2-u0.75-m2-p5-f1,4737,RISCY-FPU-a,2,2,0.75,2,5,1
4968-RISCY-FPU-a-2-c5-u0.8-m2-p1-f1,4968,RISCY-FPU-a,2,5,0.8,2,1,1
5145-RISCY-FPU-a-2-c20-u0.75-m2-p8-f1,5145,RISCY-FPU-a,2,20,0.75,2,8,1
5159-RISCY-FPU-a-2-c20-u0.8-m1-p7-f1,5159,RISCY-FPU-a,2,20,0.8,1,7,1
5195-RISCY-FPU-a-2-c20-u0.85-m3-p8-f1,5195,RISCY-FPU-a,2,20,0.85,3,8,1
4742-RISCY-FPU-a-2-c2-u0.75-m3-p2-f1,4742,RISCY-FPU-a,2,2,0.75,3,2,1
4919-RISCY-FPU-a-2-c5-u0.7-m1-p7-f1,4919,RISCY-FPU-a,2,5,0.7,1,7,1
5183-RISCY-FPU-a-2-c20-u0.85-m1-p8-f1,5183,RISCY-FPU-a,2,20,0.85,1,8,1
4785-RISCY-FPU-a-2-c2-u0.85-m2-p5-f1,4785,RISCY-FPU-a,2,2,0.85,2,5,1
5095-RISCY-FPU-a-2-c20-u0.85-m1-p3-f0,5095,RISCY-FPU-a,2,20,0.85,1,3,0
4899-RISCY-FPU-a-2-c5-u0.85-m3-p3-f0,4899,RISCY-FPU-a,2,5,0.85,3,3,0
4965-RISCY-FPU-a-2-c5-u0.8-m1-p6-f1,4965,RISCY-FPU-a,2,5,0.8,1,6,1
5011-RISCY-FPU-a-2-c5-u0.9-m1-p6-f1,5011,RISCY-FPU-a,2,5,0.9,1,6,1
4662-RISCY-FPU-a-2-c2-u0.75-m4-p5-f0,4662,RISCY-FPU-a,2,2,0.75,4,5,0
4639-RISCY-FPU-a-2-c2-u0.7-m4-p6-f0,4639,RISCY-FPU-a,2,2,0.7,4,6,0
4735-RISCY-FPU-a-2-c2-u0.75-m2-p3-f1,4735,RISCY-FPU-a,2,2,0.75,2,3,1
4685-RISCY-FPU-a-2-c2-u0.8-m4-p5-f0,4685,RISCY-FPU-a,2,2,0.8,4,5,0
5109-RISCY-FPU-a-2-c20-u0.7-m1-p4-f1,5109,RISCY-FPU-a,2,20,0.7,1,4,1
4687-RISCY-FPU-a-2-c2-u0.8-m4-p7-f0,4687,RISCY-FPU-a,2,2,0.8,4,7,0
4726-RISCY-FPU-a-2-c2-u0.75-m1-p2-f1,4726,RISCY-FPU-a,2,2,0.75,1,2,1
4936-RISCY-FPU-a-2-c5-u0.7-m3-p8-f1,4936,RISCY-FPU-a,2,5,0.7,3,8,1
4841-RISCY-FPU-a-2-c5-u0.7-m3-p8-f0,4841,RISCY-FPU-a,2,5,0.7,3,8,0
4843-RISCY-FPU-a-2-c5-u0.7-m4-p2-f0,4843,RISCY-FPU-a,2,5,0.7,4,2,0
5173-RISCY-FPU-a-2-c20-u0.8-m3-p5-f1,5173,RISCY-FPU-a,2,20,0.8,3,5,1
4848-RISCY-FPU-a-2-c5-u0.75-m1-p6-f0,4848,RISCY-FPU-a,2,5,0.75,1,6,0
4999-RISCY-FPU-a-2-c5-u0.85-m3-p1-f1,4999,RISCY-FPU-a,2,5,0.85,3,1,1
4777-RISCY-FPU-a-2-c2-u0.85-m1-p5-f1,4777,RISCY-FPU-a,2,2,0.85,1,5,1
4997-RISCY-FPU-a-2-c5-u0.85-m2-p7-f1,4997,RISCY-FPU-a,2,5,0.85,2,7,1
5147-RISCY-FPU-a-2-c20-u0.75-m3-p2-f1,5147,RISCY-FPU-a,2,20,0.75,3,2,1
4684-RISCY-FPU-a-2-c2-u0.8-m4-p4-f0,4684,RISCY-FPU-a,2,2,0.8,4,4,0
4621-RISCY-FPU-a-2-c2-u0.7-m2-p1-f0,4621,RISCY-FPU-a,2,2,0.7,2,1,0
5160-RISCY-FPU-a-2-c20-u0.8-m1-p8-f1,5160,RISCY-FPU-a,2,20,0.8,1,8,1
4828-RISCY-FPU-a-2-c5-u0.7-m2-p2-f0,4828,RISCY-FPU-a,2,5,0.7,2,2,0
4756-RISCY-FPU-a-2-c2-u0.8-m1-p8-f1,4756,RISCY-FPU-a,2,2,0.8,1,8,1
5198-RISCY-FPU-a-2-c20-u0.9-m1-p4-f1,5198,RISCY-FPU-a,2,20,0.9,1,4,1
4854-RISCY-FPU-a-2-c5-u0.75-m2-p6-f0,4854,RISCY-FPU-a,2,5,0.75,2,6,0
5135-RISCY-FPU-a-2-c20-u0.75-m1-p6-f1,5135,RISCY-FPU-a,2,20,0.75,1,6,1
4704-RISCY-FPU-a-2-c2-u0.7-m1-p4-f1,4704,RISCY-FPU-a,2,2,0.7,1,4,1
4744-RISCY-FPU-a-2-c2-u0.75-m3-p4-f1,4744,RISCY-FPU-a,2,2,0.75,3,4,1
4773-RISCY-FPU-a-2-c2-u0.85-m1-p1-f1,4773,RISCY-FPU-a,2,2,0.85,1,1,1
4680-RISCY-FPU-a-2-c2-u0.8-m3-p8-f0,4680,RISCY-FPU-a,2,2,0.8,3,8,0
5028-RISCY-FPU-a-2-c5-u0.9-m3-p8-f1,5028,RISCY-FPU-a,2,5,0.9,3,8,1
5001-RISCY-FPU-a-2-c5-u0.85-m3-p3-f1,5001,RISCY-FPU-a,2,5,0.85,3,3,1
5034-RISCY-FPU-a-2-c20-u0.7-m2-p2-f0,5034,RISCY-FPU-a,2,20,0.7,2,2,0
5041-RISCY-FPU-a-2-c20-u0.7-m3-p2-f0,5041,RISCY-FPU-a,2,20,0.7,3,2,0
5180-RISCY-FPU-a-2-c20-u0.85-m1-p5-f1,5180,RISCY-FPU-a,2,20,0.85,1,5,1
4688-RISCY-FPU-a-2-c2-u0.8-m4-p8-f0,4688,RISCY-FPU-a,2,2,0.8,4,8,0
5164-RISCY-FPU-a-2-c20-u0.8-m2-p4-f1,5164,RISCY-FPU-a,2,20,0.8,2,4,1
4906-RISCY-FPU-a-2-c5-u0.85-m4-p2-f0,4906,RISCY-FPU-a,2,5,0.85,4,2,0
5086-RISCY-FPU-a-2-c20-u0.8-m3-p2-f0,5086,RISCY-FPU-a,2,20,0.8,3,2,0
4837-RISCY-FPU-a-2-c5-u0.7-m3-p3-f0,4837,RISCY-FPU-a,2,5,0.7,3,3,0
4706-RISCY-FPU-a-2-c2-u0.7-m1-p6-f1,4706,RISCY-FPU-a,2,2,0.7,1,6,1
5010-RISCY-FPU-a-2-c5-u0.9-m1-p5-f1,5010,RISCY-FPU-a,2,5,0.9,1,5,1
4846-RISCY-FPU-a-2-c5-u0.75-m1-p3-f0,4846,RISCY-FPU-a,2,5,0.75,1,3,0
4757-RISCY-FPU-a-2-c2-u0.8-m2-p1-f1,4757,RISCY-FPU-a,2,2,0.8,2,1,1
5149-RISCY-FPU-a-2-c20-u0.75-m3-p4-f1,5149,RISCY-FPU-a,2,20,0.75,3,4,1
5053-RISCY-FPU-a-2-c20-u0.75-m1-p6-f0,5053,RISCY-FPU-a,2,20,0.75,1,6,0
4711-RISCY-FPU-a-2-c2-u0.7-m2-p3-f1,4711,RISCY-FPU-a,2,2,0.7,2,3,1
4624-RISCY-FPU-a-2-c2-u0.7-m2-p6-f0,4624,RISCY-FPU-a,2,2,0.7,2,6,0
5144-RISCY-FPU-a-2-c20-u0.75-m2-p7-f1,5144,RISCY-FPU-a,2,20,0.75,2,7,1
5120-RISCY-FPU-a-2-c20-u0.7-m2-p7-f1,5120,RISCY-FPU-a,2,20,0.7,2,7,1
5026-RISCY-FPU-a-2-c5-u0.9-m3-p6-f1,5026,RISCY-FPU-a,2,5,0.9,3,6,1
4993-RISCY-FPU-a-2-c5-u0.85-m2-p3-f1,4993,RISCY-FPU-a,2,5,0.85,2,3,1
5077-RISCY-FPU-a-2-c20-u0.8-m1-p7-f0,5077,RISCY-FPU-a,2,20,0.8,1,7,0
4698-RISCY-FPU-a-2-c2-u0.85-m4-p6-f0,4698,RISCY-FPU-a,2,2,0.85,4,6,0
5044-RISCY-FPU-a-2-c20-u0.7-m3-p5-f0,5044,RISCY-FPU-a,2,20,0.7,3,5,0
4764-RISCY-FPU-a-2-c2-u0.8-m2-p8-f1,4764,RISCY-FPU-a,2,2,0.8,2,8,1
4732-RISCY-FPU-a-2-c2-u0.75-m1-p8-f1,4732,RISCY-FPU-a,2,2,0.75,1,8,1
4972-RISCY-FPU-a-2-c5-u0.8-m2-p5-f1,4972,RISCY-FPU-a,2,5,0.8,2,5,1
4886-RISCY-FPU-a-2-c5-u0.8-m4-p1-f0,4886,RISCY-FPU-a,2,5,0.8,4,1,0
4721-RISCY-FPU-a-2-c2-u0.7-m3-p5-f1,4721,RISCY-FPU-a,2,2,0.7,3,5,1
4806-RISCY-FPU-a-2-c2-u0.9-m2-p3-f1,4806,RISCY-FPU-a,2,2,0.9,2,3,1
5139-RISCY-FPU-a-2-c20-u0.75-m2-p2-f1,5139,RISCY-FPU-a,2,20,0.75,2,2,1
5046-RISCY-FPU-a-2-c20-u0.7-m3-p7-f0,5046,RISCY-FPU-a,2,20,0.7,3,7,0
4976-RISCY-FPU-a-2-c5-u0.8-m3-p2-f1,4976,RISCY-FPU-a,2,5,0.8,3,2,1
5030-RISCY-FPU-a-2-c20-u0.7-m1-p4-f0,5030,RISCY-FPU-a,2,20,0.7,1,4,0
5125-RISCY-FPU-a-2-c20-u0.7-m3-p4-f1,5125,RISCY-FPU-a,2,20,0.7,3,4,1
5148-RISCY-FPU-a-2-c20-u0.75-m3-p3-f1,5148,RISCY-FPU-a,2,20,0.75,3,3,1
4864-RISCY-FPU-a-2-c5-u0.75-m3-p8-f0,4864,RISCY-FPU-a,2,5,0.75,3,8,0
5191-RISCY-FPU-a-2-c20-u0.85-m3-p3-f1,5191,RISCY-FPU-a,2,20,0.85,3,3,1
4699-RISCY-FPU-a-2-c2-u0.85-m4-p7-f0,4699,RISCY-FPU-a,2,2,0.85,4,7,0
4897-RISCY-FPU-a-2-c5-u0.85-m3-p1-f0,4897,RISCY-FPU-a,2,5,0.85,3,1,0
4960-RISCY-FPU-a-2-c5-u0.8-m1-p1-f1,4960,RISCY-FPU-a,2,5,0.8,1,1,1
4994-RISCY-FPU-a-2-c5-u0.85-m2-p4-f1,4994,RISCY-FPU-a,2,5,0.85,2,4,1
4929-RISCY-FPU-a-2-c5-u0.7-m3-p1-f1,4929,RISCY-FPU-a,2,5,0.7,3,1,1
4983-RISCY-FPU-a-2-c5-u0.85-m1-p1-f1,4983,RISCY-FPU-a,2,5,0.85,1,1,1
5154-RISCY-FPU-a-2-c20-u0.8-m1-p2-f1,5154,RISCY-FPU-a,2,20,0.8,1,2,1
4656-RISCY-FPU-a-2-c2-u0.75-m3-p7-f0,4656,RISCY-FPU-a,2,2,0.75,3,7,0
5197-RISCY-FPU-a-2-c20-u0.9-m1-p3-f1,5197,RISCY-FPU-a,2,20,0.9,1,3,1
5176-RISCY-FPU-a-2-c20-u0.8-m3-p8-f1,5176,RISCY-FPU-a,2,20,0.8,3,8,1
5036-RISCY-FPU-a-2-c20-u0.7-m2-p4-f0,5036,RISCY-FPU-a,2,20,0.7,2,4,0
4772-RISCY-FPU-a-2-c2-u0.8-m3-p8-f1,4772,RISCY-FPU-a,2,2,0.8,3,8,1
5200-RISCY-FPU-a-2-c20-u0.9-m1-p7-f1,5200,RISCY-FPU-a,2,20,0.9,1,7,1
4813-RISCY-FPU-a-2-c2-u0.9-m3-p2-f1,4813,RISCY-FPU-a,2,2,0.9,3,2,1
4869-RISCY-FPU-a-2-c5-u0.8-m1-p1-f0,4869,RISCY-FPU-a,2,5,0.8,1,1,0
4724-RISCY-FPU-a-2-c2-u0.7-m3-p8-f1,4724,RISCY-FPU-a,2,2,0.7,3,8,1
4628-RISCY-FPU-a-2-c2-u0.7-m3-p3-f0,4628,RISCY-FPU-a,2,2,0.7,3,3,0
1523-RISCY-a-3-c2-u0.75-m2-p5-f1,1523,RISCY-a,3,2,0.75,2,5,1
1525-RISCY-a-3-c2-u0.75-m2-p7-f1,1525,RISCY-a,3,2,0.75,2,7,1
1539-RISCY-a-3-c2-u0.8-m1-p5-f1,1539,RISCY-a,3,2,0.8,1,5,1
1648-RISCY-a-3-c5-u0.75-m2-p2-f0,1648,RISCY-a,3,5,0.75,2,2,0
1608-RISCY-a-3-c5-u0.7-m1-p2-f0,1608,RISCY-a,3,5,0.7,1,2,0
1990-RISCY-a-3-c20-u0.85-m3-p7-f1,1990,RISCY-a,3,20,0.85,3,7,1
1861-RISCY-a-3-c20-u0.75-m3-p1-f0,1861,RISCY-a,3,20,0.75,3,1,0
1947-RISCY-a-3-c20-u0.8-m1-p4-f1,1947,RISCY-a,3,20,0.8,1,4,1
1754-RISCY-a-3-c5-u0.75-m3-p7-f1,1754,RISCY-a,3,5,0.75,3,7,1
1888-RISCY-a-3-c20-u0.8-m3-p5-f0,1888,RISCY-a,3,20,0.8,3,5,0
1483-RISCY-a-3-c2-u0.85-m4-p5-f0,1483,RISCY-a,3,2,0.85,4,5,0
1800-RISCY-a-3-c5-u0.85-m3-p5-f1,1800,RISCY-a,3,5,0.85,3,5,1
1429-RISCY-a-3-c2-u0.75-m4-p5-f0,1429,RISCY-a,3,2,0.75,4,5,0
1845-RISCY-a-3-c20-u0.7-m3-p8-f0,1845,RISCY-a,3,20,0.7,3,8,0
1436-RISCY-a-3-c2-u0.8-m1-p4-f0,1436,RISCY-a,3,2,0.8,1,4,0
1806-RISCY-a-3-c5-u0.9-m1-p3-f1,1806,RISCY-a,3,5,0.9,1,3,1
1445-RISCY-a-3-c2-u0.8-m2-p5-f0,1445,RISCY-a,3,2,0.8,2,5,0
1898-RISCY-a-3-c20-u0.7-m1-p3-f1,1898,RISCY-a,3,20,0.7,1,3,1
1564-RISCY-a-3-c2-u0.85-m1-p6-f1,1564,RISCY-a,3,2,0.85,1,6,1
1765-RISCY-a-3-c5-u0.8-m2-p2-f1,1765,RISCY-a,3,5,0.8,2,2,1
1886-RISCY-a-3-c20-u0.8-m3-p3-f0,1886,RISCY-a,3,20,0.8,3,3,0
1504-RISCY-a-3-c2-u0.7-m3-p2-f1,1504,RISCY-a,3,2,0.7,3,2,1
1655-RISCY-a-3-c5-u0.75-m3-p1-f0,1655,RISCY-a,3,5,0.75,3,1,0
1580-RISCY-a-3-c2-u0.85-m3-p6-f1,1580,RISCY-a,3,2,0.85,3,6,1
1971-RISCY-a-3-c20-u0.85-m1-p4-f1,1971,RISCY-a,3,20,0.85,1,4,1
1766-RISCY-a-3-c5-u0.8-m2-p3-f1,1766,RISCY-a,3,5,0.8,2,3,1
1379-RISCY-a-3-c2-u0.7-m2-p3-f0,1379,RISCY-a,3,2,0.7,2,3,0
1791-RISCY-a-3-c5-u0.85-m2-p4-f1,1791,RISCY-a,3,5,0.85,2,4,1
1832-RISCY-a-3-c20-u0.7-m2-p3-f0,1832,RISCY-a,3,20,0.7,2,3,0
1748-RISCY-a-3-c5-u0.75-m3-p1-f1,1748,RISCY-a,3,5,0.75,3,1,1
1986-RISCY-a-3-c20-u0.85-m3-p3-f1,1986,RISCY-a,3,20,0.85,3,3,1
1643-RISCY-a-3-c5-u0.75-m1-p5-f0,1643,RISCY-a,3,5,0.75,1,5,0
1803-RISCY-a-3-c5-u0.85-m3-p8-f1,1803,RISCY-a,3,5,0.85,3,8,1
1644-RISCY-a-3-c5-u0.75-m1-p6-f0,1644,RISCY-a,3,5,0.75,1,6,0
1566-RISCY-a-3-c2-u0.85-m1-p8-f1,1566,RISCY-a,3,2,0.85,1,8,1
1857-RISCY-a-3-c20-u0.75-m2-p5-f0,1857,RISCY-a,3,20,0.75,2,5,0
1471-RISCY-a-3-c2-u0.85-m1-p8-f0,1471,RISCY-a,3,2,0.85,1,8,0
1940-RISCY-a-3-c20-u0.75-m3-p5-f1,1940,RISCY-a,3,20,0.75,3,5,1
1985-RISCY-a-3-c20-u0.85-m3-p2-f1,1985,RISCY-a,3,20,0.85,3,2,1
1457-RISCY-a-3-c2-u0.8-m4-p2-f0,1457,RISCY-a,3,2,0.8,4,2,0
1386-RISCY-a-3-c2-u0.7-m3-p2-f0,1386,RISCY-a,3,2,0.7,3,2,0
1822-RISCY-a-3-c5-u0.9-m3-p8-f1,1822,RISCY-a,3,5,0.9,3,8,1
1895-RISCY-a-3-c20-u0.85-m1-p8-f0,1895,RISCY-a,3,20,0.85,1,8,0
1786-RISCY-a-3-c5-u0.85-m1-p7-f1,1786,RISCY-a,3,5,0.85,1,7,1
1393-RISCY-a-3-c2-u0.7-m4-p1-f0,1393,RISCY-a,3,2,0.7,4,1,0
1474-RISCY-a-3-c2-u0.85-m3-p4-f0,1474,RISCY-a,3,2,0.85,3,4,0
1678-RISCY-a-3-c5-u0.8-m1-p8-f0,1678,RISCY-a,3,5,0.8,1,8,0
1381-RISCY-a-3-c2-u0.7-m2-p5-f0,1381,RISCY-a,3,2,0.7,2,5,0
1892-RISCY-a-3-c20-u0.85-m1-p1-f0,1892,RISCY-a,3,20,0.85,1,1,0
1630-RISCY-a-3-c5-u0.7-m3-p8-f0,1630,RISCY-a,3,5,0.7,3,8,0
1620-RISCY-a-3-c5-u0.7-m2-p6-f0,1620,RISCY-a,3,5,0.7,2,6,0
1553-RISCY-a-3-c2-u0.8-m3-p3-f1,1553,RISCY-a,3,2,0.8,3,3,1
1694-RISCY-a-3-c5-u0.8-m4-p2-f0,1694,RISCY-a,3,5,0.8,4,2,0
1914-RISCY-a-3-c20-u0.7-m3-p3-f1,1914,RISCY-a,3,20,0.7,3,3,1
1540-RISCY-a-3-c2-u0.8-m1-p6-f1,1540,RISCY-a,3,2,0.8,1,6,1
1662-RISCY-a-3-c5-u0.75-m3-p8-f0,1662,RISCY-a,3,5,0.75,3,8,0
1613-RISCY-a-3-c5-u0.7-m1-p7-f0,1613,RISCY-a,3,5,0.7,1,7,0
1603-RISCY-a-3-c2-u0.9-m3-p5-f1,1603,RISCY-a,3,2,0.9,3,5,1
1847-RISCY-a-3-c20-u0.75-m1-p2-f0,1847,RISCY-a,3,20,0.75,1,2,0
1590-RISCY-a-3-c2-u0.9-m1-p8-f1,1590,RISCY-a,3,2,0.9,1,8,1
1399-RISCY-a-3-c2-u0.7-m4-p7-f0,1399,RISCY-a,3,2,0.7,4,7,0
1876-RISCY-a-3-c20-u0.8-m2-p1-f0,1876,RISCY-a,3,20,0.8,2,1,0
1854-RISCY-a-3-c20-u0.75-m2-p2-f0,1854,RISCY-a,3,20,0.75,2,2,0
1401-RISCY-a-3-c2-u0.75-m1-p1-f0,1401,RISCY-a,3,2,0.75,1,1,0
1465-RISCY-a-3-c2-u0.85-m1-p2-f0,1465,RISCY-a,3,2,0.85,1,2,0
1413-RISCY-a-3-c2-u0.75-m2-p5-f0,1413,RISCY-a,3,2,0.75,2,5,0
1532-RISCY-a-3-c2-u0.75-m3-p6-f1,1532,RISCY-a,3,2,0.75,3,6,1
1628-RISCY-a-3-c5-u0.7-m3-p6-f0,1628,RISCY-a,3,5,0.7,3,6,0
1498-RISCY-a-3-c2-u0.7-m2-p4-f1,1498,RISCY-a,3,2,0.7,2,4,1
1469-RISCY-a-3-c2-u0.85-m1-p6-f0,1469,RISCY-a,3,2,0.85,1,6,0
1647-RISCY-a-3-c5-u0.75-m2-p1-f0,1647,RISCY-a,3,5,0.75,2,1,0
1615-RISCY-a-3-c5-u0.7-m2-p1-f0,1615,RISCY-a,3,5,0.7,2,1,0
1920-RISCY-a-3-c20-u0.75-m1-p1-f1,1920,RISCY-a,3,20,0.75,1,1,1
1729-RISCY-a-3-c5-u0.7-m3-p5-f1,1729,RISCY-a,3,5,0.7,3,5,1
1450-RISCY-a-3-c2-u0.8-m3-p3-f0,1450,RISCY-a,3,2,0.8,3,3,0
1961-RISCY-a-3-c20-u0.8-m3-p2-f1,1961,RISCY-a,3,20,0.8,3,2,1
1815-RISCY-a-3-c5-u0.9-m2-p8-f1,1815,RISCY-a,3,5,0.9,2,8,1
1673-RISCY-a-3-c5-u0.8-m1-p3-f0,1673,RISCY-a,3,5,0.8,1,3,0
1490-RISCY-a-3-c2-u0.7-m1-p4-f1,1490,RISCY-a,3,2,0.7,1,4,1
1645-RISCY-a-3-c5-u0.75-m1-p7-f0,1645,RISCY-a,3,5,0.75,1,7,0
1371-RISCY-a-3-c2-u0.7-m1-p3-f0,1371,RISCY-a,3,2,0.7,1,3,0
1421-RISCY-a-3-c2-u0.75-m3-p5-f0,1421,RISCY-a,3,2,0.75,3,5,0
1571-RISCY-a-3-c2-u0.85-m2-p5-f1,1571,RISCY-a,3,2,0.85,2,5,1
1899-RISCY-a-3-c20-u0.7-m1-p4-f1,1899,RISCY-a,3,20,0.7,1,4,1
1522-RISCY-a-3-c2-u0.75-m2-p4-f1,1522,RISCY-a,3,2,0.75,2,4,1
1409-RISCY-a-3-c2-u0.75-m2-p1-f0,1409,RISCY-a,3,2,0.75,2,1,0
1458-RISCY-a-3-c2-u0.8-m4-p3-f0,1458,RISCY-a,3,2,0.8,4,3,0
1519-RISCY-a-3-c2-u0.75-m2-p1-f1,1519,RISCY-a,3,2,0.75,2,1,1
1470-RISCY-a-3-c2-u0.85-m1-p7-f0,1470,RISCY-a,3,2,0.85,1,7,0
1937-RISCY-a-3-c20-u0.75-m3-p2-f1,1937,RISCY-a,3,20,0.75,3,2,1
1547-RISCY-a-3-c2-u0.8-m2-p5-f1,1547,RISCY-a,3,2,0.8,2,5,1
1761-RISCY-a-3-c5-u0.8-m1-p6-f1,1761,RISCY-a,3,5,0.8,1,6,1
1663-RISCY-a-3-c5-u0.75-m4-p1-f0,1663,RISCY-a,3,5,0.75,4,1,0
1432-RISCY-a-3-c2-u0.75-m4-p8-f0,1432,RISCY-a,3,2,0.75,4,8,0
1529-RISCY-a-3-c2-u0.75-m3-p3-f1,1529,RISCY-a,3,2,0.75,3,3,1
1781-RISCY-a-3-c5-u0.85-m1-p2-f1,1781,RISCY-a,3,5,0.85,1,2,1
1624-RISCY-a-3-c5-u0.7-m3-p2-f0,1624,RISCY-a,3,5,0.7,3,2,0
1817-RISCY-a-3-c5-u0.9-m3-p2-f1,1817,RISCY-a,3,5,0.9,3,2,1
1820-RISCY-a-3-c5-u0.9-m3-p6-f1,1820,RISCY-a,3,5,0.9,3,6,1
1546-RISCY-a-3-c2-u0.8-m2-p4-f1,1546,RISCY-a,3,2,0.8,2,4,1
1606-RISCY-a-3-c2-u0.9-m3-p8-f1,1606,RISCY-a,3,2,0.9,3,8,1
1881-RISCY-a-3-c20-u0.8-m2-p6-f0,1881,RISCY-a,3,20,0.8,2,6,0
1670-RISCY-a-3-c5-u0.75-m4-p8-f0,1670,RISCY-a,3,5,0.75,4,8,0
1482-RISCY-a-3-c2-u0.85-m4-p4-f0,1482,RISCY-a,3,2,0.85,4,4,0
1962-RISCY-a-3-c20-u0.8-m3-p3-f1,1962,RISCY-a,3,20,0.8,3,3,1
1408-RISCY-a-3-c2-u0.75-m1-p8-f0,1408,RISCY-a,3,2,0.75,1,8,0
1846-RISCY-a-3-c20-u0.75-m1-p1-f0,1846,RISCY-a,3,20,0.75,1,1,0
1902-RISCY-a-3-c20-u0.7-m1-p7-f1,1902,RISCY-a,3,20,0.7,1,7,1
1677-RISCY-a-3-c5-u0.8-m1-p7-f0,1677,RISCY-a,3,5,0.8,1,7,0
1439-RISCY-a-3-c2-u0.8-m1-p7-f0,1439,RISCY-a,3,2,0.8,1,7,0
1979-RISCY-a-3-c20-u0.85-m2-p4-f1,1979,RISCY-a,3,20,0.85,2,4,1
1410-RISCY-a-3-c2-u0.75-m2-p2-f0,1410,RISCY-a,3,2,0.75,2,2,0
1480-RISCY-a-3-c2-u0.85-m4-p2-f0,1480,RISCY-a,3,2,0.85,4,2,0
1853-RISCY-a-3-c20-u0.75-m2-p1-f0,1853,RISCY-a,3,20,0.75,2,1,0
1769-RISCY-a-3-c5-u0.8-m2-p6-f1,1769,RISCY-a,3,5,0.8,2,6,1
1774-RISCY-a-3-c5-u0.8-m3-p3-f1,1774,RISCY-a,3,5,0.8,3,3,1
1734-RISCY-a-3-c5-u0.75-m1-p2-f1,1734,RISCY-a,3,5,0.75,1,2,1
1604-RISCY-a-3-c2-u0.9-m3-p6-f1,1604,RISCY-a,3,2,0.9,3,6,1
1538-RISCY-a-3-c2-u0.8-m1-p4-f1,1538,RISCY-a,3,2,0.8,1,4,1
1659-RISCY-a-3-c5-u0.75-m3-p5-f0,1659,RISCY-a,3,5,0.75,3,5,0
1868-RISCY-a-3-c20-u0.75-m3-p8-f0,1868,RISCY-a,3,20,0.75,3,8,0
2010-RISCY-a-3-c20-u0.9-m3-p7-f1,2010,RISCY-a,3,20,0.9,3,7,1
1622-RISCY-a-3-c5-u0.7-m2-p8-f0,1622,RISCY-a,3,5,0.7,2,8,0
1692-RISCY-a-3-c5-u0.8-m3-p8-f0,1692,RISCY-a,3,5,0.8,3,8,0
1623-RISCY-a-3-c5-u0.7-m3-p1-f0,1623,RISCY-a,3,5,0.7,3,1,0
1486-RISCY-a-3-c2-u0.85-m4-p8-f0,1486,RISCY-a,3,2,0.85,4,8,0
1812-RISCY-a-3-c5-u0.9-m2-p4-f1,1812,RISCY-a,3,5,0.9,2,4,1
1460-RISCY-a-3-c2-u0.8-m4-p5-f0,1460,RISCY-a,3,2,0.8,4,5,0
1823-RISCY-a-3-c20-u0.7-m1-p1-f0,1823,RISCY-a,3,20,0.7,1,1,0
1419-RISCY-a-3-c2-u0.75-m3-p3-f0,1419,RISCY-a,3,2,0.75,3,3,0
1672-RISCY-a-3-c5-u0.8-m1-p2-f0,1672,RISCY-a,3,5,0.8,1,2,0
1719-RISCY-a-3-c5-u0.7-m2-p3-f1,1719,RISCY-a,3,5,0.7,2,3,1
1792-RISCY-a-3-c5-u0.85-m2-p5-f1,1792,RISCY-a,3,5,0.85,2,5,1
1462-RISCY-a-3-c2-u0.8-m4-p7-f0,1462,RISCY-a,3,2,0.8,4,7,0
1424-RISCY-a-3-c2-u0.75-m3-p8-f0,1424,RISCY-a,3,2,0.75,3,8,0
1760-RISCY-a-3-c5-u0.8-m1-p5-f1,1760,RISCY-a,3,5,0.8,1,5,1
2005-RISCY-a-3-c20-u0.9-m2-p8-f1,2005,RISCY-a,3,20,0.9,2,8,1
1849-RISCY-a-3-c20-u0.75-m1-p5-f0,1849,RISCY-a,3,20,0.75,1,5,0
1720-RISCY-a-3-c5-u0.7-m2-p4-f1,1720,RISCY-a,3,5,0.7,2,4,1
1827-RISCY-a-3-c20-u0.7-m1-p5-f0,1827,RISCY-a,3,20,0.7,1,5,0
1789-RISCY-a-3-c5-u0.85-m2-p2-f1,1789,RISCY-a,3,5,0.85,2,2,1
1974-RISCY-a-3-c20-u0.85-m1-p7-f1,1974,RISCY-a,3,20,0.85,1,7,1
1884-RISCY-a-3-c20-u0.8-m3-p1-f0,1884,RISCY-a,3,20,0.8,3,1,0
1426-RISCY-a-3-c2-u0.75-m4-p2-f0,1426,RISCY-a,3,2,0.75,4,2,0
1870-RISCY-a-3-c20-u0.8-m1-p2-f0,1870,RISCY-a,3,20,0.8,1,2,0
1740-RISCY-a-3-c5-u0.75-m2-p1-f1,1740,RISCY-a,3,5,0.75,2,1,1
1389-RISCY-a-3-c2-u0.7-m3-p5-f0,1389,RISCY-a,3,2,0.7,3,5,0
1520-RISCY-a-3-c2-u0.75-m2-p2-f1,1520,RISCY-a,3,2,0.75,2,2,1
1402-RISCY-a-3-c2-u0.75-m1-p2-f0,1402,RISCY-a,3,2,0.75,1,2,0
1833-RISCY-a-3-c20-u0.7-m2-p4-f0,1833,RISCY-a,3,20,0.7,2,4,0
1767-RISCY-a-3-c5-u0.8-m2-p4-f1,1767,RISCY-a,3,5,0.8,2,4,1
1558-RISCY-a-3-c2-u0.8-m3-p8-f1,1558,RISCY-a,3,2,0.8,3,8,1
1391-RISCY-a-3-c2-u0.7-m3-p7-f0,1391,RISCY-a,3,2,0.7,3,7,0
1759-RISCY-a-3-c5-u0.8-m1-p4-f1,1759,RISCY-a,3,5,0.8,1,4,1
1661-RISCY-a-3-c5-u0.75-m3-p7-f0,1661,RISCY-a,3,5,0.75,3,7,0
1376-RISCY-a-3-c2-u0.7-m1-p8-f0,1376,RISCY-a,3,2,0.7,1,8,0
1637-RISCY-a-3-c5-u0.7-m4-p7-f0,1637,RISCY-a,3,5,0.7,4,7,0
1495-RISCY-a-3-c2-u0.7-m2-p1-f1,1495,RISCY-a,3,2,0.7,2,1,1
1807-RISCY-a-3-c5-u0.9-m1-p4-f1,1807,RISCY-a,3,5,0.9,1,4,1
1743-RISCY-a-3-c5-u0.75-m2-p4-f1,1743,RISCY-a,3,5,0.75,2,4,1
1780-RISCY-a-3-c5-u0.85-m1-p1-f1,1780,RISCY-a,3,5,0.85,1,1,1
1427-RISCY-a-3-c2-u0.75-m4-p3-f0,1427,RISCY-a,3,2,0.75,4,3,0
1742-RISCY-a-3-c5-u0.75-m2-p3-f1,1742,RISCY-a,3,5,0.75,2,3,1
1983-RISCY-a-3-c20-u0.85-m2-p8-f1,1983,RISCY-a,3,20,0.85,2,8,1
1484-RISCY-a-3-c2-u0.85-m4-p6-f0,1484,RISCY-a,3,2,0.85,4,6,0
1658-RISCY-a-3-c5-u0.75-m3-p4-f0,1658,RISCY-a,3,5,0.75,3,4,0
1984-RISCY-a-3-c20-u0.85-m3-p1-f1,1984,RISCY-a,3,20,0.85,3,1,1
1705-RISCY-a-3-c5-u0.85-m4-p5-f0,1705,RISCY-a,3,5,0.85,4,5,0
1856-RISCY-a-3-c20-u0.75-m2-p4-f0,1856,RISCY-a,3,20,0.75,2,4,0
1653-RISCY-a-3-c5-u0.75-m2-p7-f0,1653,RISCY-a,3,5,0.75,2,7,0
1684-RISCY-a-3-c5-u0.8-m2-p7-f0,1684,RISCY-a,3,5,0.8,2,7,0
1689-RISCY-a-3-c5-u0.8-m3-p5-f0,1689,RISCY-a,3,5,0.8,3,5,0
1568-RISCY-a-3-c2-u0.85-m2-p2-f1,1568,RISCY-a,3,2,0.85,2,2,1
1750-RISCY-a-3-c5-u0.75-m3-p3-f1,1750,RISCY-a,3,5,0.75,3,3,1
1956-RISCY-a-3-c20-u0.8-m2-p5-f1,1956,RISCY-a,3,20,0.8,2,5,1
1632-RISCY-a-3-c5-u0.7-m4-p2-f0,1632,RISCY-a,3,5,0.7,4,2,0
1739-RISCY-a-3-c5-u0.75-m1-p8-f1,1739,RISCY-a,3,5,0.75,1,8,1
1837-RISCY-a-3-c20-u0.7-m2-p8-f0,1837,RISCY-a,3,20,0.7,2,8,0
1675-RISCY-a-3-c5-u0.8-m1-p5-f0,1675,RISCY-a,3,5,0.8,1,5,0
1528-RISCY-a-3-c2-u0.75-m3-p2-f1,1528,RISCY-a,3,2,0.75,3,2,1
1936-RISCY-a-3-c20-u0.75-m3-p1-f1,1936,RISCY-a,3,20,0.75,3,1,1
1818-RISCY-a-3-c5-u0.9-m3-p4-f1,1818,RISCY-a,3,5,0.9,3,4,1
1685-RISCY-a-3-c5-u0.8-m3-p1-f0,1685,RISCY-a,3,5,0.8,3,1,0
1810-RISCY-a-3-c5-u0.9-m2-p1-f1,1810,RISCY-a,3,5,0.9,2,1,1
1578-RISCY-a-3-c2-u0.85-m3-p4-f1,1578,RISCY-a,3,2,0.85,3,4,1
1889-RISCY-a-3-c20-u0.8-m3-p6-f0,1889,RISCY-a,3,20,0.8,3,6,0
1796-RISCY-a-3-c5-u0.85-m3-p1-f1,1796,RISCY-a,3,5,0.85,3,1,1
1867-RISCY-a-3-c20-u0.75-m3-p7-f0,1867,RISCY-a,3,20,0.75,3,7,0
1420-RISCY-a-3-c2-u0.75-m3-p4-f0,1420,RISCY-a,3,2,0.75,3,4,0
1723-RISCY-a-3-c5-u0.7-m2-p7-f1,1723,RISCY-a,3,5,0.7,2,7,1
1380-RISCY-a-3-c2-u0.7-m2-p4-f0,1380,RISCY-a,3,2,0.7,2,4,0
1975-RISCY-a-3-c20-u0.85-m1-p8-f1,1975,RISCY-a,3,20,0.85,1,8,1
1757-RISCY-a-3-c5-u0.8-m1-p2-f1,1757,RISCY-a,3,5,0.8,1,2,1
1455-RISCY-a-3-c2-u0.8-m3-p8-f0,1455,RISCY-a,3,2,0.8,3,8,0
1544-RISCY-a-3-c2-u0.8-m2-p2-f1,1544,RISCY-a,3,2,0.8,2,2,1
1451-RISCY-a-3-c2-u0.8-m3-p4-f0,1451,RISCY-a,3,2,0.8,3,4,0
1855-RISCY-a-3-c20-u0.75-m2-p3-f0,1855,RISCY-a,3,20,0.75,2,3,0
1626-RISCY-a-3-c5-u0.7-m3-p4-f0,1626,RISCY-a,3,5,0.7,3,4,0
1668-RISCY-a-3-c5-u0.75-m4-p6-f0,1668,RISCY-a,3,5,0.75,4,6,0
1370-RISCY-a-3-c2-u0.7-m1-p2-f0,1370,RISCY-a,3,2,0.7,1,2,0
1493-RISCY-a-3-c2-u0.7-m1-p7-f1,1493,RISCY-a,3,2,0.7,1,7,1
1726-RISCY-a-3-c5-u0.7-m3-p2-f1,1726,RISCY-a,3,5,0.7,3,2,1
1890-RISCY-a-3-c20-u0.8-m3-p7-f0,1890,RISCY-a,3,20,0.8,3,7,0
1497-RISCY-a-3-c2-u0.7-m2-p3-f1,1497,RISCY-a,3,2,0.7,2,3,1
1860-RISCY-a-3-c20-u0.75-m2-p8-f0,1860,RISCY-a,3,20,0.75,2,8,0
1589-RISCY-a-3-c2-u0.9-m1-p7-f1,1589,RISCY-a,3,2,0.9,1,7,1
1454-RISCY-a-3-c2-u0.8-m3-p7-f0,1454,RISCY-a,3,2,0.8,3,7,0
1711-RISCY-a-3-c5-u0.7-m1-p3-f1,1711,RISCY-a,3,5,0.7,1,3,1
1412-RISCY-a-3-c2-u0.75-m2-p4-f0,1412,RISCY-a,3,2,0.75,2,4,0
1610-RISCY-a-3-c5-u0.7-m1-p4-f0,1610,RISCY-a,3,5,0.7,1,4,0
1896-RISCY-a-3-c20-u0.7-m1-p1-f1,1896,RISCY-a,3,20,0.7,1,1,1
1537-RISCY-a-3-c2-u0.8-m1-p3-f1,1537,RISCY-a,3,2,0.8,1,3,1
1642-RISCY-a-3-c5-u0.75-m1-p4-f0,1642,RISCY-a,3,5,0.75,1,4,0
1605-RISCY-a-3-c2-u0.9-m3-p7-f1,1605,RISCY-a,3,2,0.9,3,7,1
1948-RISCY-a-3-c20-u0.8-m1-p5-f1,1948,RISCY-a,3,20,0.8,1,5,1
1768-RISCY-a-3-c5-u0.8-m2-p5-f1,1768,RISCY-a,3,5,0.8,2,5,1
1693-RISCY-a-3-c5-u0.8-m4-p1-f0,1693,RISCY-a,3,5,0.8,4,1,0
1905-RISCY-a-3-c20-u0.7-m2-p2-f1,1905,RISCY-a,3,20,0.7,2,2,1
2000-RISCY-a-3-c20-u0.9-m2-p3-f1,2000,RISCY-a,3,20,0.9,2,3,1
1869-RISCY-a-3-c20-u0.8-m1-p1-f0,1869,RISCY-a,3,20,0.8,1,1,0
1440-RISCY-a-3-c2-u0.8-m1-p8-f0,1440,RISCY-a,3,2,0.8,1,8,0
1992-RISCY-a-3-c20-u0.9-m1-p1-f1,1992,RISCY-a,3,20,0.9,1,1,1
1978-RISCY-a-3-c20-u0.85-m2-p3-f1,1978,RISCY-a,3,20,0.85,2,3,1
1951-RISCY-a-3-c20-u0.8-m1-p8-f1,1951,RISCY-a,3,20,0.8,1,8,1
1652-RISCY-a-3-c5-u0.75-m2-p6-f0,1652,RISCY-a,3,5,0.75,2,6,0
1930-RISCY-a-3-c20-u0.75-m2-p3-f1,1930,RISCY-a,3,20,0.75,2,3,1
1618-RISCY-a-3-c5-u0.7-m2-p4-f0,1618,RISCY-a,3,5,0.7,2,4,0
1650-RISCY-a-3-c5-u0.75-m2-p4-f0,1650,RISCY-a,3,5,0.75,2,4,0
1671-RISCY-a-3-c5-u0.8-m1-p1-f0,1671,RISCY-a,3,5,0.8,1,1,0
1880-RISCY-a-3-c20-u0.8-m2-p5-f0,1880,RISCY-a,3,20,0.8,2,5,0
1651-RISCY-a-3-c5-u0.75-m2-p5-f0,1651,RISCY-a,3,5,0.75,2,5,0
1927-RISCY-a-3-c20-u0.75-m1-p8-f1,1927,RISCY-a,3,20,0.75,1,8,1
1814-RISCY-a-3-c5-u0.9-m2-p6-f1,1814,RISCY-a,3,5,0.9,2,6,1
2008-RISCY-a-3-c20-u0.9-m3-p5-f1,2008,RISCY-a,3,20,0.9,3,5,1
1995-RISCY-a-3-c20-u0.9-m1-p6-f1,1995,RISCY-a,3,20,0.9,1,6,1
1926-RISCY-a-3-c20-u0.75-m1-p7-f1,1926,RISCY-a,3,20,0.75,1,7,1
1783-RISCY-a-3-c5-u0.85-m1-p4-f1,1783,RISCY-a,3,5,0.85,1,4,1
1527-RISCY-a-3-c2-u0.75-m3-p1-f1,1527,RISCY-a,3,2,0.75,3,1,1
1907-RISCY-a-3-c20-u0.7-m2-p4-f1,1907,RISCY-a,3,20,0.7,2,4,1
1804-RISCY-a-3-c5-u0.9-m1-p1-f1,1804,RISCY-a,3,5,0.9,1,1,1
1776-RISCY-a-3-c5-u0.8-m3-p5-f1,1776,RISCY-a,3,5,0.8,3,5,1
1819-RISCY-a-3-c5-u0.9-m3-p5-f1,1819,RISCY-a,3,5,0.9,3,5,1
1785-RISCY-a-3-c5-u0.85-m1-p6-f1,1785,RISCY-a,3,5,0.85,1,6,1
1431-RISCY-a-3-c2-u0.75-m4-p7-f0,1431,RISCY-a,3,2,0.75,4,7,0
1793-RISCY-a-3-c5-u0.85-m2-p6-f1,1793,RISCY-a,3,5,0.85,2,6,1
1601-RISCY-a-3-c2-u0.9-m3-p3-f1,1601,RISCY-a,3,2,0.9,3,3,1
1935-RISCY-a-3-c20-u0.75-m2-p8-f1,1935,RISCY-a,3,20,0.75,2,8,1
1596-RISCY-a-3-c2-u0.9-m2-p6-f1,1596,RISCY-a,3,2,0.9,2,6,1
1973-RISCY-a-3-c20-u0.85-m1-p6-f1,1973,RISCY-a,3,20,0.85,1,6,1
1977-RISCY-a-3-c20-u0.85-m2-p2-f1,1977,RISCY-a,3,20,0.85,2,2,1
1639-RISCY-a-3-c5-u0.75-m1-p1-f0,1639,RISCY-a,3,5,0.75,1,1,0
2001-RISCY-a-3-c20-u0.9-m2-p4-f1,2001,RISCY-a,3,20,0.9,2,4,1
1552-RISCY-a-3-c2-u0.8-m3-p2-f1,1552,RISCY-a,3,2,0.8,3,2,1
1398-RISCY-a-3-c2-u0.7-m4-p6-f0,1398,RISCY-a,3,2,0.7,4,6,0
1378-RISCY-a-3-c2-u0.7-m2-p2-f0,1378,RISCY-a,3,2,0.7,2,2,0
1441-RISCY-a-3-c2-u0.8-m2-p1-f0,1441,RISCY-a,3,2,0.8,2,1,0
1799-RISCY-a-3-c5-u0.85-m3-p4-f1,1799,RISCY-a,3,5,0.85,3,4,1
1494-RISCY-a-3-c2-u0.7-m1-p8-f1,1494,RISCY-a,3,2,0.7,1,8,1
1543-RISCY-a-3-c2-u0.8-m2-p1-f1,1543,RISCY-a,3,2,0.8,2,1,1
1518-RISCY-a-3-c2-u0.75-m1-p8-f1,1518,RISCY-a,3,2,0.75,1,8,1
1463-RISCY-a-3-c2-u0.8-m4-p8-f0,1463,RISCY-a,3,2,0.8,4,8,0
2011-RISCY-a-3-c20-u0.9-m3-p8-f1,2011,RISCY-a,3,20,0.9,3,8,1
1838-RISCY-a-3-c20-u0.7-m3-p1-f0,1838,RISCY-a,3,20,0.7,3,1,0
1396-RISCY-a-3-c2-u0.7-m4-p4-f0,1396,RISCY-a,3,2,0.7,4,4,0
1593-RISCY-a-3-c2-u0.9-m2-p3-f1,1593,RISCY-a,3,2,0.9,2,3,1
1842-RISCY-a-3-c20-u0.7-m3-p5-f0,1842,RISCY-a,3,20,0.7,3,5,0
1989-RISCY-a-3-c20-u0.85-m3-p6-f1,1989,RISCY-a,3,20,0.85,3,6,1
1712-RISCY-a-3-c5-u0.7-m1-p4-f1,1712,RISCY-a,3,5,0.7,1,4,1
1900-RISCY-a-3-c20-u0.7-m1-p5-f1,1900,RISCY-a,3,20,0.7,1,5,1
1944-RISCY-a-3-c20-u0.8-m1-p1-f1,1944,RISCY-a,3,20,0.8,1,1,1
1591-RISCY-a-3-c2-u0.9-m2-p1-f1,1591,RISCY-a,3,2,0.9,2,1,1
1444-RISCY-a-3-c2-u0.8-m2-p4-f0,1444,RISCY-a,3,2,0.8,2,4,0
1621-RISCY-a-3-c5-u0.7-m2-p7-f0,1621,RISCY-a,3,5,0.7,2,7,0
1609-RISCY-a-3-c5-u0.7-m1-p3-f0,1609,RISCY-a,3,5,0.7,1,3,0
1840-RISCY-a-3-c20-u0.7-m3-p3-f0,1840,RISCY-a,3,20,0.7,3,3,0
1524-RISCY-a-3-c2-u0.75-m2-p6-f1,1524,RISCY-a,3,2,0.75,2,6,1
1473-RISCY-a-3-c2-u0.85-m3-p3-f0,1473,RISCY-a,3,2,0.85,3,3,0
1931-RISCY-a-3-c20-u0.75-m2-p4-f1,1931,RISCY-a,3,20,0.75,2,4,1
1697-RISCY-a-3-c5-u0.8-m4-p5-f0,1697,RISCY-a,3,5,0.8,4,5,0
1404-RISCY-a-3-c2-u0.75-m1-p4-f0,1404,RISCY-a,3,2,0.75,1,4,0
1446-RISCY-a-3-c2-u0.8-m2-p6-f0,1446,RISCY-a,3,2,0.8,2,6,0
1375-RISCY-a-3-c2-u0.7-m1-p7-f0,1375,RISCY-a,3,2,0.7,1,7,0
1850-RISCY-a-3-c20-u0.75-m1-p6-f0,1850,RISCY-a,3,20,0.75,1,6,0
1556-RISCY-a-3-c2-u0.8-m3-p6-f1,1556,RISCY-a,3,2,0.8,3,6,1
1479-RISCY-a-3-c2-u0.85-m4-p1-f0,1479,RISCY-a,3,2,0.85,4,1,0
1384-RISCY-a-3-c2-u0.7-m2-p8-f0,1384,RISCY-a,3,2,0.7,2,8,0
1434-RISCY-a-3-c2-u0.8-m1-p2-f0,1434,RISCY-a,3,2,0.8,1,2,0
1732-RISCY-a-3-c5-u0.7-m3-p8-f1,1732,RISCY-a,3,5,0.7,3,8,1
1517-RISCY-a-3-c2-u0.75-m1-p7-f1,1517,RISCY-a,3,2,0.75,1,7,1
1952-RISCY-a-3-c20-u0.8-m2-p1-f1,1952,RISCY-a,3,20,0.8,2,1,1
1873-RISCY-a-3-c20-u0.8-m1-p5-f0,1873,RISCY-a,3,20,0.8,1,5,0
1559-RISCY-a-3-c2-u0.85-m1-p1-f1,1559,RISCY-a,3,2,0.85,1,1,1
1585-RISCY-a-3-c2-u0.9-m1-p3-f1,1585,RISCY-a,3,2,0.9,1,3,1
1634-RISCY-a-3-c5-u0.7-m4-p4-f0,1634,RISCY-a,3,5,0.7,4,4,0
1373-RISCY-a-3-c2-u0.7-m1-p5-f0,1373,RISCY-a,3,2,0.7,1,5,0
1746-RISCY-a-3-c5-u0.75-m2-p7-f1,1746,RISCY-a,3,5,0.75,2,7,1
1636-RISCY-a-3-c5-u0.7-m4-p6-f0,1636,RISCY-a,3,5,0.7,4,6,0
1798-RISCY-a-3-c5-u0.85-m3-p3-f1,1798,RISCY-a,3,5,0.85,3,3,1
1716-RISCY-a-3-c5-u0.7-m1-p8-f1,1716,RISCY-a,3,5,0.7,1,8,1
1941-RISCY-a-3-c20-u0.75-m3-p6-f1,1941,RISCY-a,3,20,0.75,3,6,1
2003-RISCY-a-3-c20-u0.9-m2-p6-f1,2003,RISCY-a,3,20,0.9,2,6,1
1784-RISCY-a-3-c5-u0.85-m1-p5-f1,1784,RISCY-a,3,5,0.85,1,5,1
1964-RISCY-a-3-c20-u0.8-m3-p5-f1,1964,RISCY-a,3,20,0.8,3,5,1
1452-RISCY-a-3-c2-u0.8-m3-p5-f0,1452,RISCY-a,3,2,0.8,3,5,0
1733-RISCY-a-3-c5-u0.75-m1-p1-f1,1733,RISCY-a,3,5,0.75,1,1,1
1910-RISCY-a-3-c20-u0.7-m2-p7-f1,1910,RISCY-a,3,20,0.7,2,7,1
1467-RISCY-a-3-c2-u0.85-m1-p4-f0,1467,RISCY-a,3,2,0.85,1,4,0
1511-RISCY-a-3-c2-u0.75-m1-p1-f1,1511,RISCY-a,3,2,0.75,1,1,1
1696-RISCY-a-3-c5-u0.8-m4-p4-f0,1696,RISCY-a,3,5,0.8,4,4,0
1871-RISCY-a-3-c20-u0.8-m1-p3-f0,1871,RISCY-a,3,20,0.8,1,3,0
1676-RISCY-a-3-c5-u0.8-m1-p6-f0,1676,RISCY-a,3,5,0.8,1,6,0
1703-RISCY-a-3-c5-u0.85-m4-p3-f0,1703,RISCY-a,3,5,0.85,4,3,0
1627-RISCY-a-3-c5-u0.7-m3-p5-f0,1627,RISCY-a,3,5,0.7,3,5,0
1598-RISCY-a-3-c2-u0.9-m2-p8-f1,1598,RISCY-a,3,2,0.9,2,8,1
1737-RISCY-a-3-c5-u0.75-m1-p5-f1,1737,RISCY-a,3,5,0.75,1,5,1
1923-RISCY-a-3-c20-u0.75-m1-p4-f1,1923,RISCY-a,3,20,0.75,1,4,1
1805-RISCY-a-3-c5-u0.9-m1-p2-f1,1805,RISCY-a,3,5,0.9,1,2,1
1453-RISCY-a-3-c2-u0.8-m3-p6-f0,1453,RISCY-a,3,2,0.8,3,6,0
1570-RISCY-a-3-c2-u0.85-m2-p4-f1,1570,RISCY-a,3,2,0.85,2,4,1
1425-RISCY-a-3-c2-u0.75-m4-p1-f0,1425,RISCY-a,3,2,0.75,4,1,0
1521-RISCY-a-3-c2-u0.75-m2-p3-f1,1521,RISCY-a,3,2,0.75,2,3,1
1801-RISCY-a-3-c5-u0.85-m3-p6-f1,1801,RISCY-a,3,5,0.85,3,6,1
1903-RISCY-a-3-c20-u0.7-m1-p8-f1,1903,RISCY-a,3,20,0.7,1,8,1
1464-RISCY-a-3-c2-u0.85-m1-p1-f0,1464,RISCY-a,3,2,0.85,1,1,0
1779-RISCY-a-3-c5-u0.8-m3-p8-f1,1779,RISCY-a,3,5,0.8,3,8,1
1728-RISCY-a-3-c5-u0.7-m3-p4-f1,1728,RISCY-a,3,5,0.7,3,4,1
1996-RISCY-a-3-c20-u0.9-m1-p7-f1,1996,RISCY-a,3,20,0.9,1,7,1
1400-RISCY-a-3-c2-u0.7-m4-p8-f0,1400,RISCY-a,3,2,0.7,4,8,0
1423-RISCY-a-3-c2-u0.75-m3-p7-f0,1423,RISCY-a,3,2,0.75,3,7,0
1816-RISCY-a-3-c5-u0.9-m3-p1-f1,1816,RISCY-a,3,5,0.9,3,1,1
1879-RISCY-a-3-c20-u0.8-m2-p4-f0,1879,RISCY-a,3,20,0.8,2,4,0
1963-RISCY-a-3-c20-u0.8-m3-p4-f1,1963,RISCY-a,3,20,0.8,3,4,1
1708-RISCY-a-3-c5-u0.85-m4-p8-f0,1708,RISCY-a,3,5,0.85,4,8,0
1588-RISCY-a-3-c2-u0.9-m1-p6-f1,1588,RISCY-a,3,2,0.9,1,6,1
1476-RISCY-a-3-c2-u0.85-m3-p6-f0,1476,RISCY-a,3,2,0.85,3,6,0
1548-RISCY-a-3-c2-u0.8-m2-p6-f1,1548,RISCY-a,3,2,0.8,2,6,1
1851-RISCY-a-3-c20-u0.75-m1-p7-f0,1851,RISCY-a,3,20,0.75,1,7,0
1901-RISCY-a-3-c20-u0.7-m1-p6-f1,1901,RISCY-a,3,20,0.7,1,6,1
1839-RISCY-a-3-c20-u0.7-m3-p2-f0,1839,RISCY-a,3,20,0.7,3,2,0
1950-RISCY-a-3-c20-u0.8-m1-p7-f1,1950,RISCY-a,3,20,0.8,1,7,1
1576-RISCY-a-3-c2-u0.85-m3-p2-f1,1576,RISCY-a,3,2,0.85,3,2,1
1787-RISCY-a-3-c5-u0.85-m1-p8-f1,1787,RISCY-a,3,5,0.85,1,8,1
1461-RISCY-a-3-c2-u0.8-m4-p6-f0,1461,RISCY-a,3,2,0.8,4,6,0
1617-RISCY-a-3-c5-u0.7-m2-p3-f0,1617,RISCY-a,3,5,0.7,2,3,0
1510-RISCY-a-3-c2-u0.7-m3-p8-f1,1510,RISCY-a,3,2,0.7,3,8,1
1390-RISCY-a-3-c2-u0.7-m3-p6-f0,1390,RISCY-a,3,2,0.7,3,6,0
1430-RISCY-a-3-c2-u0.75-m4-p6-f0,1430,RISCY-a,3,2,0.75,4,6,0
2002-RISCY-a-3-c20-u0.9-m2-p5-f1,2002,RISCY-a,3,20,0.9,2,5,1
1770-RISCY-a-3-c5-u0.8-m2-p7-f1,1770,RISCY-a,3,5,0.8,2,7,1
1727-RISCY-a-3-c5-u0.7-m3-p3-f1,1727,RISCY-a,3,5,0.7,3,3,1
1771-RISCY-a-3-c5-u0.8-m2-p8-f1,1771,RISCY-a,3,5,0.8,2,8,1
1382-RISCY-a-3-c2-u0.7-m2-p6-f0,1382,RISCY-a,3,2,0.7,2,6,0
1756-RISCY-a-3-c5-u0.8-m1-p1-f1,1756,RISCY-a,3,5,0.8,1,1,1
1997-RISCY-a-3-c20-u0.9-m1-p8-f1,1997,RISCY-a,3,20,0.9,1,8,1
1778-RISCY-a-3-c5-u0.8-m3-p7-f1,1778,RISCY-a,3,5,0.8,3,7,1
1704-RISCY-a-3-c5-u0.85-m4-p4-f0,1704,RISCY-a,3,5,0.85,4,4,0
1562-RISCY-a-3-c2-u0.85-m1-p4-f1,1562,RISCY-a,3,2,0.85,1,4,1
1574-RISCY-a-3-c2-u0.85-m2-p8-f1,1574,RISCY-a,3,2,0.85,2,8,1
1374-RISCY-a-3-c2-u0.7-m1-p6-f0,1374,RISCY-a,3,2,0.7,1,6,0
1682-RISCY-a-3-c5-u0.8-m2-p5-f0,1682,RISCY-a,3,5,0.8,2,5,0
1542-RISCY-a-3-c2-u0.8-m1-p8-f1,1542,RISCY-a,3,2,0.8,1,8,1
1717-RISCY-a-3-c5-u0.7-m2-p1-f1,1717,RISCY-a,3,5,0.7,2,1,1
1988-RISCY-a-3-c20-u0.85-m3-p5-f1,1988,RISCY-a,3,20,0.85,3,5,1
2009-RISCY-a-3-c20-u0.9-m3-p6-f1,2009,RISCY-a,3,20,0.9,3,6,1
1586-RISCY-a-3-c2-u0.9-m1-p4-f1,1586,RISCY-a,3,2,0.9,1,4,1
1922-RISCY-a-3-c20-u0.75-m1-p3-f1,1922,RISCY-a,3,20,0.75,1,3,1
1872-RISCY-a-3-c20-u0.8-m1-p4-f0,1872,RISCY-a,3,20,0.8,1,4,0
1934-RISCY-a-3-c20-u0.75-m2-p7-f1,1934,RISCY-a,3,20,0.75,2,7,1
1852-RISCY-a-3-c20-u0.75-m1-p8-f0,1852,RISCY-a,3,20,0.75,1,8,0
1681-RISCY-a-3-c5-u0.8-m2-p4-f0,1681,RISCY-a,3,5,0.8,2,4,0
1831-RISCY-a-3-c20-u0.7-m2-p1-f0,1831,RISCY-a,3,20,0.7,2,1,0
1516-RISCY-a-3-c2-u0.75-m1-p6-f1,1516,RISCY-a,3,2,0.75,1,6,1
1557-RISCY-a-3-c2-u0.8-m3-p7-f1,1557,RISCY-a,3,2,0.8,3,7,1
1758-RISCY-a-3-c5-u0.8-m1-p3-f1,1758,RISCY-a,3,5,0.8,1,3,1
1442-RISCY-a-3-c2-u0.8-m2-p2-f0,1442,RISCY-a,3,2,0.8,2,2,0
1911-RISCY-a-3-c20-u0.7-m2-p8-f1,1911,RISCY-a,3,20,0.7,2,8,1
1859-RISCY-a-3-c20-u0.75-m2-p7-f0,1859,RISCY-a,3,20,0.75,2,7,0
1919-RISCY-a-3-c20-u0.7-m3-p8-f1,1919,RISCY-a,3,20,0.7,3,8,1
1625-RISCY-a-3-c5-u0.7-m3-p3-f0,1625,RISCY-a,3,5,0.7,3,3,0
1713-RISCY-a-3-c5-u0.7-m1-p5-f1,1713,RISCY-a,3,5,0.7,1,5,1
1551-RISCY-a-3-c2-u0.8-m3-p1-f1,1551,RISCY-a,3,2,0.8,3,1,1
1924-RISCY-a-3-c20-u0.75-m1-p5-f1,1924,RISCY-a,3,20,0.75,1,5,1
1877-RISCY-a-3-c20-u0.8-m2-p2-f0,1877,RISCY-a,3,20,0.8,2,2,0
1917-RISCY-a-3-c20-u0.7-m3-p6-f1,1917,RISCY-a,3,20,0.7,3,6,1
1492-RISCY-a-3-c2-u0.7-m1-p6-f1,1492,RISCY-a,3,2,0.7,1,6,1
1942-RISCY-a-3-c20-u0.75-m3-p7-f1,1942,RISCY-a,3,20,0.75,3,7,1
1674-RISCY-a-3-c5-u0.8-m1-p4-f0,1674,RISCY-a,3,5,0.8,1,4,0
1565-RISCY-a-3-c2-u0.85-m1-p7-f1,1565,RISCY-a,3,2,0.85,1,7,1
1735-RISCY-a-3-c5-u0.75-m1-p3-f1,1735,RISCY-a,3,5,0.75,1,3,1
1563-RISCY-a-3-c2-u0.85-m1-p5-f1,1563,RISCY-a,3,2,0.85,1,5,1
1459-RISCY-a-3-c2-u0.8-m4-p4-f0,1459,RISCY-a,3,2,0.8,4,4,0
1397-RISCY-a-3-c2-u0.7-m4-p5-f0,1397,RISCY-a,3,2,0.7,4,5,0
1916-RISCY-a-3-c20-u0.7-m3-p5-f1,1916,RISCY-a,3,20,0.7,3,5,1
1828-RISCY-a-3-c20-u0.7-m1-p6-f0,1828,RISCY-a,3,20,0.7,1,6,0
1925-RISCY-a-3-c20-u0.75-m1-p6-f1,1925,RISCY-a,3,20,0.75,1,6,1
1906-RISCY-a-3-c20-u0.7-m2-p3-f1,1906,RISCY-a,3,20,0.7,2,3,1
1422-RISCY-a-3-c2-u0.75-m3-p6-f0,1422,RISCY-a,3,2,0.75,3,6,0
1932-RISCY-a-3-c20-u0.75-m2-p5-f1,1932,RISCY-a,3,20,0.75,2,5,1
1709-RISCY-a-3-c5-u0.7-m1-p1-f1,1709,RISCY-a,3,5,0.7,1,1,1
1698-RISCY-a-3-c5-u0.8-m4-p6-f0,1698,RISCY-a,3,5,0.8,4,6,0
1921-RISCY-a-3-c20-u0.75-m1-p2-f1,1921,RISCY-a,3,20,0.75,1,2,1
1749-RISCY-a-3-c5-u0.75-m3-p2-f1,1749,RISCY-a,3,5,0.75,3,2,1
1415-RISCY-a-3-c2-u0.75-m2-p7-f0,1415,RISCY-a,3,2,0.75,2,7,0
1691-RISCY-a-3-c5-u0.8-m3-p7-f0,1691,RISCY-a,3,5,0.8,3,7,0
1561-RISCY-a-3-c2-u0.85-m1-p3-f1,1561,RISCY-a,3,2,0.85,1,3,1
1826-RISCY-a-3-c20-u0.7-m1-p4-f0,1826,RISCY-a,3,20,0.7,1,4,0
1893-RISCY-a-3-c20-u0.85-m1-p3-f0,1893,RISCY-a,3,20,0.85,1,3,0
1968-RISCY-a-3-c20-u0.85-m1-p1-f1,1968,RISCY-a,3,20,0.85,1,1,1
1695-RISCY-a-3-c5-u0.8-m4-p3-f0,1695,RISCY-a,3,5,0.8,4,3,0
1782-RISCY-a-3-c5-u0.85-m1-p3-f1,1782,RISCY-a,3,5,0.85,1,3,1
1602-RISCY-a-3-c2-u0.9-m3-p4-f1,1602,RISCY-a,3,2,0.9,3,4,1
1909-RISCY-a-3-c20-u0.7-m2-p6-f1,1909,RISCY-a,3,20,0.7,2,6,1
1656-RISCY-a-3-c5-u0.75-m3-p2-f0,1656,RISCY-a,3,5,0.75,3,2,0
1813-RISCY-a-3-c5-u0.9-m2-p5-f1,1813,RISCY-a,3,5,0.9,2,5,1
1891-RISCY-a-3-c20-u0.8-m3-p8-f0,1891,RISCY-a,3,20,0.8,3,8,0
1572-RISCY-a-3-c2-u0.85-m2-p6-f1,1572,RISCY-a,3,2,0.85,2,6,1
1526-RISCY-a-3-c2-u0.75-m2-p8-f1,1526,RISCY-a,3,2,0.75,2,8,1
2006-RISCY-a-3-c20-u0.9-m3-p2-f1,2006,RISCY-a,3,20,0.9,3,2,1
1913-RISCY-a-3-c20-u0.7-m3-p2-f1,1913,RISCY-a,3,20,0.7,3,2,1
1981-RISCY-a-3-c20-u0.85-m2-p6-f1,1981,RISCY-a,3,20,0.85,2,6,1
1965-RISCY-a-3-c20-u0.8-m3-p6-f1,1965,RISCY-a,3,20,0.8,3,6,1
1472-RISCY-a-3-c2-u0.85-m3-p1-f0,1472,RISCY-a,3,2,0.85,3,1,0
1957-RISCY-a-3-c20-u0.8-m2-p6-f1,1957,RISCY-a,3,20,0.8,2,6,1
1611-RISCY-a-3-c5-u0.7-m1-p5-f0,1611,RISCY-a,3,5,0.7,1,5,0
1406-RISCY-a-3-c2-u0.75-m1-p6-f0,1406,RISCY-a,3,2,0.75,1,6,0
1514-RISCY-a-3-c2-u0.75-m1-p4-f1,1514,RISCY-a,3,2,0.75,1,4,1
1500-RISCY-a-3-c2-u0.7-m2-p6-f1,1500,RISCY-a,3,2,0.7,2,6,1
1775-RISCY-a-3-c5-u0.8-m3-p4-f1,1775,RISCY-a,3,5,0.8,3,4,1
1485-RISCY-a-3-c2-u0.85-m4-p7-f0,1485,RISCY-a,3,2,0.85,4,7,0
1550-RISCY-a-3-c2-u0.8-m2-p8-f1,1550,RISCY-a,3,2,0.8,2,8,1
1577-RISCY-a-3-c2-u0.85-m3-p3-f1,1577,RISCY-a,3,2,0.85,3,3,1
1797-RISCY-a-3-c5-u0.85-m3-p2-f1,1797,RISCY-a,3,5,0.85,3,2,1
1843-RISCY-a-3-c20-u0.7-m3-p6-f0,1843,RISCY-a,3,20,0.7,3,6,0
1437-RISCY-a-3-c2-u0.8-m1-p5-f0,1437,RISCY-a,3,2,0.8,1,5,0
1541-RISCY-a-3-c2-u0.8-m1-p7-f1,1541,RISCY-a,3,2,0.8,1,7,1
1790-RISCY-a-3-c5-u0.85-m2-p3-f1,1790,RISCY-a,3,5,0.85,2,3,1
1966-RISCY-a-3-c20-u0.8-m3-p7-f1,1966,RISCY-a,3,20,0.8,3,7,1
1433-RISCY-a-3-c2-u0.8-m1-p1-f0,1433,RISCY-a,3,2,0.8,1,1,0
1701-RISCY-a-3-c5-u0.85-m4-p1-f0,1701,RISCY-a,3,5,0.85,4,1,0
1657-RISCY-a-3-c5-u0.75-m3-p3-f0,1657,RISCY-a,3,5,0.75,3,3,0
1533-RISCY-a-3-c2-u0.75-m3-p7-f1,1533,RISCY-a,3,2,0.75,3,7,1
1468-RISCY-a-3-c2-u0.85-m1-p5-f0,1468,RISCY-a,3,2,0.85,1,5,0
1969-RISCY-a-3-c20-u0.85-m1-p2-f1,1969,RISCY-a,3,20,0.85,1,2,1
1536-RISCY-a-3-c2-u0.8-m1-p2-f1,1536,RISCY-a,3,2,0.8,1,2,1
1388-RISCY-a-3-c2-u0.7-m3-p4-f0,1388,RISCY-a,3,2,0.7,3,4,0
1489-RISCY-a-3-c2-u0.7-m1-p3-f1,1489,RISCY-a,3,2,0.7,1,3,1
1594-RISCY-a-3-c2-u0.9-m2-p4-f1,1594,RISCY-a,3,2,0.9,2,4,1
1619-RISCY-a-3-c5-u0.7-m2-p5-f0,1619,RISCY-a,3,5,0.7,2,5,0
2004-RISCY-a-3-c20-u0.9-m2-p7-f1,2004,RISCY-a,3,20,0.9,2,7,1
1649-RISCY-a-3-c5-u0.75-m2-p3-f0,1649,RISCY-a,3,5,0.75,2,3,0
1945-RISCY-a-3-c20-u0.8-m1-p2-f1,1945,RISCY-a,3,20,0.8,1,2,1
1788-RISCY-a-3-c5-u0.85-m2-p1-f1,1788,RISCY-a,3,5,0.85,2,1,1
1569-RISCY-a-3-c2-u0.85-m2-p3-f1,1569,RISCY-a,3,2,0.85,2,3,1
1512-RISCY-a-3-c2-u0.75-m1-p2-f1,1512,RISCY-a,3,2,0.75,1,2,1
1640-RISCY-a-3-c5-u0.75-m1-p2-f0,1640,RISCY-a,3,5,0.75,1,2,0
1825-RISCY-a-3-c20-u0.7-m1-p3-f0,1825,RISCY-a,3,20,0.7,1,3,0
1635-RISCY-a-3-c5-u0.7-m4-p5-f0,1635,RISCY-a,3,5,0.7,4,5,0
1383-RISCY-a-3-c2-u0.7-m2-p7-f0,1383,RISCY-a,3,2,0.7,2,7,0
1955-RISCY-a-3-c20-u0.8-m2-p4-f1,1955,RISCY-a,3,20,0.8,2,4,1
1878-RISCY-a-3-c20-u0.8-m2-p3-f0,1878,RISCY-a,3,20,0.8,2,3,0
1403-RISCY-a-3-c2-u0.75-m1-p3-f0,1403,RISCY-a,3,2,0.75,1,3,0
1597-RISCY-a-3-c2-u0.9-m2-p7-f1,1597,RISCY-a,3,2,0.9,2,7,1
1666-RISCY-a-3-c5-u0.75-m4-p4-f0,1666,RISCY-a,3,5,0.75,4,4,0
1741-RISCY-a-3-c5-u0.75-m2-p2-f1,1741,RISCY-a,3,5,0.75,2,2,1
1918-RISCY-a-3-c20-u0.7-m3-p7-f1,1918,RISCY-a,3,20,0.7,3,7,1
1721-RISCY-a-3-c5-u0.7-m2-p5-f1,1721,RISCY-a,3,5,0.7,2,5,1
1555-RISCY-a-3-c2-u0.8-m3-p5-f1,1555,RISCY-a,3,2,0.8,3,5,1
1560-RISCY-a-3-c2-u0.85-m1-p2-f1,1560,RISCY-a,3,2,0.85,1,2,1
1802-RISCY-a-3-c5-u0.85-m3-p7-f1,1802,RISCY-a,3,5,0.85,3,7,1
1616-RISCY-a-3-c5-u0.7-m2-p2-f0,1616,RISCY-a,3,5,0.7,2,2,0
1377-RISCY-a-3-c2-u0.7-m2-p1-f0,1377,RISCY-a,3,2,0.7,2,1,0
1690-RISCY-a-3-c5-u0.8-m3-p6-f0,1690,RISCY-a,3,5,0.8,3,6,0
1664-RISCY-a-3-c5-u0.75-m4-p2-f0,1664,RISCY-a,3,5,0.75,4,2,0
1600-RISCY-a-3-c2-u0.9-m3-p2-f1,1600,RISCY-a,3,2,0.9,3,2,1
1736-RISCY-a-3-c5-u0.75-m1-p4-f1,1736,RISCY-a,3,5,0.75,1,4,1
1612-RISCY-a-3-c5-u0.7-m1-p6-f0,1612,RISCY-a,3,5,0.7,1,6,0
1960-RISCY-a-3-c20-u0.8-m3-p1-f1,1960,RISCY-a,3,20,0.8,3,1,1
1811-RISCY-a-3-c5-u0.9-m2-p3-f1,1811,RISCY-a,3,5,0.9,2,3,1
1687-RISCY-a-3-c5-u0.8-m3-p3-f0,1687,RISCY-a,3,5,0.8,3,3,0
1584-RISCY-a-3-c2-u0.9-m1-p2-f1,1584,RISCY-a,3,2,0.9,1,2,1
1885-RISCY-a-3-c20-u0.8-m3-p2-f0,1885,RISCY-a,3,20,0.8,3,2,0
1481-RISCY-a-3-c2-u0.85-m4-p3-f0,1481,RISCY-a,3,2,0.85,4,3,0
1509-RISCY-a-3-c2-u0.7-m3-p7-f1,1509,RISCY-a,3,2,0.7,3,7,1
1369-RISCY-a-3-c2-u0.7-m1-p1-f0,1369,RISCY-a,3,2,0.7,1,1,0
1583-RISCY-a-3-c2-u0.9-m1-p1-f1,1583,RISCY-a,3,2,0.9,1,1,1
1772-RISCY-a-3-c5-u0.8-m3-p1-f1,1772,RISCY-a,3,5,0.8,3,1,1
1864-RISCY-a-3-c20-u0.75-m3-p4-f0,1864,RISCY-a,3,20,0.75,3,4,0
1680-RISCY-a-3-c5-u0.8-m2-p3-f0,1680,RISCY-a,3,5,0.8,2,3,0
1545-RISCY-a-3-c2-u0.8-m2-p3-f1,1545,RISCY-a,3,2,0.8,2,3,1
1387-RISCY-a-3-c2-u0.7-m3-p3-f0,1387,RISCY-a,3,2,0.7,3,3,0
1714-RISCY-a-3-c5-u0.7-m1-p6-f1,1714,RISCY-a,3,5,0.7,1,6,1
1970-RISCY-a-3-c20-u0.85-m1-p3-f1,1970,RISCY-a,3,20,0.85,1,3,1
1513-RISCY-a-3-c2-u0.75-m1-p3-f1,1513,RISCY-a,3,2,0.75,1,3,1
1496-RISCY-a-3-c2-u0.7-m2-p2-f1,1496,RISCY-a,3,2,0.7,2,2,1
1841-RISCY-a-3-c20-u0.7-m3-p4-f0,1841,RISCY-a,3,20,0.7,3,4,0
1428-RISCY-a-3-c2-u0.75-m4-p4-f0,1428,RISCY-a,3,2,0.75,4,4,0
1631-RISCY-a-3-c5-u0.7-m4-p1-f0,1631,RISCY-a,3,5,0.7,4,1,0
1715-RISCY-a-3-c5-u0.7-m1-p7-f1,1715,RISCY-a,3,5,0.7,1,7,1
1773-RISCY-a-3-c5-u0.8-m3-p2-f1,1773,RISCY-a,3,5,0.8,3,2,1
1863-RISCY-a-3-c20-u0.75-m3-p3-f0,1863,RISCY-a,3,20,0.75,3,3,0
1456-RISCY-a-3-c2-u0.8-m4-p1-f0,1456,RISCY-a,3,2,0.8,4,1,0
1534-RISCY-a-3-c2-u0.75-m3-p8-f1,1534,RISCY-a,3,2,0.75,3,8,1
1394-RISCY-a-3-c2-u0.7-m4-p2-f0,1394,RISCY-a,3,2,0.7,4,2,0
1976-RISCY-a-3-c20-u0.85-m2-p1-f1,1976,RISCY-a,3,20,0.85,2,1,1
1530-RISCY-a-3-c2-u0.75-m3-p4-f1,1530,RISCY-a,3,2,0.75,3,4,1
1395-RISCY-a-3-c2-u0.7-m4-p3-f0,1395,RISCY-a,3,2,0.7,4,3,0
1418-RISCY-a-3-c2-u0.75-m3-p2-f0,1418,RISCY-a,3,2,0.75,3,2,0
1531-RISCY-a-3-c2-u0.75-m3-p5-f1,1531,RISCY-a,3,2,0.75,3,5,1
2007-RISCY-a-3-c20-u0.9-m3-p3-f1,2007,RISCY-a,3,20,0.9,3,3,1
1372-RISCY-a-3-c2-u0.7-m1-p4-f0,1372,RISCY-a,3,2,0.7,1,4,0
1575-RISCY-a-3-c2-u0.85-m3-p1-f1,1575,RISCY-a,3,2,0.85,3,1,1
1699-RISCY-a-3-c5-u0.8-m4-p7-f0,1699,RISCY-a,3,5,0.8,4,7,0
1722-RISCY-a-3-c5-u0.7-m2-p6-f1,1722,RISCY-a,3,5,0.7,2,6,1
1595-RISCY-a-3-c2-u0.9-m2-p5-f1,1595,RISCY-a,3,2,0.9,2,5,1
1515-RISCY-a-3-c2-u0.75-m1-p5-f1,1515,RISCY-a,3,2,0.75,1,5,1
1875-RISCY-a-3-c20-u0.8-m1-p7-f0,1875,RISCY-a,3,20,0.8,1,7,0
1665-RISCY-a-3-c5-u0.75-m4-p3-f0,1665,RISCY-a,3,5,0.75,4,3,0
1939-RISCY-a-3-c20-u0.75-m3-p4-f1,1939,RISCY-a,3,20,0.75,3,4,1
1501-RISCY-a-3-c2-u0.7-m2-p7-f1,1501,RISCY-a,3,2,0.7,2,7,1
1858-RISCY-a-3-c20-u0.75-m2-p6-f0,1858,RISCY-a,3,20,0.75,2,6,0
1499-RISCY-a-3-c2-u0.7-m2-p5-f1,1499,RISCY-a,3,2,0.7,2,5,1
1764-RISCY-a-3-c5-u0.8-m2-p1-f1,1764,RISCY-a,3,5,0.8,2,1,1
1633-RISCY-a-3-c5-u0.7-m4-p3-f0,1633,RISCY-a,3,5,0.7,4,3,0
1949-RISCY-a-3-c20-u0.8-m1-p6-f1,1949,RISCY-a,3,20,0.8,1,6,1
1821-RISCY-a-3-c5-u0.9-m3-p7-f1,1821,RISCY-a,3,5,0.9,3,7,1
1777-RISCY-a-3-c5-u0.8-m3-p6-f1,1777,RISCY-a,3,5,0.8,3,6,1
1725-RISCY-a-3-c5-u0.7-m3-p1-f1,1725,RISCY-a,3,5,0.7,3,1,1
1954-RISCY-a-3-c20-u0.8-m2-p3-f1,1954,RISCY-a,3,20,0.8,2,3,1
1874-RISCY-a-3-c20-u0.8-m1-p6-f0,1874,RISCY-a,3,20,0.8,1,6,0
1747-RISCY-a-3-c5-u0.75-m2-p8-f1,1747,RISCY-a,3,5,0.75,2,8,1
1982-RISCY-a-3-c20-u0.85-m2-p7-f1,1982,RISCY-a,3,20,0.85,2,7,1
1933-RISCY-a-3-c20-u0.75-m2-p6-f1,1933,RISCY-a,3,20,0.75,2,6,1
1994-RISCY-a-3-c20-u0.9-m1-p5-f1,1994,RISCY-a,3,20,0.9,1,5,1
1582-RISCY-a-3-c2-u0.85-m3-p8-f1,1582,RISCY-a,3,2,0.85,3,8,1
1641-RISCY-a-3-c5-u0.75-m1-p3-f0,1641,RISCY-a,3,5,0.75,1,3,0
1679-RISCY-a-3-c5-u0.8-m2-p2-f0,1679,RISCY-a,3,5,0.8,2,2,0
1477-RISCY-a-3-c2-u0.85-m3-p7-f0,1477,RISCY-a,3,2,0.85,3,7,0
1581-RISCY-a-3-c2-u0.85-m3-p7-f1,1581,RISCY-a,3,2,0.85,3,7,1
1730-RISCY-a-3-c5-u0.7-m3-p6-f1,1730,RISCY-a,3,5,0.7,3,6,1
1999-RISCY-a-3-c20-u0.9-m2-p2-f1,1999,RISCY-a,3,20,0.9,2,2,1
1928-RISCY-a-3-c20-u0.75-m2-p1-f1,1928,RISCY-a,3,20,0.75,2,1,1
1660-RISCY-a-3-c5-u0.75-m3-p6-f0,1660,RISCY-a,3,5,0.75,3,6,0
1535-RISCY-a-3-c2-u0.8-m1-p1-f1,1535,RISCY-a,3,2,0.8,1,1,1
1416-RISCY-a-3-c2-u0.75-m2-p8-f0,1416,RISCY-a,3,2,0.75,2,8,0
1915-RISCY-a-3-c20-u0.7-m3-p4-f1,1915,RISCY-a,3,20,0.7,3,4,1
1953-RISCY-a-3-c20-u0.8-m2-p2-f1,1953,RISCY-a,3,20,0.8,2,2,1
1710-RISCY-a-3-c5-u0.7-m1-p2-f1,1710,RISCY-a,3,5,0.7,1,2,1
1549-RISCY-a-3-c2-u0.8-m2-p7-f1,1549,RISCY-a,3,2,0.8,2,7,1
1991-RISCY-a-3-c20-u0.85-m3-p8-f1,1991,RISCY-a,3,20,0.85,3,8,1
1824-RISCY-a-3-c20-u0.7-m1-p2-f0,1824,RISCY-a,3,20,0.7,1,2,0
1809-RISCY-a-3-c5-u0.9-m1-p7-f1,1809,RISCY-a,3,5,0.9,1,7,1
1718-RISCY-a-3-c5-u0.7-m2-p2-f1,1718,RISCY-a,3,5,0.7,2,2,1
1554-RISCY-a-3-c2-u0.8-m3-p4-f1,1554,RISCY-a,3,2,0.8,3,4,1
1835-RISCY-a-3-c20-u0.7-m2-p6-f0,1835,RISCY-a,3,20,0.7,2,6,0
1646-RISCY-a-3-c5-u0.75-m1-p8-f0,1646,RISCY-a,3,5,0.75,1,8,0
1507-RISCY-a-3-c2-u0.7-m3-p5-f1,1507,RISCY-a,3,2,0.7,3,5,1
1830-RISCY-a-3-c20-u0.7-m1-p8-f0,1830,RISCY-a,3,20,0.7,1,8,0
1508-RISCY-a-3-c2-u0.7-m3-p6-f1,1508,RISCY-a,3,2,0.7,3,6,1
1967-RISCY-a-3-c20-u0.8-m3-p8-f1,1967,RISCY-a,3,20,0.8,3,8,1
1688-RISCY-a-3-c5-u0.8-m3-p4-f0,1688,RISCY-a,3,5,0.8,3,4,0
1435-RISCY-a-3-c2-u0.8-m1-p3-f0,1435,RISCY-a,3,2,0.8,1,3,0
1587-RISCY-a-3-c2-u0.9-m1-p5-f1,1587,RISCY-a,3,2,0.9,1,5,1
1865-RISCY-a-3-c20-u0.75-m3-p5-f0,1865,RISCY-a,3,20,0.75,3,5,0
1669-RISCY-a-3-c5-u0.75-m4-p7-f0,1669,RISCY-a,3,5,0.75,4,7,0
1972-RISCY-a-3-c20-u0.85-m1-p5-f1,1972,RISCY-a,3,20,0.85,1,5,1
1755-RISCY-a-3-c5-u0.75-m3-p8-f1,1755,RISCY-a,3,5,0.75,3,8,1
1745-RISCY-a-3-c5-u0.75-m2-p6-f1,1745,RISCY-a,3,5,0.75,2,6,1
1744-RISCY-a-3-c5-u0.75-m2-p5-f1,1744,RISCY-a,3,5,0.75,2,5,1
1912-RISCY-a-3-c20-u0.7-m3-p1-f1,1912,RISCY-a,3,20,0.7,3,1,1
1894-RISCY-a-3-c20-u0.85-m1-p7-f0,1894,RISCY-a,3,20,0.85,1,7,0
1848-RISCY-a-3-c20-u0.75-m1-p3-f0,1848,RISCY-a,3,20,0.75,1,3,0
1987-RISCY-a-3-c20-u0.85-m3-p4-f1,1987,RISCY-a,3,20,0.85,3,4,1
1654-RISCY-a-3-c5-u0.75-m2-p8-f0,1654,RISCY-a,3,5,0.75,2,8,0
1448-RISCY-a-3-c2-u0.8-m2-p8-f0,1448,RISCY-a,3,2,0.8,2,8,0
1405-RISCY-a-3-c2-u0.75-m1-p5-f0,1405,RISCY-a,3,2,0.75,1,5,0
1959-RISCY-a-3-c20-u0.8-m2-p8-f1,1959,RISCY-a,3,20,0.8,2,8,1
1707-RISCY-a-3-c5-u0.85-m4-p7-f0,1707,RISCY-a,3,5,0.85,4,7,0
1998-RISCY-a-3-c20-u0.9-m2-p1-f1,1998,RISCY-a,3,20,0.9,2,1,1
1466-RISCY-a-3-c2-u0.85-m1-p3-f0,1466,RISCY-a,3,2,0.85,1,3,0
1438-RISCY-a-3-c2-u0.8-m1-p6-f0,1438,RISCY-a,3,2,0.8,1,6,0
1385-RISCY-a-3-c2-u0.7-m3-p1-f0,1385,RISCY-a,3,2,0.7,3,1,0
1686-RISCY-a-3-c5-u0.8-m3-p2-f0,1686,RISCY-a,3,5,0.8,3,2,0
1829-RISCY-a-3-c20-u0.7-m1-p7-f0,1829,RISCY-a,3,20,0.7,1,7,0
1808-RISCY-a-3-c5-u0.9-m1-p6-f1,1808,RISCY-a,3,5,0.9,1,6,1
1411-RISCY-a-3-c2-u0.75-m2-p3-f0,1411,RISCY-a,3,2,0.75,2,3,0
1702-RISCY-a-3-c5-u0.85-m4-p2-f0,1702,RISCY-a,3,5,0.85,4,2,0
1417-RISCY-a-3-c2-u0.75-m3-p1-f0,1417,RISCY-a,3,2,0.75,3,1,0
1592-RISCY-a-3-c2-u0.9-m2-p2-f1,1592,RISCY-a,3,2,0.9,2,2,1
1706-RISCY-a-3-c5-u0.85-m4-p6-f0,1706,RISCY-a,3,5,0.85,4,6,0
1887-RISCY-a-3-c20-u0.8-m3-p4-f0,1887,RISCY-a,3,20,0.8,3,4,0
1929-RISCY-a-3-c20-u0.75-m2-p2-f1,1929,RISCY-a,3,20,0.75,2,2,1
1505-RISCY-a-3-c2-u0.7-m3-p3-f1,1505,RISCY-a,3,2,0.7,3,3,1
1993-RISCY-a-3-c20-u0.9-m1-p4-f1,1993,RISCY-a,3,20,0.9,1,4,1
1762-RISCY-a-3-c5-u0.8-m1-p7-f1,1762,RISCY-a,3,5,0.8,1,7,1
1844-RISCY-a-3-c20-u0.7-m3-p7-f0,1844,RISCY-a,3,20,0.7,3,7,0
1579-RISCY-a-3-c2-u0.85-m3-p5-f1,1579,RISCY-a,3,2,0.85,3,5,1
1883-RISCY-a-3-c20-u0.8-m2-p8-f0,1883,RISCY-a,3,20,0.8,2,8,0
1751-RISCY-a-3-c5-u0.75-m3-p4-f1,1751,RISCY-a,3,5,0.75,3,4,1
1731-RISCY-a-3-c5-u0.7-m3-p7-f1,1731,RISCY-a,3,5,0.7,3,7,1
1862-RISCY-a-3-c20-u0.75-m3-p2-f0,1862,RISCY-a,3,20,0.75,3,2,0
1487-RISCY-a-3-c2-u0.7-m1-p1-f1,1487,RISCY-a,3,2,0.7,1,1,1
1567-RISCY-a-3-c2-u0.85-m2-p1-f1,1567,RISCY-a,3,2,0.85,2,1,1
1882-RISCY-a-3-c20-u0.8-m2-p7-f0,1882,RISCY-a,3,20,0.8,2,7,0
1599-RISCY-a-3-c2-u0.9-m3-p1-f1,1599,RISCY-a,3,2,0.9,3,1,1
1475-RISCY-a-3-c2-u0.85-m3-p5-f0,1475,RISCY-a,3,2,0.85,3,5,0
1502-RISCY-a-3-c2-u0.7-m2-p8-f1,1502,RISCY-a,3,2,0.7,2,8,1
1491-RISCY-a-3-c2-u0.7-m1-p5-f1,1491,RISCY-a,3,2,0.7,1,5,1
1834-RISCY-a-3-c20-u0.7-m2-p5-f0,1834,RISCY-a,3,20,0.7,2,5,0
1958-RISCY-a-3-c20-u0.8-m2-p7-f1,1958,RISCY-a,3,20,0.8,2,7,1
1908-RISCY-a-3-c20-u0.7-m2-p5-f1,1908,RISCY-a,3,20,0.7,2,5,1
1607-RISCY-a-3-c5-u0.7-m1-p1-f0,1607,RISCY-a,3,5,0.7,1,1,0
1752-RISCY-a-3-c5-u0.75-m3-p5-f1,1752,RISCY-a,3,5,0.75,3,5,1
1414-RISCY-a-3-c2-u0.75-m2-p6-f0,1414,RISCY-a,3,2,0.75,2,6,0
1614-RISCY-a-3-c5-u0.7-m1-p8-f0,1614,RISCY-a,3,5,0.7,1,8,0
1794-RISCY-a-3-c5-u0.85-m2-p7-f1,1794,RISCY-a,3,5,0.85,2,7,1
1392-RISCY-a-3-c2-u0.7-m3-p8-f0,1392,RISCY-a,3,2,0.7,3,8,0
1980-RISCY-a-3-c20-u0.85-m2-p5-f1,1980,RISCY-a,3,20,0.85,2,5,1
1573-RISCY-a-3-c2-u0.85-m2-p7-f1,1573,RISCY-a,3,2,0.85,2,7,1
1904-RISCY-a-3-c20-u0.7-m2-p1-f1,1904,RISCY-a,3,20,0.7,2,1,1
1478-RISCY-a-3-c2-u0.85-m3-p8-f0,1478,RISCY-a,3,2,0.85,3,8,0
1449-RISCY-a-3-c2-u0.8-m3-p2-f0,1449,RISCY-a,3,2,0.8,3,2,0
1897-RISCY-a-3-c20-u0.7-m1-p2-f1,1897,RISCY-a,3,20,0.7,1,2,1
1724-RISCY-a-3-c5-u0.7-m2-p8-f1,1724,RISCY-a,3,5,0.7,2,8,1
1443-RISCY-a-3-c2-u0.8-m2-p3-f0,1443,RISCY-a,3,2,0.8,2,3,0
1667-RISCY-a-3-c5-u0.75-m4-p5-f0,1667,RISCY-a,3,5,0.75,4,5,0
1683-RISCY-a-3-c5-u0.8-m2-p6-f0,1683,RISCY-a,3,5,0.8,2,6,0
1700-RISCY-a-3-c5-u0.8-m4-p8-f0,1700,RISCY-a,3,5,0.8,4,8,0
1629-RISCY-a-3-c5-u0.7-m3-p7-f0,1629,RISCY-a,3,5,0.7,3,7,0
1866-RISCY-a-3-c20-u0.75-m3-p6-f0,1866,RISCY-a,3,20,0.75,3,6,0
1738-RISCY-a-3-c5-u0.75-m1-p6-f1,1738,RISCY-a,3,5,0.75,1,6,1
1506-RISCY-a-3-c2-u0.7-m3-p4-f1,1506,RISCY-a,3,2,0.7,3,4,1
1836-RISCY-a-3-c20-u0.7-m2-p7-f0,1836,RISCY-a,3,20,0.7,2,7,0
1503-RISCY-a-3-c2-u0.7-m3-p1-f1,1503,RISCY-a,3,2,0.7,3,1,1
1943-RISCY-a-3-c20-u0.75-m3-p8-f1,1943,RISCY-a,3,20,0.75,3,8,1
1407-RISCY-a-3-c2-u0.75-m1-p7-f0,1407,RISCY-a,3,2,0.75,1,7,0
1753-RISCY-a-3-c5-u0.75-m3-p6-f1,1753,RISCY-a,3,5,0.75,3,6,1
1447-RISCY-a-3-c2-u0.8-m2-p7-f0,1447,RISCY-a,3,2,0.8,2,7,0
1795-RISCY-a-3-c5-u0.85-m2-p8-f1,1795,RISCY-a,3,5,0.85,2,8,1
1638-RISCY-a-3-c5-u0.7-m4-p8-f0,1638,RISCY-a,3,5,0.7,4,8,0
1488-RISCY-a-3-c2-u0.7-m1-p2-f1,1488,RISCY-a,3,2,0.7,1,2,1
1763-RISCY-a-3-c5-u0.8-m1-p8-f1,1763,RISCY-a,3,5,0.8,1,8,1
1946-RISCY-a-3-c20-u0.8-m1-p3-f1,1946,RISCY-a,3,20,0.8,1,3,1
1938-RISCY-a-3-c20-u0.75-m3-p3-f1,1938,RISCY-a,3,20,0.75,3,3,1
6155-RISCY-FPU-b-1-c5-u0.85-m3-p5-f1,6155,RISCY-FPU-b,1,5,0.85,3,5,1
6052-RISCY-FPU-b-1-c5-u0.9-m1-p2-f0,6052,RISCY-FPU-b,1,5,0.9,1,2,0
6222-RISCY-FPU-b-1-c20-u0.75-m3-p2-f1,6222,RISCY-FPU-b,1,20,0.75,3,2,1
6164-RISCY-FPU-b-1-c5-u0.9-m1-p6-f1,6164,RISCY-FPU-b,1,5,0.9,1,6,1
6129-RISCY-FPU-b-1-c5-u0.8-m3-p3-f1,6129,RISCY-FPU-b,1,5,0.8,3,3,1
6094-RISCY-FPU-b-1-c5-u0.75-m1-p8-f1,6094,RISCY-FPU-b,1,5,0.75,1,8,1
5896-RISCY-FPU-b-1-c2-u0.8-m1-p6-f1,5896,RISCY-FPU-b,1,2,0.8,1,6,1
6247-RISCY-FPU-b-1-c20-u0.8-m3-p3-f1,6247,RISCY-FPU-b,1,20,0.8,3,3,1
5871-RISCY-FPU-b-1-c2-u0.7-m3-p5-f1,5871,RISCY-FPU-b,1,2,0.7,3,5,1
5901-RISCY-FPU-b-1-c2-u0.8-m2-p3-f1,5901,RISCY-FPU-b,1,2,0.8,2,3,1
5867-RISCY-FPU-b-1-c2-u0.7-m3-p1-f1,5867,RISCY-FPU-b,1,2,0.7,3,1,1
6189-RISCY-FPU-b-1-c20-u0.7-m2-p1-f1,6189,RISCY-FPU-b,1,20,0.7,2,1,1
5957-RISCY-FPU-b-1-c2-u0.9-m3-p3-f1,5957,RISCY-FPU-b,1,2,0.9,3,3,1
5906-RISCY-FPU-b-1-c2-u0.8-m2-p8-f1,5906,RISCY-FPU-b,1,2,0.8,2,8,1
6228-RISCY-FPU-b-1-c20-u0.75-m3-p8-f1,6228,RISCY-FPU-b,1,20,0.75,3,8,1
6058-RISCY-FPU-b-1-c5-u0.9-m1-p8-f0,6058,RISCY-FPU-b,1,5,0.9,1,8,0
5933-RISCY-FPU-b-1-c2-u0.85-m3-p3-f1,5933,RISCY-FPU-b,1,2,0.85,3,3,1
6088-RISCY-FPU-b-1-c5-u0.75-m1-p2-f1,6088,RISCY-FPU-b,1,5,0.75,1,2,1
5863-RISCY-FPU-b-1-c2-u0.7-m2-p5-f1,5863,RISCY-FPU-b,1,2,0.7,2,5,1
6162-RISCY-FPU-b-1-c5-u0.9-m1-p4-f1,6162,RISCY-FPU-b,1,5,0.9,1,4,1
5857-RISCY-FPU-b-1-c2-u0.7-m1-p7-f1,5857,RISCY-FPU-b,1,2,0.7,1,7,1
6173-RISCY-FPU-b-1-c5-u0.9-m2-p7-f1,6173,RISCY-FPU-b,1,5,0.9,2,7,1
5980-RISCY-FPU-b-1-c5-u0.75-m1-p2-f0,5980,RISCY-FPU-b,1,5,0.75,1,2,0
6035-RISCY-FPU-b-1-c5-u0.85-m2-p1-f0,6035,RISCY-FPU-b,1,5,0.85,2,1,0
5873-RISCY-FPU-b-1-c2-u0.7-m3-p7-f1,5873,RISCY-FPU-b,1,2,0.7,3,7,1
5995-RISCY-FPU-b-1-c5-u0.75-m3-p1-f0,5995,RISCY-FPU-b,1,5,0.75,3,1,0
6103-RISCY-FPU-b-1-c5-u0.75-m3-p1-f1,6103,RISCY-FPU-b,1,5,0.75,3,1,1
6267-RISCY-FPU-b-1-c20-u0.85-m3-p3-f1,6267,RISCY-FPU-b,1,20,0.85,3,3,1
5948-RISCY-FPU-b-1-c2-u0.9-m2-p2-f1,5948,RISCY-FPU-b,1,2,0.9,2,2,1
6170-RISCY-FPU-b-1-c5-u0.9-m2-p4-f1,6170,RISCY-FPU-b,1,5,0.9,2,4,1
5934-RISCY-FPU-b-1-c2-u0.85-m3-p4-f1,5934,RISCY-FPU-b,1,2,0.85,3,4,1
6192-RISCY-FPU-b-1-c20-u0.7-m2-p4-f1,6192,RISCY-FPU-b,1,20,0.7,2,4,1
6070-RISCY-FPU-b-1-c5-u0.9-m3-p8-f0,6070,RISCY-FPU-b,1,5,0.9,3,8,0
6211-RISCY-FPU-b-1-c20-u0.75-m1-p7-f1,6211,RISCY-FPU-b,1,20,0.75,1,7,1
6048-RISCY-FPU-b-1-c5-u0.85-m3-p6-f0,6048,RISCY-FPU-b,1,5,0.85,3,6,0
5956-RISCY-FPU-b-1-c2-u0.9-m3-p2-f1,5956,RISCY-FPU-b,1,2,0.9,3,2,1
5958-RISCY-FPU-b-1-c2-u0.9-m3-p4-f1,5958,RISCY-FPU-b,1,2,0.9,3,4,1
5911-RISCY-FPU-b-1-c2-u0.8-m3-p5-f1,5911,RISCY-FPU-b,1,2,0.8,3,5,1
6259-RISCY-FPU-b-1-c20-u0.85-m1-p7-f1,6259,RISCY-FPU-b,1,20,0.85,1,7,1
6196-RISCY-FPU-b-1-c20-u0.7-m2-p8-f1,6196,RISCY-FPU-b,1,20,0.7,2,8,1
6199-RISCY-FPU-b-1-c20-u0.7-m3-p3-f1,6199,RISCY-FPU-b,1,20,0.7,3,3,1
6042-RISCY-FPU-b-1-c5-u0.85-m2-p8-f0,6042,RISCY-FPU-b,1,5,0.85,2,8,0
6051-RISCY-FPU-b-1-c5-u0.9-m1-p1-f0,6051,RISCY-FPU-b,1,5,0.9,1,1,0
6003-RISCY-FPU-b-1-c5-u0.8-m1-p1-f0,6003,RISCY-FPU-b,1,5,0.8,1,1,0
6115-RISCY-FPU-b-1-c5-u0.8-m1-p5-f1,6115,RISCY-FPU-b,1,5,0.8,1,5,1
5951-RISCY-FPU-b-1-c2-u0.9-m2-p5-f1,5951,RISCY-FPU-b,1,2,0.9,2,5,1
6227-RISCY-FPU-b-1-c20-u0.75-m3-p7-f1,6227,RISCY-FPU-b,1,20,0.75,3,7,1
6205-RISCY-FPU-b-1-c20-u0.75-m1-p1-f1,6205,RISCY-FPU-b,1,20,0.75,1,1,1
6229-RISCY-FPU-b-1-c20-u0.8-m1-p1-f1,6229,RISCY-FPU-b,1,20,0.8,1,1,1
5903-RISCY-FPU-b-1-c2-u0.8-m2-p5-f1,5903,RISCY-FPU-b,1,2,0.8,2,5,1
6045-RISCY-FPU-b-1-c5-u0.85-m3-p3-f0,6045,RISCY-FPU-b,1,5,0.85,3,3,0
6153-RISCY-FPU-b-1-c5-u0.85-m3-p3-f1,6153,RISCY-FPU-b,1,5,0.85,3,3,1
5927-RISCY-FPU-b-1-c2-u0.85-m2-p5-f1,5927,RISCY-FPU-b,1,2,0.85,2,5,1
5888-RISCY-FPU-b-1-c2-u0.75-m2-p6-f1,5888,RISCY-FPU-b,1,2,0.75,2,6,1
6043-RISCY-FPU-b-1-c5-u0.85-m3-p1-f0,6043,RISCY-FPU-b,1,5,0.85,3,1,0
5953-RISCY-FPU-b-1-c2-u0.9-m2-p7-f1,5953,RISCY-FPU-b,1,2,0.9,2,7,1
6040-RISCY-FPU-b-1-c5-u0.85-m2-p6-f0,6040,RISCY-FPU-b,1,5,0.85,2,6,0
5982-RISCY-FPU-b-1-c5-u0.75-m1-p4-f0,5982,RISCY-FPU-b,1,5,0.75,1,4,0
5929-RISCY-FPU-b-1-c2-u0.85-m2-p7-f1,5929,RISCY-FPU-b,1,2,0.85,2,7,1
6107-RISCY-FPU-b-1-c5-u0.75-m3-p5-f1,6107,RISCY-FPU-b,1,5,0.75,3,5,1
5981-RISCY-FPU-b-1-c5-u0.75-m1-p3-f0,5981,RISCY-FPU-b,1,5,0.75,1,3,0
5876-RISCY-FPU-b-1-c2-u0.75-m1-p2-f1,5876,RISCY-FPU-b,1,2,0.75,1,2,1
6232-RISCY-FPU-b-1-c20-u0.8-m1-p4-f1,6232,RISCY-FPU-b,1,20,0.8,1,4,1
6100-RISCY-FPU-b-1-c5-u0.75-m2-p6-f1,6100,RISCY-FPU-b,1,5,0.75,2,6,1
6125-RISCY-FPU-b-1-c5-u0.8-m2-p7-f1,6125,RISCY-FPU-b,1,5,0.8,2,7,1
6134-RISCY-FPU-b-1-c5-u0.8-m3-p8-f1,6134,RISCY-FPU-b,1,5,0.8,3,8,1
6038-RISCY-FPU-b-1-c5-u0.85-m2-p4-f0,6038,RISCY-FPU-b,1,5,0.85,2,4,0
5949-RISCY-FPU-b-1-c2-u0.9-m2-p3-f1,5949,RISCY-FPU-b,1,2,0.9,2,3,1
5858-RISCY-FPU-b-1-c2-u0.7-m1-p8-f1,5858,RISCY-FPU-b,1,2,0.7,1,8,1
5975-RISCY-FPU-b-1-c5-u0.7-m2-p5-f0,5975,RISCY-FPU-b,1,5,0.7,2,5,0
5865-RISCY-FPU-b-1-c2-u0.7-m2-p7-f1,5865,RISCY-FPU-b,1,2,0.7,2,7,1
5928-RISCY-FPU-b-1-c2-u0.85-m2-p6-f1,5928,RISCY-FPU-b,1,2,0.85,2,6,1
5919-RISCY-FPU-b-1-c2-u0.85-m1-p5-f1,5919,RISCY-FPU-b,1,2,0.85,1,5,1
6274-RISCY-FPU-b-1-c20-u0.9-m1-p4-f1,6274,RISCY-FPU-b,1,20,0.9,1,4,1
6221-RISCY-FPU-b-1-c20-u0.75-m3-p1-f1,6221,RISCY-FPU-b,1,20,0.75,3,1,1
6076-RISCY-FPU-b-1-c5-u0.7-m1-p6-f1,6076,RISCY-FPU-b,1,5,0.7,1,6,1
5893-RISCY-FPU-b-1-c2-u0.8-m1-p3-f1,5893,RISCY-FPU-b,1,2,0.8,1,3,1
5889-RISCY-FPU-b-1-c2-u0.75-m2-p7-f1,5889,RISCY-FPU-b,1,2,0.75,2,7,1
6079-RISCY-FPU-b-1-c5-u0.7-m2-p1-f1,6079,RISCY-FPU-b,1,5,0.7,2,1,1
6126-RISCY-FPU-b-1-c5-u0.8-m2-p8-f1,6126,RISCY-FPU-b,1,5,0.8,2,8,1
6208-RISCY-FPU-b-1-c20-u0.75-m1-p4-f1,6208,RISCY-FPU-b,1,20,0.75,1,4,1
6122-RISCY-FPU-b-1-c5-u0.8-m2-p4-f1,6122,RISCY-FPU-b,1,5,0.8,2,4,1
6065-RISCY-FPU-b-1-c5-u0.9-m2-p7-f0,6065,RISCY-FPU-b,1,5,0.9,2,7,0
6174-RISCY-FPU-b-1-c5-u0.9-m2-p8-f1,6174,RISCY-FPU-b,1,5,0.9,2,8,1
6146-RISCY-FPU-b-1-c5-u0.85-m2-p4-f1,6146,RISCY-FPU-b,1,5,0.85,2,4,1
5999-RISCY-FPU-b-1-c5-u0.75-m3-p5-f0,5999,RISCY-FPU-b,1,5,0.75,3,5,0
5854-RISCY-FPU-b-1-c2-u0.7-m1-p4-f1,5854,RISCY-FPU-b,1,2,0.7,1,4,1
6073-RISCY-FPU-b-1-c5-u0.7-m1-p3-f1,6073,RISCY-FPU-b,1,5,0.7,1,3,1
6220-RISCY-FPU-b-1-c20-u0.75-m2-p8-f1,6220,RISCY-FPU-b,1,20,0.75,2,8,1
6111-RISCY-FPU-b-1-c5-u0.8-m1-p1-f1,6111,RISCY-FPU-b,1,5,0.8,1,1,1
6102-RISCY-FPU-b-1-c5-u0.75-m2-p8-f1,6102,RISCY-FPU-b,1,5,0.75,2,8,1
5998-RISCY-FPU-b-1-c5-u0.75-m3-p4-f0,5998,RISCY-FPU-b,1,5,0.75,3,4,0
6034-RISCY-FPU-b-1-c5-u0.85-m1-p8-f0,6034,RISCY-FPU-b,1,5,0.85,1,8,0
5922-RISCY-FPU-b-1-c2-u0.85-m1-p8-f1,5922,RISCY-FPU-b,1,2,0.85,1,8,1
6263-RISCY-FPU-b-1-c20-u0.85-m2-p6-f1,6263,RISCY-FPU-b,1,20,0.85,2,6,1
6142-RISCY-FPU-b-1-c5-u0.85-m1-p8-f1,6142,RISCY-FPU-b,1,5,0.85,1,8,1
6032-RISCY-FPU-b-1-c5-u0.85-m1-p6-f0,6032,RISCY-FPU-b,1,5,0.85,1,6,0
6027-RISCY-FPU-b-1-c5-u0.85-m1-p1-f0,6027,RISCY-FPU-b,1,5,0.85,1,1,0
5917-RISCY-FPU-b-1-c2-u0.85-m1-p3-f1,5917,RISCY-FPU-b,1,2,0.85,1,3,1
5868-RISCY-FPU-b-1-c2-u0.7-m3-p2-f1,5868,RISCY-FPU-b,1,2,0.7,3,2,1
5913-RISCY-FPU-b-1-c2-u0.8-m3-p7-f1,5913,RISCY-FPU-b,1,2,0.8,3,7,1
5914-RISCY-FPU-b-1-c2-u0.8-m3-p8-f1,5914,RISCY-FPU-b,1,2,0.8,3,8,1
5931-RISCY-FPU-b-1-c2-u0.85-m3-p1-f1,5931,RISCY-FPU-b,1,2,0.85,3,1,1
5941-RISCY-FPU-b-1-c2-u0.9-m1-p3-f1,5941,RISCY-FPU-b,1,2,0.9,1,3,1
6123-RISCY-FPU-b-1-c5-u0.8-m2-p5-f1,6123,RISCY-FPU-b,1,5,0.8,2,5,1
6154-RISCY-FPU-b-1-c5-u0.85-m3-p4-f1,6154,RISCY-FPU-b,1,5,0.85,3,4,1
6230-RISCY-FPU-b-1-c20-u0.8-m1-p2-f1,6230,RISCY-FPU-b,1,20,0.8,1,2,1
6108-RISCY-FPU-b-1-c5-u0.75-m3-p6-f1,6108,RISCY-FPU-b,1,5,0.75,3,6,1
5983-RISCY-FPU-b-1-c5-u0.75-m1-p5-f0,5983,RISCY-FPU-b,1,5,0.75,1,5,0
5992-RISCY-FPU-b-1-c5-u0.75-m2-p6-f0,5992,RISCY-FPU-b,1,5,0.75,2,6,0
5908-RISCY-FPU-b-1-c2-u0.8-m3-p2-f1,5908,RISCY-FPU-b,1,2,0.8,3,2,1
6121-RISCY-FPU-b-1-c5-u0.8-m2-p3-f1,6121,RISCY-FPU-b,1,5,0.8,2,3,1
5938-RISCY-FPU-b-1-c2-u0.85-m3-p8-f1,5938,RISCY-FPU-b,1,2,0.85,3,8,1
6105-RISCY-FPU-b-1-c5-u0.75-m3-p3-f1,6105,RISCY-FPU-b,1,5,0.75,3,3,1
5930-RISCY-FPU-b-1-c2-u0.85-m2-p8-f1,5930,RISCY-FPU-b,1,2,0.85,2,8,1
5988-RISCY-FPU-b-1-c5-u0.75-m2-p2-f0,5988,RISCY-FPU-b,1,5,0.75,2,2,0
6215-RISCY-FPU-b-1-c20-u0.75-m2-p3-f1,6215,RISCY-FPU-b,1,20,0.75,2,3,1
6203-RISCY-FPU-b-1-c20-u0.7-m3-p7-f1,6203,RISCY-FPU-b,1,20,0.7,3,7,1
6214-RISCY-FPU-b-1-c20-u0.75-m2-p2-f1,6214,RISCY-FPU-b,1,20,0.75,2,2,1
5887-RISCY-FPU-b-1-c2-u0.75-m2-p5-f1,5887,RISCY-FPU-b,1,2,0.75,2,5,1
5926-RISCY-FPU-b-1-c2-u0.85-m2-p4-f1,5926,RISCY-FPU-b,1,2,0.85,2,4,1
6167-RISCY-FPU-b-1-c5-u0.9-m2-p1-f1,6167,RISCY-FPU-b,1,5,0.9,2,1,1
6265-RISCY-FPU-b-1-c20-u0.85-m3-p1-f1,6265,RISCY-FPU-b,1,20,0.85,3,1,1
5874-RISCY-FPU-b-1-c2-u0.7-m3-p8-f1,5874,RISCY-FPU-b,1,2,0.7,3,8,1
6137-RISCY-FPU-b-1-c5-u0.85-m1-p3-f1,6137,RISCY-FPU-b,1,5,0.85,1,3,1
5897-RISCY-FPU-b-1-c2-u0.8-m1-p7-f1,5897,RISCY-FPU-b,1,2,0.8,1,7,1
6059-RISCY-FPU-b-1-c5-u0.9-m2-p1-f0,6059,RISCY-FPU-b,1,5,0.9,2,1,0
6190-RISCY-FPU-b-1-c20-u0.7-m2-p2-f1,6190,RISCY-FPU-b,1,20,0.7,2,2,1
5976-RISCY-FPU-b-1-c5-u0.7-m2-p6-f0,5976,RISCY-FPU-b,1,5,0.7,2,6,0
6191-RISCY-FPU-b-1-c20-u0.7-m2-p3-f1,6191,RISCY-FPU-b,1,20,0.7,2,3,1
6253-RISCY-FPU-b-1-c20-u0.85-m1-p1-f1,6253,RISCY-FPU-b,1,20,0.85,1,1,1
6017-RISCY-FPU-b-1-c5-u0.8-m2-p7-f0,6017,RISCY-FPU-b,1,5,0.8,2,7,0
5898-RISCY-FPU-b-1-c2-u0.8-m1-p8-f1,5898,RISCY-FPU-b,1,2,0.8,1,8,1
6082-RISCY-FPU-b-1-c5-u0.7-m2-p4-f1,6082,RISCY-FPU-b,1,5,0.7,2,4,1
5895-RISCY-FPU-b-1-c2-u0.8-m1-p5-f1,5895,RISCY-FPU-b,1,2,0.8,1,5,1
6091-RISCY-FPU-b-1-c5-u0.75-m1-p5-f1,6091,RISCY-FPU-b,1,5,0.75,1,5,1
5912-RISCY-FPU-b-1-c2-u0.8-m3-p6-f1,5912,RISCY-FPU-b,1,2,0.8,3,6,1
6195-RISCY-FPU-b-1-c20-u0.7-m2-p7-f1,6195,RISCY-FPU-b,1,20,0.7,2,7,1
6064-RISCY-FPU-b-1-c5-u0.9-m2-p6-f0,6064,RISCY-FPU-b,1,5,0.9,2,6,0
6074-RISCY-FPU-b-1-c5-u0.7-m1-p4-f1,6074,RISCY-FPU-b,1,5,0.7,1,4,1
6216-RISCY-FPU-b-1-c20-u0.75-m2-p4-f1,6216,RISCY-FPU-b,1,20,0.75,2,4,1
6156-RISCY-FPU-b-1-c5-u0.85-m3-p6-f1,6156,RISCY-FPU-b,1,5,0.85,3,6,1
6117-RISCY-FPU-b-1-c5-u0.8-m1-p7-f1,6117,RISCY-FPU-b,1,5,0.8,1,7,1
6239-RISCY-FPU-b-1-c20-u0.8-m2-p3-f1,6239,RISCY-FPU-b,1,20,0.8,2,3,1
5853-RISCY-FPU-b-1-c2-u0.7-m1-p3-f1,5853,RISCY-FPU-b,1,2,0.7,1,3,1
6176-RISCY-FPU-b-1-c5-u0.9-m3-p2-f1,6176,RISCY-FPU-b,1,5,0.9,3,2,1
5970-RISCY-FPU-b-1-c5-u0.7-m1-p8-f0,5970,RISCY-FPU-b,1,5,0.7,1,8,0
6266-RISCY-FPU-b-1-c20-u0.85-m3-p2-f1,6266,RISCY-FPU-b,1,20,0.85,3,2,1
6278-RISCY-FPU-b-1-c20-u0.9-m2-p2-f1,6278,RISCY-FPU-b,1,20,0.9,2,2,1
6144-RISCY-FPU-b-1-c5-u0.85-m2-p2-f1,6144,RISCY-FPU-b,1,5,0.85,2,2,1
5859-RISCY-FPU-b-1-c2-u0.7-m2-p1-f1,5859,RISCY-FPU-b,1,2,0.7,2,1,1
6124-RISCY-FPU-b-1-c5-u0.8-m2-p6-f1,6124,RISCY-FPU-b,1,5,0.8,2,6,1
5942-RISCY-FPU-b-1-c2-u0.9-m1-p4-f1,5942,RISCY-FPU-b,1,2,0.9,1,4,1
6273-RISCY-FPU-b-1-c20-u0.9-m1-p3-f1,6273,RISCY-FPU-b,1,20,0.9,1,3,1
6010-RISCY-FPU-b-1-c5-u0.8-m1-p8-f0,6010,RISCY-FPU-b,1,5,0.8,1,8,0
6283-RISCY-FPU-b-1-c20-u0.9-m2-p8-f1,6283,RISCY-FPU-b,1,20,0.9,2,8,1
6279-RISCY-FPU-b-1-c20-u0.9-m2-p3-f1,6279,RISCY-FPU-b,1,20,0.9,2,3,1
6251-RISCY-FPU-b-1-c20-u0.8-m3-p7-f1,6251,RISCY-FPU-b,1,20,0.8,3,7,1
6130-RISCY-FPU-b-1-c5-u0.8-m3-p4-f1,6130,RISCY-FPU-b,1,5,0.8,3,4,1
6276-RISCY-FPU-b-1-c20-u0.9-m1-p6-f1,6276,RISCY-FPU-b,1,20,0.9,1,6,1
6128-RISCY-FPU-b-1-c5-u0.8-m3-p2-f1,6128,RISCY-FPU-b,1,5,0.8,3,2,1
5932-RISCY-FPU-b-1-c2-u0.85-m3-p2-f1,5932,RISCY-FPU-b,1,2,0.85,3,2,1
6056-RISCY-FPU-b-1-c5-u0.9-m1-p6-f0,6056,RISCY-FPU-b,1,5,0.9,1,6,0
5939-RISCY-FPU-b-1-c2-u0.9-m1-p1-f1,5939,RISCY-FPU-b,1,2,0.9,1,1,1
5849-RISCY-FPU-b-1-c2-u0.7-m1-p4-f0,5849,RISCY-FPU-b,1,2,0.7,1,4,0
6240-RISCY-FPU-b-1-c20-u0.8-m2-p4-f1,6240,RISCY-FPU-b,1,20,0.8,2,4,1
6101-RISCY-FPU-b-1-c5-u0.75-m2-p7-f1,6101,RISCY-FPU-b,1,5,0.75,2,7,1
6050-RISCY-FPU-b-1-c5-u0.85-m3-p8-f0,6050,RISCY-FPU-b,1,5,0.85,3,8,0
6243-RISCY-FPU-b-1-c20-u0.8-m2-p7-f1,6243,RISCY-FPU-b,1,20,0.8,2,7,1
6286-RISCY-FPU-b-1-c20-u0.9-m3-p3-f1,6286,RISCY-FPU-b,1,20,0.9,3,3,1
5990-RISCY-FPU-b-1-c5-u0.75-m2-p4-f0,5990,RISCY-FPU-b,1,5,0.75,2,4,0
6212-RISCY-FPU-b-1-c20-u0.75-m1-p8-f1,6212,RISCY-FPU-b,1,20,0.75,1,8,1
6181-RISCY-FPU-b-1-c20-u0.7-m1-p1-f1,6181,RISCY-FPU-b,1,20,0.7,1,1,1
5985-RISCY-FPU-b-1-c5-u0.75-m1-p7-f0,5985,RISCY-FPU-b,1,5,0.75,1,7,0
6007-RISCY-FPU-b-1-c5-u0.8-m1-p5-f0,6007,RISCY-FPU-b,1,5,0.8,1,5,0
6223-RISCY-FPU-b-1-c20-u0.75-m3-p3-f1,6223,RISCY-FPU-b,1,20,0.75,3,3,1
5891-RISCY-FPU-b-1-c2-u0.8-m1-p1-f1,5891,RISCY-FPU-b,1,2,0.8,1,1,1
6235-RISCY-FPU-b-1-c20-u0.8-m1-p7-f1,6235,RISCY-FPU-b,1,20,0.8,1,7,1
6009-RISCY-FPU-b-1-c5-u0.8-m1-p7-f0,6009,RISCY-FPU-b,1,5,0.8,1,7,0
5894-RISCY-FPU-b-1-c2-u0.8-m1-p4-f1,5894,RISCY-FPU-b,1,2,0.8,1,4,1
5881-RISCY-FPU-b-1-c2-u0.75-m1-p7-f1,5881,RISCY-FPU-b,1,2,0.75,1,7,1
5886-RISCY-FPU-b-1-c2-u0.75-m2-p4-f1,5886,RISCY-FPU-b,1,2,0.75,2,4,1
6244-RISCY-FPU-b-1-c20-u0.8-m2-p8-f1,6244,RISCY-FPU-b,1,20,0.8,2,8,1
5918-RISCY-FPU-b-1-c2-u0.85-m1-p4-f1,5918,RISCY-FPU-b,1,2,0.85,1,4,1
6281-RISCY-FPU-b-1-c20-u0.9-m2-p5-f1,6281,RISCY-FPU-b,1,20,0.9,2,5,1
6005-RISCY-FPU-b-1-c5-u0.8-m1-p3-f0,6005,RISCY-FPU-b,1,5,0.8,1,3,0
6231-RISCY-FPU-b-1-c20-u0.8-m1-p3-f1,6231,RISCY-FPU-b,1,20,0.8,1,3,1
5875-RISCY-FPU-b-1-c2-u0.75-m1-p1-f1,5875,RISCY-FPU-b,1,2,0.75,1,1,1
6026-RISCY-FPU-b-1-c5-u0.8-m3-p8-f0,6026,RISCY-FPU-b,1,5,0.8,3,8,0
6248-RISCY-FPU-b-1-c20-u0.8-m3-p4-f1,6248,RISCY-FPU-b,1,20,0.8,3,4,1
5870-RISCY-FPU-b-1-c2-u0.7-m3-p4-f1,5870,RISCY-FPU-b,1,2,0.7,3,4,1
6168-RISCY-FPU-b-1-c5-u0.9-m2-p2-f1,6168,RISCY-FPU-b,1,5,0.9,2,2,1
6186-RISCY-FPU-b-1-c20-u0.7-m1-p6-f1,6186,RISCY-FPU-b,1,20,0.7,1,6,1
6132-RISCY-FPU-b-1-c5-u0.8-m3-p6-f1,6132,RISCY-FPU-b,1,5,0.8,3,6,1
5936-RISCY-FPU-b-1-c2-u0.85-m3-p6-f1,5936,RISCY-FPU-b,1,2,0.85,3,6,1
5950-RISCY-FPU-b-1-c2-u0.9-m2-p4-f1,5950,RISCY-FPU-b,1,2,0.9,2,4,1
5963-RISCY-FPU-b-1-c5-u0.7-m1-p1-f0,5963,RISCY-FPU-b,1,5,0.7,1,1,0
5861-RISCY-FPU-b-1-c2-u0.7-m2-p3-f1,5861,RISCY-FPU-b,1,2,0.7,2,3,1
6241-RISCY-FPU-b-1-c20-u0.8-m2-p5-f1,6241,RISCY-FPU-b,1,20,0.8,2,5,1
5966-RISCY-FPU-b-1-c5-u0.7-m1-p4-f0,5966,RISCY-FPU-b,1,5,0.7,1,4,0
6066-RISCY-FPU-b-1-c5-u0.9-m2-p8-f0,6066,RISCY-FPU-b,1,5,0.9,2,8,0
6252-RISCY-FPU-b-1-c20-u0.8-m3-p8-f1,6252,RISCY-FPU-b,1,20,0.8,3,8,1
5921-RISCY-FPU-b-1-c2-u0.85-m1-p7-f1,5921,RISCY-FPU-b,1,2,0.85,1,7,1
6193-RISCY-FPU-b-1-c20-u0.7-m2-p5-f1,6193,RISCY-FPU-b,1,20,0.7,2,5,1
6150-RISCY-FPU-b-1-c5-u0.85-m2-p8-f1,6150,RISCY-FPU-b,1,5,0.85,2,8,1
6023-RISCY-FPU-b-1-c5-u0.8-m3-p5-f0,6023,RISCY-FPU-b,1,5,0.8,3,5,0
6018-RISCY-FPU-b-1-c5-u0.8-m2-p8-f0,6018,RISCY-FPU-b,1,5,0.8,2,8,0
6060-RISCY-FPU-b-1-c5-u0.9-m2-p2-f0,6060,RISCY-FPU-b,1,5,0.9,2,2,0
6249-RISCY-FPU-b-1-c20-u0.8-m3-p5-f1,6249,RISCY-FPU-b,1,20,0.8,3,5,1
6284-RISCY-FPU-b-1-c20-u0.9-m3-p1-f1,6284,RISCY-FPU-b,1,20,0.9,3,1,1
6177-RISCY-FPU-b-1-c5-u0.9-m3-p4-f1,6177,RISCY-FPU-b,1,5,0.9,3,4,1
6188-RISCY-FPU-b-1-c20-u0.7-m1-p8-f1,6188,RISCY-FPU-b,1,20,0.7,1,8,1
5944-RISCY-FPU-b-1-c2-u0.9-m1-p6-f1,5944,RISCY-FPU-b,1,2,0.9,1,6,1
6234-RISCY-FPU-b-1-c20-u0.8-m1-p6-f1,6234,RISCY-FPU-b,1,20,0.8,1,6,1
6061-RISCY-FPU-b-1-c5-u0.9-m2-p3-f0,6061,RISCY-FPU-b,1,5,0.9,2,3,0
6019-RISCY-FPU-b-1-c5-u0.8-m3-p1-f0,6019,RISCY-FPU-b,1,5,0.8,3,1,0
5882-RISCY-FPU-b-1-c2-u0.75-m1-p8-f1,5882,RISCY-FPU-b,1,2,0.75,1,8,1
6264-RISCY-FPU-b-1-c20-u0.85-m2-p7-f1,6264,RISCY-FPU-b,1,20,0.85,2,7,1
6151-RISCY-FPU-b-1-c5-u0.85-m3-p1-f1,6151,RISCY-FPU-b,1,5,0.85,3,1,1
6072-RISCY-FPU-b-1-c5-u0.7-m1-p2-f1,6072,RISCY-FPU-b,1,5,0.7,1,2,1
5969-RISCY-FPU-b-1-c5-u0.7-m1-p7-f0,5969,RISCY-FPU-b,1,5,0.7,1,7,0
6114-RISCY-FPU-b-1-c5-u0.8-m1-p4-f1,6114,RISCY-FPU-b,1,5,0.8,1,4,1
6015-RISCY-FPU-b-1-c5-u0.8-m2-p5-f0,6015,RISCY-FPU-b,1,5,0.8,2,5,0
6201-RISCY-FPU-b-1-c20-u0.7-m3-p5-f1,6201,RISCY-FPU-b,1,20,0.7,3,5,1
5996-RISCY-FPU-b-1-c5-u0.75-m3-p2-f0,5996,RISCY-FPU-b,1,5,0.75,3,2,0
6270-RISCY-FPU-b-1-c20-u0.85-m3-p7-f1,6270,RISCY-FPU-b,1,20,0.85,3,7,1
6207-RISCY-FPU-b-1-c20-u0.75-m1-p3-f1,6207,RISCY-FPU-b,1,20,0.75,1,3,1
6206-RISCY-FPU-b-1-c20-u0.75-m1-p2-f1,6206,RISCY-FPU-b,1,20,0.75,1,2,1
6071-RISCY-FPU-b-1-c5-u0.7-m1-p1-f1,6071,RISCY-FPU-b,1,5,0.7,1,1,1
5924-RISCY-FPU-b-1-c2-u0.85-m2-p2-f1,5924,RISCY-FPU-b,1,2,0.85,2,2,1
6236-RISCY-FPU-b-1-c20-u0.8-m1-p8-f1,6236,RISCY-FPU-b,1,20,0.8,1,8,1
6171-RISCY-FPU-b-1-c5-u0.9-m2-p5-f1,6171,RISCY-FPU-b,1,5,0.9,2,5,1
6116-RISCY-FPU-b-1-c5-u0.8-m1-p6-f1,6116,RISCY-FPU-b,1,5,0.8,1,6,1
5978-RISCY-FPU-b-1-c5-u0.7-m2-p8-f0,5978,RISCY-FPU-b,1,5,0.7,2,8,0
6057-RISCY-FPU-b-1-c5-u0.9-m1-p7-f0,6057,RISCY-FPU-b,1,5,0.9,1,7,0
6163-RISCY-FPU-b-1-c5-u0.9-m1-p5-f1,6163,RISCY-FPU-b,1,5,0.9,1,5,1
6210-RISCY-FPU-b-1-c20-u0.75-m1-p6-f1,6210,RISCY-FPU-b,1,20,0.75,1,6,1
6004-RISCY-FPU-b-1-c5-u0.8-m1-p2-f0,6004,RISCY-FPU-b,1,5,0.8,1,2,0
6049-RISCY-FPU-b-1-c5-u0.85-m3-p7-f0,6049,RISCY-FPU-b,1,5,0.85,3,7,0
5883-RISCY-FPU-b-1-c2-u0.75-m2-p1-f1,5883,RISCY-FPU-b,1,2,0.75,2,1,1
6080-RISCY-FPU-b-1-c5-u0.7-m2-p2-f1,6080,RISCY-FPU-b,1,5,0.7,2,2,1
5991-RISCY-FPU-b-1-c5-u0.75-m2-p5-f0,5991,RISCY-FPU-b,1,5,0.75,2,5,0
6127-RISCY-FPU-b-1-c5-u0.8-m3-p1-f1,6127,RISCY-FPU-b,1,5,0.8,3,1,1
6161-RISCY-FPU-b-1-c5-u0.9-m1-p3-f1,6161,RISCY-FPU-b,1,5,0.9,1,3,1
6013-RISCY-FPU-b-1-c5-u0.8-m2-p3-f0,6013,RISCY-FPU-b,1,5,0.8,2,3,0
6055-RISCY-FPU-b-1-c5-u0.9-m1-p5-f0,6055,RISCY-FPU-b,1,5,0.9,1,5,0
6029-RISCY-FPU-b-1-c5-u0.85-m1-p3-f0,6029,RISCY-FPU-b,1,5,0.85,1,3,0
5971-RISCY-FPU-b-1-c5-u0.7-m2-p1-f0,5971,RISCY-FPU-b,1,5,0.7,2,1,0
6039-RISCY-FPU-b-1-c5-u0.85-m2-p5-f0,6039,RISCY-FPU-b,1,5,0.85,2,5,0
6075-RISCY-FPU-b-1-c5-u0.7-m1-p5-f1,6075,RISCY-FPU-b,1,5,0.7,1,5,1
5955-RISCY-FPU-b-1-c2-u0.9-m3-p1-f1,5955,RISCY-FPU-b,1,2,0.9,3,1,1
6175-RISCY-FPU-b-1-c5-u0.9-m3-p1-f1,6175,RISCY-FPU-b,1,5,0.9,3,1,1
6202-RISCY-FPU-b-1-c20-u0.7-m3-p6-f1,6202,RISCY-FPU-b,1,20,0.7,3,6,1
6140-RISCY-FPU-b-1-c5-u0.85-m1-p6-f1,6140,RISCY-FPU-b,1,5,0.85,1,6,1
6204-RISCY-FPU-b-1-c20-u0.7-m3-p8-f1,6204,RISCY-FPU-b,1,20,0.7,3,8,1
5979-RISCY-FPU-b-1-c5-u0.75-m1-p1-f0,5979,RISCY-FPU-b,1,5,0.75,1,1,0
5910-RISCY-FPU-b-1-c2-u0.8-m3-p4-f1,5910,RISCY-FPU-b,1,2,0.8,3,4,1
6197-RISCY-FPU-b-1-c20-u0.7-m3-p1-f1,6197,RISCY-FPU-b,1,20,0.7,3,1,1
5909-RISCY-FPU-b-1-c2-u0.8-m3-p3-f1,5909,RISCY-FPU-b,1,2,0.8,3,3,1
6254-RISCY-FPU-b-1-c20-u0.85-m1-p2-f1,6254,RISCY-FPU-b,1,20,0.85,1,2,1
6001-RISCY-FPU-b-1-c5-u0.75-m3-p7-f0,6001,RISCY-FPU-b,1,5,0.75,3,7,0
6119-RISCY-FPU-b-1-c5-u0.8-m2-p1-f1,6119,RISCY-FPU-b,1,5,0.8,2,1,1
6194-RISCY-FPU-b-1-c20-u0.7-m2-p6-f1,6194,RISCY-FPU-b,1,20,0.7,2,6,1
6256-RISCY-FPU-b-1-c20-u0.85-m1-p4-f1,6256,RISCY-FPU-b,1,20,0.85,1,4,1
6109-RISCY-FPU-b-1-c5-u0.75-m3-p7-f1,6109,RISCY-FPU-b,1,5,0.75,3,7,1
6246-RISCY-FPU-b-1-c20-u0.8-m3-p2-f1,6246,RISCY-FPU-b,1,20,0.8,3,2,1
6062-RISCY-FPU-b-1-c5-u0.9-m2-p4-f0,6062,RISCY-FPU-b,1,5,0.9,2,4,0
6104-RISCY-FPU-b-1-c5-u0.75-m3-p2-f1,6104,RISCY-FPU-b,1,5,0.75,3,2,1
5907-RISCY-FPU-b-1-c2-u0.8-m3-p1-f1,5907,RISCY-FPU-b,1,2,0.8,3,1,1
6287-RISCY-FPU-b-1-c20-u0.9-m3-p4-f1,6287,RISCY-FPU-b,1,20,0.9,3,4,1
5878-RISCY-FPU-b-1-c2-u0.75-m1-p4-f1,5878,RISCY-FPU-b,1,2,0.75,1,4,1
6083-RISCY-FPU-b-1-c5-u0.7-m2-p5-f1,6083,RISCY-FPU-b,1,5,0.7,2,5,1
6136-RISCY-FPU-b-1-c5-u0.85-m1-p2-f1,6136,RISCY-FPU-b,1,5,0.85,1,2,1
6158-RISCY-FPU-b-1-c5-u0.85-m3-p8-f1,6158,RISCY-FPU-b,1,5,0.85,3,8,1
6139-RISCY-FPU-b-1-c5-u0.85-m1-p5-f1,6139,RISCY-FPU-b,1,5,0.85,1,5,1
5884-RISCY-FPU-b-1-c2-u0.75-m2-p2-f1,5884,RISCY-FPU-b,1,2,0.75,2,2,1
6179-RISCY-FPU-b-1-c5-u0.9-m3-p6-f1,6179,RISCY-FPU-b,1,5,0.9,3,6,1
6180-RISCY-FPU-b-1-c5-u0.9-m3-p8-f1,6180,RISCY-FPU-b,1,5,0.9,3,8,1
5856-RISCY-FPU-b-1-c2-u0.7-m1-p6-f1,5856,RISCY-FPU-b,1,2,0.7,1,6,1
6152-RISCY-FPU-b-1-c5-u0.85-m3-p2-f1,6152,RISCY-FPU-b,1,5,0.85,3,2,1
6184-RISCY-FPU-b-1-c20-u0.7-m1-p4-f1,6184,RISCY-FPU-b,1,20,0.7,1,4,1
6218-RISCY-FPU-b-1-c20-u0.75-m2-p6-f1,6218,RISCY-FPU-b,1,20,0.75,2,6,1
6016-RISCY-FPU-b-1-c5-u0.8-m2-p6-f0,6016,RISCY-FPU-b,1,5,0.8,2,6,0
6145-RISCY-FPU-b-1-c5-u0.85-m2-p3-f1,6145,RISCY-FPU-b,1,5,0.85,2,3,1
5935-RISCY-FPU-b-1-c2-u0.85-m3-p5-f1,5935,RISCY-FPU-b,1,2,0.85,3,5,1
6046-RISCY-FPU-b-1-c5-u0.85-m3-p4-f0,6046,RISCY-FPU-b,1,5,0.85,3,4,0
6069-RISCY-FPU-b-1-c5-u0.9-m3-p6-f0,6069,RISCY-FPU-b,1,5,0.9,3,6,0
5915-RISCY-FPU-b-1-c2-u0.85-m1-p1-f1,5915,RISCY-FPU-b,1,2,0.85,1,1,1
6081-RISCY-FPU-b-1-c5-u0.7-m2-p3-f1,6081,RISCY-FPU-b,1,5,0.7,2,3,1
5945-RISCY-FPU-b-1-c2-u0.9-m1-p7-f1,5945,RISCY-FPU-b,1,2,0.9,1,7,1
6092-RISCY-FPU-b-1-c5-u0.75-m1-p6-f1,6092,RISCY-FPU-b,1,5,0.75,1,6,1
5954-RISCY-FPU-b-1-c2-u0.9-m2-p8-f1,5954,RISCY-FPU-b,1,2,0.9,2,8,1
6166-RISCY-FPU-b-1-c5-u0.9-m1-p8-f1,6166,RISCY-FPU-b,1,5,0.9,1,8,1
5860-RISCY-FPU-b-1-c2-u0.7-m2-p2-f1,5860,RISCY-FPU-b,1,2,0.7,2,2,1
5869-RISCY-FPU-b-1-c2-u0.7-m3-p3-f1,5869,RISCY-FPU-b,1,2,0.7,3,3,1
6225-RISCY-FPU-b-1-c20-u0.75-m3-p5-f1,6225,RISCY-FPU-b,1,20,0.75,3,5,1
6008-RISCY-FPU-b-1-c5-u0.8-m1-p6-f0,6008,RISCY-FPU-b,1,5,0.8,1,6,0
6233-RISCY-FPU-b-1-c20-u0.8-m1-p5-f1,6233,RISCY-FPU-b,1,20,0.8,1,5,1
6030-RISCY-FPU-b-1-c5-u0.85-m1-p4-f0,6030,RISCY-FPU-b,1,5,0.85,1,4,0
6002-RISCY-FPU-b-1-c5-u0.75-m3-p8-f0,6002,RISCY-FPU-b,1,5,0.75,3,8,0
6133-RISCY-FPU-b-1-c5-u0.8-m3-p7-f1,6133,RISCY-FPU-b,1,5,0.8,3,7,1
6149-RISCY-FPU-b-1-c5-u0.85-m2-p7-f1,6149,RISCY-FPU-b,1,5,0.85,2,7,1
6290-RISCY-FPU-b-1-c20-u0.9-m3-p8-f1,6290,RISCY-FPU-b,1,20,0.9,3,8,1
5962-RISCY-FPU-b-1-c2-u0.9-m3-p8-f1,5962,RISCY-FPU-b,1,2,0.9,3,8,1
6185-RISCY-FPU-b-1-c20-u0.7-m1-p5-f1,6185,RISCY-FPU-b,1,20,0.7,1,5,1
6160-RISCY-FPU-b-1-c5-u0.9-m1-p2-f1,6160,RISCY-FPU-b,1,5,0.9,1,2,1
6272-RISCY-FPU-b-1-c20-u0.9-m1-p2-f1,6272,RISCY-FPU-b,1,20,0.9,1,2,1
6047-RISCY-FPU-b-1-c5-u0.85-m3-p5-f0,6047,RISCY-FPU-b,1,5,0.85,3,5,0
6021-RISCY-FPU-b-1-c5-u0.8-m3-p3-f0,6021,RISCY-FPU-b,1,5,0.8,3,3,0
6275-RISCY-FPU-b-1-c20-u0.9-m1-p5-f1,6275,RISCY-FPU-b,1,20,0.9,1,5,1
6285-RISCY-FPU-b-1-c20-u0.9-m3-p2-f1,6285,RISCY-FPU-b,1,20,0.9,3,2,1
6084-RISCY-FPU-b-1-c5-u0.7-m2-p6-f1,6084,RISCY-FPU-b,1,5,0.7,2,6,1
6085-RISCY-FPU-b-1-c5-u0.7-m2-p7-f1,6085,RISCY-FPU-b,1,5,0.7,2,7,1
6250-RISCY-FPU-b-1-c20-u0.8-m3-p6-f1,6250,RISCY-FPU-b,1,20,0.8,3,6,1
6014-RISCY-FPU-b-1-c5-u0.8-m2-p4-f0,6014,RISCY-FPU-b,1,5,0.8,2,4,0
6078-RISCY-FPU-b-1-c5-u0.7-m1-p8-f1,6078,RISCY-FPU-b,1,5,0.7,1,8,1
6288-RISCY-FPU-b-1-c20-u0.9-m3-p6-f1,6288,RISCY-FPU-b,1,20,0.9,3,6,1
5905-RISCY-FPU-b-1-c2-u0.8-m2-p7-f1,5905,RISCY-FPU-b,1,2,0.8,2,7,1
6143-RISCY-FPU-b-1-c5-u0.85-m2-p1-f1,6143,RISCY-FPU-b,1,5,0.85,2,1,1
6113-RISCY-FPU-b-1-c5-u0.8-m1-p3-f1,6113,RISCY-FPU-b,1,5,0.8,1,3,1
6255-RISCY-FPU-b-1-c20-u0.85-m1-p3-f1,6255,RISCY-FPU-b,1,20,0.85,1,3,1
5904-RISCY-FPU-b-1-c2-u0.8-m2-p6-f1,5904,RISCY-FPU-b,1,2,0.8,2,6,1
6271-RISCY-FPU-b-1-c20-u0.85-m3-p8-f1,6271,RISCY-FPU-b,1,20,0.85,3,8,1
6025-RISCY-FPU-b-1-c5-u0.8-m3-p7-f0,6025,RISCY-FPU-b,1,5,0.8,3,7,0
6112-RISCY-FPU-b-1-c5-u0.8-m1-p2-f1,6112,RISCY-FPU-b,1,5,0.8,1,2,1
5937-RISCY-FPU-b-1-c2-u0.85-m3-p7-f1,5937,RISCY-FPU-b,1,2,0.85,3,7,1
5965-RISCY-FPU-b-1-c5-u0.7-m1-p3-f0,5965,RISCY-FPU-b,1,5,0.7,1,3,0
5986-RISCY-FPU-b-1-c5-u0.75-m1-p8-f0,5986,RISCY-FPU-b,1,5,0.75,1,8,0
6033-RISCY-FPU-b-1-c5-u0.85-m1-p7-f0,6033,RISCY-FPU-b,1,5,0.85,1,7,0
6178-RISCY-FPU-b-1-c5-u0.9-m3-p5-f1,6178,RISCY-FPU-b,1,5,0.9,3,5,1
6165-RISCY-FPU-b-1-c5-u0.9-m1-p7-f1,6165,RISCY-FPU-b,1,5,0.9,1,7,1
6041-RISCY-FPU-b-1-c5-u0.85-m2-p7-f0,6041,RISCY-FPU-b,1,5,0.85,2,7,0
5987-RISCY-FPU-b-1-c5-u0.75-m2-p1-f0,5987,RISCY-FPU-b,1,5,0.75,2,1,0
6219-RISCY-FPU-b-1-c20-u0.75-m2-p7-f1,6219,RISCY-FPU-b,1,20,0.75,2,7,1
6269-RISCY-FPU-b-1-c20-u0.85-m3-p5-f1,6269,RISCY-FPU-b,1,20,0.85,3,5,1
6141-RISCY-FPU-b-1-c5-u0.85-m1-p7-f1,6141,RISCY-FPU-b,1,5,0.85,1,7,1
6106-RISCY-FPU-b-1-c5-u0.75-m3-p4-f1,6106,RISCY-FPU-b,1,5,0.75,3,4,1
6224-RISCY-FPU-b-1-c20-u0.75-m3-p4-f1,6224,RISCY-FPU-b,1,20,0.75,3,4,1
5993-RISCY-FPU-b-1-c5-u0.75-m2-p7-f0,5993,RISCY-FPU-b,1,5,0.75,2,7,0
6242-RISCY-FPU-b-1-c20-u0.8-m2-p6-f1,6242,RISCY-FPU-b,1,20,0.8,2,6,1
5890-RISCY-FPU-b-1-c2-u0.75-m2-p8-f1,5890,RISCY-FPU-b,1,2,0.75,2,8,1
6024-RISCY-FPU-b-1-c5-u0.8-m3-p6-f0,6024,RISCY-FPU-b,1,5,0.8,3,6,0
5923-RISCY-FPU-b-1-c2-u0.85-m2-p1-f1,5923,RISCY-FPU-b,1,2,0.85,2,1,1
5866-RISCY-FPU-b-1-c2-u0.7-m2-p8-f1,5866,RISCY-FPU-b,1,2,0.7,2,8,1
6217-RISCY-FPU-b-1-c20-u0.75-m2-p5-f1,6217,RISCY-FPU-b,1,20,0.75,2,5,1
5880-RISCY-FPU-b-1-c2-u0.75-m1-p6-f1,5880,RISCY-FPU-b,1,2,0.75,1,6,1
6157-RISCY-FPU-b-1-c5-u0.85-m3-p7-f1,6157,RISCY-FPU-b,1,5,0.85,3,7,1
6257-RISCY-FPU-b-1-c20-u0.85-m1-p5-f1,6257,RISCY-FPU-b,1,20,0.85,1,5,1
5851-RISCY-FPU-b-1-c2-u0.7-m1-p1-f1,5851,RISCY-FPU-b,1,2,0.7,1,1,1
6209-RISCY-FPU-b-1-c20-u0.75-m1-p5-f1,6209,RISCY-FPU-b,1,20,0.75,1,5,1
6067-RISCY-FPU-b-1-c5-u0.9-m3-p1-f0,6067,RISCY-FPU-b,1,5,0.9,3,1,0
6198-RISCY-FPU-b-1-c20-u0.7-m3-p2-f1,6198,RISCY-FPU-b,1,20,0.7,3,2,1
6169-RISCY-FPU-b-1-c5-u0.9-m2-p3-f1,6169,RISCY-FPU-b,1,5,0.9,2,3,1
6118-RISCY-FPU-b-1-c5-u0.8-m1-p8-f1,6118,RISCY-FPU-b,1,5,0.8,1,8,1
6011-RISCY-FPU-b-1-c5-u0.8-m2-p1-f0,6011,RISCY-FPU-b,1,5,0.8,2,1,0
5920-RISCY-FPU-b-1-c2-u0.85-m1-p6-f1,5920,RISCY-FPU-b,1,2,0.85,1,6,1
6131-RISCY-FPU-b-1-c5-u0.8-m3-p5-f1,6131,RISCY-FPU-b,1,5,0.8,3,5,1
5952-RISCY-FPU-b-1-c2-u0.9-m2-p6-f1,5952,RISCY-FPU-b,1,2,0.9,2,6,1
6120-RISCY-FPU-b-1-c5-u0.8-m2-p2-f1,6120,RISCY-FPU-b,1,5,0.8,2,2,1
5972-RISCY-FPU-b-1-c5-u0.7-m2-p2-f0,5972,RISCY-FPU-b,1,5,0.7,2,2,0
5855-RISCY-FPU-b-1-c2-u0.7-m1-p5-f1,5855,RISCY-FPU-b,1,2,0.7,1,5,1
6022-RISCY-FPU-b-1-c5-u0.8-m3-p4-f0,6022,RISCY-FPU-b,1,5,0.8,3,4,0
5964-RISCY-FPU-b-1-c5-u0.7-m1-p2-f0,5964,RISCY-FPU-b,1,5,0.7,1,2,0
6147-RISCY-FPU-b-1-c5-u0.85-m2-p5-f1,6147,RISCY-FPU-b,1,5,0.85,2,5,1
6148-RISCY-FPU-b-1-c5-u0.85-m2-p6-f1,6148,RISCY-FPU-b,1,5,0.85,2,6,1
6090-RISCY-FPU-b-1-c5-u0.75-m1-p4-f1,6090,RISCY-FPU-b,1,5,0.75,1,4,1
6238-RISCY-FPU-b-1-c20-u0.8-m2-p2-f1,6238,RISCY-FPU-b,1,20,0.8,2,2,1
6006-RISCY-FPU-b-1-c5-u0.8-m1-p4-f0,6006,RISCY-FPU-b,1,5,0.8,1,4,0
6280-RISCY-FPU-b-1-c20-u0.9-m2-p4-f1,6280,RISCY-FPU-b,1,20,0.9,2,4,1
5984-RISCY-FPU-b-1-c5-u0.75-m1-p6-f0,5984,RISCY-FPU-b,1,5,0.75,1,6,0
5967-RISCY-FPU-b-1-c5-u0.7-m1-p5-f0,5967,RISCY-FPU-b,1,5,0.7,1,5,0
6289-RISCY-FPU-b-1-c20-u0.9-m3-p7-f1,6289,RISCY-FPU-b,1,20,0.9,3,7,1
6093-RISCY-FPU-b-1-c5-u0.75-m1-p7-f1,6093,RISCY-FPU-b,1,5,0.75,1,7,1
6097-RISCY-FPU-b-1-c5-u0.75-m2-p3-f1,6097,RISCY-FPU-b,1,5,0.75,2,3,1
6172-RISCY-FPU-b-1-c5-u0.9-m2-p6-f1,6172,RISCY-FPU-b,1,5,0.9,2,6,1
5977-RISCY-FPU-b-1-c5-u0.7-m2-p7-f0,5977,RISCY-FPU-b,1,5,0.7,2,7,0
6277-RISCY-FPU-b-1-c20-u0.9-m1-p8-f1,6277,RISCY-FPU-b,1,20,0.9,1,8,1
6087-RISCY-FPU-b-1-c5-u0.75-m1-p1-f1,6087,RISCY-FPU-b,1,5,0.75,1,1,1
5879-RISCY-FPU-b-1-c2-u0.75-m1-p5-f1,5879,RISCY-FPU-b,1,2,0.75,1,5,1
5892-RISCY-FPU-b-1-c2-u0.8-m1-p2-f1,5892,RISCY-FPU-b,1,2,0.8,1,2,1
6036-RISCY-FPU-b-1-c5-u0.85-m2-p2-f0,6036,RISCY-FPU-b,1,5,0.85,2,2,0
6260-RISCY-FPU-b-1-c20-u0.85-m1-p8-f1,6260,RISCY-FPU-b,1,20,0.85,1,8,1
6053-RISCY-FPU-b-1-c5-u0.9-m1-p3-f0,6053,RISCY-FPU-b,1,5,0.9,1,3,0
6268-RISCY-FPU-b-1-c20-u0.85-m3-p4-f1,6268,RISCY-FPU-b,1,20,0.85,3,4,1
6099-RISCY-FPU-b-1-c5-u0.75-m2-p5-f1,6099,RISCY-FPU-b,1,5,0.75,2,5,1
5961-RISCY-FPU-b-1-c2-u0.9-m3-p7-f1,5961,RISCY-FPU-b,1,2,0.9,3,7,1
5940-RISCY-FPU-b-1-c2-u0.9-m1-p2-f1,5940,RISCY-FPU-b,1,2,0.9,1,2,1
5877-RISCY-FPU-b-1-c2-u0.75-m1-p3-f1,5877,RISCY-FPU-b,1,2,0.75,1,3,1
6031-RISCY-FPU-b-1-c5-u0.85-m1-p5-f0,6031,RISCY-FPU-b,1,5,0.85,1,5,0
5850-RISCY-FPU-b-1-c2-u0.7-m1-p5-f0,5850,RISCY-FPU-b,1,2,0.7,1,5,0
6086-RISCY-FPU-b-1-c5-u0.7-m2-p8-f1,6086,RISCY-FPU-b,1,5,0.7,2,8,1
5899-RISCY-FPU-b-1-c2-u0.8-m2-p1-f1,5899,RISCY-FPU-b,1,2,0.8,2,1,1
6261-RISCY-FPU-b-1-c20-u0.85-m2-p1-f1,6261,RISCY-FPU-b,1,20,0.85,2,1,1
5916-RISCY-FPU-b-1-c2-u0.85-m1-p2-f1,5916,RISCY-FPU-b,1,2,0.85,1,2,1
5959-RISCY-FPU-b-1-c2-u0.9-m3-p5-f1,5959,RISCY-FPU-b,1,2,0.9,3,5,1
5885-RISCY-FPU-b-1-c2-u0.75-m2-p3-f1,5885,RISCY-FPU-b,1,2,0.75,2,3,1
6000-RISCY-FPU-b-1-c5-u0.75-m3-p6-f0,6000,RISCY-FPU-b,1,5,0.75,3,6,0
5852-RISCY-FPU-b-1-c2-u0.7-m1-p2-f1,5852,RISCY-FPU-b,1,2,0.7,1,2,1
6037-RISCY-FPU-b-1-c5-u0.85-m2-p3-f0,6037,RISCY-FPU-b,1,5,0.85,2,3,0
6044-RISCY-FPU-b-1-c5-u0.85-m3-p2-f0,6044,RISCY-FPU-b,1,5,0.85,3,2,0
6213-RISCY-FPU-b-1-c20-u0.75-m2-p1-f1,6213,RISCY-FPU-b,1,20,0.75,2,1,1
6258-RISCY-FPU-b-1-c20-u0.85-m1-p6-f1,6258,RISCY-FPU-b,1,20,0.85,1,6,1
6089-RISCY-FPU-b-1-c5-u0.75-m1-p3-f1,6089,RISCY-FPU-b,1,5,0.75,1,3,1
6159-RISCY-FPU-b-1-c5-u0.9-m1-p1-f1,6159,RISCY-FPU-b,1,5,0.9,1,1,1
5968-RISCY-FPU-b-1-c5-u0.7-m1-p6-f0,5968,RISCY-FPU-b,1,5,0.7,1,6,0
6226-RISCY-FPU-b-1-c20-u0.75-m3-p6-f1,6226,RISCY-FPU-b,1,20,0.75,3,6,1
5973-RISCY-FPU-b-1-c5-u0.7-m2-p3-f0,5973,RISCY-FPU-b,1,5,0.7,2,3,0
5960-RISCY-FPU-b-1-c2-u0.9-m3-p6-f1,5960,RISCY-FPU-b,1,2,0.9,3,6,1
6282-RISCY-FPU-b-1-c20-u0.9-m2-p6-f1,6282,RISCY-FPU-b,1,20,0.9,2,6,1
6096-RISCY-FPU-b-1-c5-u0.75-m2-p2-f1,6096,RISCY-FPU-b,1,5,0.75,2,2,1
5997-RISCY-FPU-b-1-c5-u0.75-m3-p3-f0,5997,RISCY-FPU-b,1,5,0.75,3,3,0
6183-RISCY-FPU-b-1-c20-u0.7-m1-p3-f1,6183,RISCY-FPU-b,1,20,0.7,1,3,1
6110-RISCY-FPU-b-1-c5-u0.75-m3-p8-f1,6110,RISCY-FPU-b,1,5,0.75,3,8,1
6077-RISCY-FPU-b-1-c5-u0.7-m1-p7-f1,6077,RISCY-FPU-b,1,5,0.7,1,7,1
5943-RISCY-FPU-b-1-c2-u0.9-m1-p5-f1,5943,RISCY-FPU-b,1,2,0.9,1,5,1
6054-RISCY-FPU-b-1-c5-u0.9-m1-p4-f0,6054,RISCY-FPU-b,1,5,0.9,1,4,0
6095-RISCY-FPU-b-1-c5-u0.75-m2-p1-f1,6095,RISCY-FPU-b,1,5,0.75,2,1,1
6182-RISCY-FPU-b-1-c20-u0.7-m1-p2-f1,6182,RISCY-FPU-b,1,20,0.7,1,2,1
6012-RISCY-FPU-b-1-c5-u0.8-m2-p2-f0,6012,RISCY-FPU-b,1,5,0.8,2,2,0
6063-RISCY-FPU-b-1-c5-u0.9-m2-p5-f0,6063,RISCY-FPU-b,1,5,0.9,2,5,0
6200-RISCY-FPU-b-1-c20-u0.7-m3-p4-f1,6200,RISCY-FPU-b,1,20,0.7,3,4,1
6138-RISCY-FPU-b-1-c5-u0.85-m1-p4-f1,6138,RISCY-FPU-b,1,5,0.85,1,4,1
6237-RISCY-FPU-b-1-c20-u0.8-m2-p1-f1,6237,RISCY-FPU-b,1,20,0.8,2,1,1
5947-RISCY-FPU-b-1-c2-u0.9-m2-p1-f1,5947,RISCY-FPU-b,1,2,0.9,2,1,1
6020-RISCY-FPU-b-1-c5-u0.8-m3-p2-f0,6020,RISCY-FPU-b,1,5,0.8,3,2,0
5925-RISCY-FPU-b-1-c2-u0.85-m2-p3-f1,5925,RISCY-FPU-b,1,2,0.85,2,3,1
5989-RISCY-FPU-b-1-c5-u0.75-m2-p3-f0,5989,RISCY-FPU-b,1,5,0.75,2,3,0
5864-RISCY-FPU-b-1-c2-u0.7-m2-p6-f1,5864,RISCY-FPU-b,1,2,0.7,2,6,1
5902-RISCY-FPU-b-1-c2-u0.8-m2-p4-f1,5902,RISCY-FPU-b,1,2,0.8,2,4,1
6135-RISCY-FPU-b-1-c5-u0.85-m1-p1-f1,6135,RISCY-FPU-b,1,5,0.85,1,1,1
5862-RISCY-FPU-b-1-c2-u0.7-m2-p4-f1,5862,RISCY-FPU-b,1,2,0.7,2,4,1
5900-RISCY-FPU-b-1-c2-u0.8-m2-p2-f1,5900,RISCY-FPU-b,1,2,0.8,2,2,1
5946-RISCY-FPU-b-1-c2-u0.9-m1-p8-f1,5946,RISCY-FPU-b,1,2,0.9,1,8,1
6028-RISCY-FPU-b-1-c5-u0.85-m1-p2-f0,6028,RISCY-FPU-b,1,5,0.85,1,2,0
6262-RISCY-FPU-b-1-c20-u0.85-m2-p2-f1,6262,RISCY-FPU-b,1,20,0.85,2,2,1
5994-RISCY-FPU-b-1-c5-u0.75-m2-p8-f0,5994,RISCY-FPU-b,1,5,0.75,2,8,0
6187-RISCY-FPU-b-1-c20-u0.7-m1-p7-f1,6187,RISCY-FPU-b,1,20,0.7,1,7,1
6068-RISCY-FPU-b-1-c5-u0.9-m3-p2-f0,6068,RISCY-FPU-b,1,5,0.9,3,2,0
5872-RISCY-FPU-b-1-c2-u0.7-m3-p6-f1,5872,RISCY-FPU-b,1,2,0.7,3,6,1
6245-RISCY-FPU-b-1-c20-u0.8-m3-p1-f1,6245,RISCY-FPU-b,1,20,0.8,3,1,1
6098-RISCY-FPU-b-1-c5-u0.75-m2-p4-f1,6098,RISCY-FPU-b,1,5,0.75,2,4,1
5974-RISCY-FPU-b-1-c5-u0.7-m2-p4-f0,5974,RISCY-FPU-b,1,5,0.7,2,4,0
3316-RISCY-b-2-c20-u0.8-m3-p5-f1,3316,RISCY-b,2,20,0.8,3,5,1
3047-RISCY-b-2-c5-u0.7-m2-p6-f1,3047,RISCY-b,2,5,0.7,2,6,1
2874-RISCY-b-2-c2-u0.85-m1-p8-f1,2874,RISCY-b,2,2,0.85,1,8,1
2964-RISCY-b-2-c5-u0.8-m1-p3-f0,2964,RISCY-b,2,5,0.8,1,3,0
3092-RISCY-b-2-c5-u0.8-m2-p3-f1,3092,RISCY-b,2,5,0.8,2,3,1
2928-RISCY-b-2-c5-u0.7-m2-p7-f0,2928,RISCY-b,2,5,0.7,2,7,0
3290-RISCY-b-2-c20-u0.75-m3-p1-f1,3290,RISCY-b,2,20,0.75,3,1,1
3191-RISCY-b-2-c20-u0.75-m3-p5-f0,3191,RISCY-b,2,20,0.75,3,5,0
3261-RISCY-b-2-c20-u0.7-m2-p4-f1,3261,RISCY-b,2,20,0.7,2,4,1
2966-RISCY-b-2-c5-u0.8-m1-p5-f0,2966,RISCY-b,2,5,0.8,1,5,0
3297-RISCY-b-2-c20-u0.75-m3-p8-f1,3297,RISCY-b,2,20,0.75,3,8,1
3192-RISCY-b-2-c20-u0.75-m3-p6-f0,3192,RISCY-b,2,20,0.75,3,6,0
3260-RISCY-b-2-c20-u0.7-m2-p3-f1,3260,RISCY-b,2,20,0.7,2,3,1
3357-RISCY-b-2-c20-u0.9-m3-p3-f1,3357,RISCY-b,2,20,0.9,3,3,1
3301-RISCY-b-2-c20-u0.8-m1-p4-f1,3301,RISCY-b,2,20,0.8,1,4,1
2907-RISCY-b-2-c2-u0.9-m3-p1-f1,2907,RISCY-b,2,2,0.9,3,1,1
2717-RISCY-b-2-c2-u0.7-m3-p1-f0,2717,RISCY-b,2,2,0.7,3,1,0
2769-RISCY-b-2-c2-u0.85-m1-p8-f0,2769,RISCY-b,2,2,0.85,1,8,0
2803-RISCY-b-2-c2-u0.7-m2-p1-f1,2803,RISCY-b,2,2,0.7,2,1,1
3319-RISCY-b-2-c20-u0.8-m3-p8-f1,3319,RISCY-b,2,20,0.8,3,8,1
3136-RISCY-b-2-c5-u0.9-m2-p1-f1,3136,RISCY-b,2,5,0.9,2,1,1
3087-RISCY-b-2-c5-u0.8-m1-p6-f1,3087,RISCY-b,2,5,0.8,1,6,1
2720-RISCY-b-2-c2-u0.7-m3-p4-f0,2720,RISCY-b,2,2,0.7,3,4,0
3207-RISCY-b-2-c20-u0.8-m2-p5-f0,3207,RISCY-b,2,20,0.8,2,5,0
2709-RISCY-b-2-c2-u0.7-m2-p1-f0,2709,RISCY-b,2,2,0.7,2,1,0
3110-RISCY-b-2-c5-u0.85-m1-p6-f1,3110,RISCY-b,2,5,0.85,1,6,1
2761-RISCY-b-2-c2-u0.8-m3-p7-f0,2761,RISCY-b,2,2,0.8,3,7,0
2897-RISCY-b-2-c2-u0.9-m1-p7-f1,2897,RISCY-b,2,2,0.9,1,7,1
2719-RISCY-b-2-c2-u0.7-m3-p3-f0,2719,RISCY-b,2,2,0.7,3,3,0
2860-RISCY-b-2-c2-u0.8-m3-p2-f1,2860,RISCY-b,2,2,0.8,3,2,1
2871-RISCY-b-2-c2-u0.85-m1-p5-f1,2871,RISCY-b,2,2,0.85,1,5,1
3128-RISCY-b-2-c5-u0.85-m3-p8-f1,3128,RISCY-b,2,5,0.85,3,8,1
2888-RISCY-b-2-c2-u0.85-m3-p6-f1,2888,RISCY-b,2,2,0.85,3,6,1
3088-RISCY-b-2-c5-u0.8-m1-p7-f1,3088,RISCY-b,2,5,0.8,1,7,1
2741-RISCY-b-2-c2-u0.75-m3-p3-f0,2741,RISCY-b,2,2,0.75,3,3,0
2971-RISCY-b-2-c5-u0.8-m2-p2-f0,2971,RISCY-b,2,5,0.8,2,2,0
3305-RISCY-b-2-c20-u0.8-m2-p1-f1,3305,RISCY-b,2,20,0.8,2,1,1
3247-RISCY-b-2-c20-u0.9-m2-p6-f0,3247,RISCY-b,2,20,0.9,2,6,0
2866-RISCY-b-2-c2-u0.8-m3-p8-f1,2866,RISCY-b,2,2,0.8,3,8,1
3190-RISCY-b-2-c20-u0.75-m3-p4-f0,3190,RISCY-b,2,20,0.75,3,4,0
2930-RISCY-b-2-c5-u0.7-m3-p1-f0,2930,RISCY-b,2,5,0.7,3,1,0
3287-RISCY-b-2-c20-u0.75-m2-p6-f1,3287,RISCY-b,2,20,0.75,2,6,1
2926-RISCY-b-2-c5-u0.7-m2-p5-f0,2926,RISCY-b,2,5,0.7,2,5,0
2710-RISCY-b-2-c2-u0.7-m2-p2-f0,2710,RISCY-b,2,2,0.7,2,2,0
2938-RISCY-b-2-c5-u0.75-m1-p1-f0,2938,RISCY-b,2,5,0.75,1,1,0
2982-RISCY-b-2-c5-u0.8-m3-p5-f0,2982,RISCY-b,2,5,0.8,3,5,0
3354-RISCY-b-2-c20-u0.9-m2-p8-f1,3354,RISCY-b,2,20,0.9,2,8,1
3352-RISCY-b-2-c20-u0.9-m2-p6-f1,3352,RISCY-b,2,20,0.9,2,6,1
2753-RISCY-b-2-c2-u0.8-m2-p2-f0,2753,RISCY-b,2,2,0.8,2,2,0
2857-RISCY-b-2-c2-u0.8-m2-p7-f1,2857,RISCY-b,2,2,0.8,2,7,1
3347-RISCY-b-2-c20-u0.9-m2-p1-f1,3347,RISCY-b,2,20,0.9,2,1,1
2821-RISCY-b-2-c2-u0.75-m1-p3-f1,2821,RISCY-b,2,2,0.75,1,3,1
3241-RISCY-b-2-c20-u0.9-m1-p7-f0,3241,RISCY-b,2,20,0.9,1,7,0
3197-RISCY-b-2-c20-u0.8-m1-p3-f0,3197,RISCY-b,2,20,0.8,1,3,0
3279-RISCY-b-2-c20-u0.75-m1-p6-f1,3279,RISCY-b,2,20,0.75,1,6,1
3326-RISCY-b-2-c20-u0.85-m2-p1-f1,3326,RISCY-b,2,20,0.85,2,1,1
3126-RISCY-b-2-c5-u0.85-m3-p6-f1,3126,RISCY-b,2,5,0.85,3,6,1
3243-RISCY-b-2-c20-u0.9-m2-p1-f0,3243,RISCY-b,2,20,0.9,2,1,0
2759-RISCY-b-2-c2-u0.8-m2-p8-f0,2759,RISCY-b,2,2,0.8,2,8,0
2772-RISCY-b-2-c2-u0.85-m2-p3-f0,2772,RISCY-b,2,2,0.85,2,3,0
3018-RISCY-b-2-c5-u0.9-m2-p1-f0,3018,RISCY-b,2,5,0.9,2,1,0
3066-RISCY-b-2-c5-u0.75-m2-p1-f1,3066,RISCY-b,2,5,0.75,2,1,1
2829-RISCY-b-2-c2-u0.75-m2-p3-f1,2829,RISCY-b,2,2,0.75,2,3,1
3267-RISCY-b-2-c20-u0.7-m3-p2-f1,3267,RISCY-b,2,20,0.7,3,2,1
3024-RISCY-b-2-c5-u0.9-m2-p7-f0,3024,RISCY-b,2,5,0.9,2,7,0
2702-RISCY-b-2-c2-u0.7-m1-p2-f0,2702,RISCY-b,2,2,0.7,1,2,0
3246-RISCY-b-2-c20-u0.9-m2-p5-f0,3246,RISCY-b,2,20,0.9,2,5,0
2711-RISCY-b-2-c2-u0.7-m2-p3-f0,2711,RISCY-b,2,2,0.7,2,3,0
3109-RISCY-b-2-c5-u0.85-m1-p5-f1,3109,RISCY-b,2,5,0.85,1,5,1
2953-RISCY-b-2-c5-u0.75-m2-p8-f0,2953,RISCY-b,2,5,0.75,2,8,0
3245-RISCY-b-2-c20-u0.9-m2-p4-f0,3245,RISCY-b,2,20,0.9,2,4,0
2896-RISCY-b-2-c2-u0.9-m1-p6-f1,2896,RISCY-b,2,2,0.9,1,6,1
3237-RISCY-b-2-c20-u0.9-m1-p2-f0,3237,RISCY-b,2,20,0.9,1,2,0
2908-RISCY-b-2-c2-u0.9-m3-p2-f1,2908,RISCY-b,2,2,0.9,3,2,1
2833-RISCY-b-2-c2-u0.75-m2-p7-f1,2833,RISCY-b,2,2,0.75,2,7,1
3202-RISCY-b-2-c20-u0.8-m1-p8-f0,3202,RISCY-b,2,20,0.8,1,8,0
2768-RISCY-b-2-c2-u0.85-m1-p7-f0,2768,RISCY-b,2,2,0.85,1,7,0
2865-RISCY-b-2-c2-u0.8-m3-p7-f1,2865,RISCY-b,2,2,0.8,3,7,1
2770-RISCY-b-2-c2-u0.85-m2-p1-f0,2770,RISCY-b,2,2,0.85,2,1,0
3076-RISCY-b-2-c5-u0.75-m3-p3-f1,3076,RISCY-b,2,5,0.75,3,3,1
3026-RISCY-b-2-c5-u0.9-m3-p1-f0,3026,RISCY-b,2,5,0.9,3,1,0
2976-RISCY-b-2-c5-u0.8-m2-p7-f0,2976,RISCY-b,2,5,0.8,2,7,0
3298-RISCY-b-2-c20-u0.8-m1-p1-f1,3298,RISCY-b,2,20,0.8,1,1,1
3181-RISCY-b-2-c20-u0.75-m2-p2-f0,3181,RISCY-b,2,20,0.75,2,2,0
3348-RISCY-b-2-c20-u0.9-m2-p2-f1,3348,RISCY-b,2,20,0.9,2,2,1
2749-RISCY-b-2-c2-u0.8-m1-p6-f0,2749,RISCY-b,2,2,0.8,1,6,0
2989-RISCY-b-2-c5-u0.85-m1-p4-f0,2989,RISCY-b,2,5,0.85,1,4,0
3129-RISCY-b-2-c5-u0.9-m1-p1-f1,3129,RISCY-b,2,5,0.9,1,1,1
2975-RISCY-b-2-c5-u0.8-m2-p6-f0,2975,RISCY-b,2,5,0.8,2,6,0
3182-RISCY-b-2-c20-u0.75-m2-p3-f0,3182,RISCY-b,2,20,0.75,2,3,0
3067-RISCY-b-2-c5-u0.75-m2-p2-f1,3067,RISCY-b,2,5,0.75,2,2,1
2774-RISCY-b-2-c2-u0.85-m2-p5-f0,2774,RISCY-b,2,2,0.85,2,5,0
2961-RISCY-b-2-c5-u0.75-m3-p8-f0,2961,RISCY-b,2,5,0.75,3,8,0
3048-RISCY-b-2-c5-u0.7-m2-p7-f1,3048,RISCY-b,2,5,0.7,2,7,1
2958-RISCY-b-2-c5-u0.75-m3-p5-f0,2958,RISCY-b,2,5,0.75,3,5,0
3360-RISCY-b-2-c20-u0.9-m3-p6-f1,3360,RISCY-b,2,20,0.9,3,6,1
3332-RISCY-b-2-c20-u0.85-m3-p1-f1,3332,RISCY-b,2,20,0.85,3,1,1
2985-RISCY-b-2-c5-u0.8-m3-p8-f0,2985,RISCY-b,2,5,0.8,3,8,0
3262-RISCY-b-2-c20-u0.7-m2-p5-f1,3262,RISCY-b,2,20,0.7,2,5,1
3061-RISCY-b-2-c5-u0.75-m1-p4-f1,3061,RISCY-b,2,5,0.75,1,4,1
2760-RISCY-b-2-c2-u0.8-m3-p1-f0,2760,RISCY-b,2,2,0.8,3,1,0
2757-RISCY-b-2-c2-u0.8-m2-p6-f0,2757,RISCY-b,2,2,0.8,2,6,0
3081-RISCY-b-2-c5-u0.75-m3-p8-f1,3081,RISCY-b,2,5,0.75,3,8,1
3077-RISCY-b-2-c5-u0.75-m3-p4-f1,3077,RISCY-b,2,5,0.75,3,4,1
2870-RISCY-b-2-c2-u0.85-m1-p4-f1,2870,RISCY-b,2,2,0.85,1,4,1
3327-RISCY-b-2-c20-u0.85-m2-p2-f1,3327,RISCY-b,2,20,0.85,2,2,1
2903-RISCY-b-2-c2-u0.9-m2-p5-f1,2903,RISCY-b,2,2,0.9,2,5,1
2781-RISCY-b-2-c2-u0.9-m1-p3-f0,2781,RISCY-b,2,2,0.9,1,3,0
2844-RISCY-b-2-c2-u0.8-m1-p2-f1,2844,RISCY-b,2,2,0.8,1,2,1
2728-RISCY-b-2-c2-u0.75-m1-p5-f0,2728,RISCY-b,2,2,0.75,1,5,0
2932-RISCY-b-2-c5-u0.7-m3-p3-f0,2932,RISCY-b,2,5,0.7,3,3,0
2940-RISCY-b-2-c5-u0.75-m1-p3-f0,2940,RISCY-b,2,5,0.75,1,3,0
3205-RISCY-b-2-c20-u0.8-m2-p3-f0,3205,RISCY-b,2,20,0.8,2,3,0
3153-RISCY-b-2-c20-u0.7-m1-p2-f0,3153,RISCY-b,2,20,0.7,1,2,0
2780-RISCY-b-2-c2-u0.9-m1-p2-f0,2780,RISCY-b,2,2,0.9,1,2,0
2894-RISCY-b-2-c2-u0.9-m1-p4-f1,2894,RISCY-b,2,2,0.9,1,4,1
2834-RISCY-b-2-c2-u0.75-m2-p8-f1,2834,RISCY-b,2,2,0.75,2,8,1
2910-RISCY-b-2-c2-u0.9-m3-p4-f1,2910,RISCY-b,2,2,0.9,3,4,1
3291-RISCY-b-2-c20-u0.75-m3-p2-f1,3291,RISCY-b,2,20,0.75,3,2,1
3216-RISCY-b-2-c20-u0.85-m1-p1-f0,3216,RISCY-b,2,20,0.85,1,1,0
3249-RISCY-b-2-c20-u0.9-m2-p8-f0,3249,RISCY-b,2,20,0.9,2,8,0
3010-RISCY-b-2-c5-u0.9-m1-p1-f0,3010,RISCY-b,2,5,0.9,1,1,0
2955-RISCY-b-2-c5-u0.75-m3-p2-f0,2955,RISCY-b,2,5,0.75,3,2,0
3115-RISCY-b-2-c5-u0.85-m2-p3-f1,3115,RISCY-b,2,5,0.85,2,3,1
3100-RISCY-b-2-c5-u0.8-m3-p3-f1,3100,RISCY-b,2,5,0.8,3,3,1
3021-RISCY-b-2-c5-u0.9-m2-p4-f0,3021,RISCY-b,2,5,0.9,2,4,0
3248-RISCY-b-2-c20-u0.9-m2-p7-f0,3248,RISCY-b,2,20,0.9,2,7,0
3340-RISCY-b-2-c20-u0.9-m1-p2-f1,3340,RISCY-b,2,20,0.9,1,2,1
2721-RISCY-b-2-c2-u0.7-m3-p5-f0,2721,RISCY-b,2,2,0.7,3,5,0
2775-RISCY-b-2-c2-u0.85-m2-p6-f0,2775,RISCY-b,2,2,0.85,2,6,0
2863-RISCY-b-2-c2-u0.8-m3-p5-f1,2863,RISCY-b,2,2,0.8,3,5,1
3072-RISCY-b-2-c5-u0.75-m2-p7-f1,3072,RISCY-b,2,5,0.75,2,7,1
2856-RISCY-b-2-c2-u0.8-m2-p6-f1,2856,RISCY-b,2,2,0.8,2,6,1
3303-RISCY-b-2-c20-u0.8-m1-p7-f1,3303,RISCY-b,2,20,0.8,1,7,1
3179-RISCY-b-2-c20-u0.75-m1-p8-f0,3179,RISCY-b,2,20,0.75,1,8,0
2792-RISCY-b-2-c2-u0.9-m2-p6-f0,2792,RISCY-b,2,2,0.9,2,6,0
3266-RISCY-b-2-c20-u0.7-m3-p1-f1,3266,RISCY-b,2,20,0.7,3,1,1
2941-RISCY-b-2-c5-u0.75-m1-p4-f0,2941,RISCY-b,2,5,0.75,1,4,0
3012-RISCY-b-2-c5-u0.9-m1-p3-f0,3012,RISCY-b,2,5,0.9,1,3,0
3204-RISCY-b-2-c20-u0.8-m2-p2-f0,3204,RISCY-b,2,20,0.8,2,2,0
3040-RISCY-b-2-c5-u0.7-m1-p7-f1,3040,RISCY-b,2,5,0.7,1,7,1
3274-RISCY-b-2-c20-u0.75-m1-p1-f1,3274,RISCY-b,2,20,0.75,1,1,1
3080-RISCY-b-2-c5-u0.75-m3-p7-f1,3080,RISCY-b,2,5,0.75,3,7,1
2867-RISCY-b-2-c2-u0.85-m1-p1-f1,2867,RISCY-b,2,2,0.85,1,1,1
2898-RISCY-b-2-c2-u0.9-m1-p8-f1,2898,RISCY-b,2,2,0.9,1,8,1
3189-RISCY-b-2-c20-u0.75-m3-p3-f0,3189,RISCY-b,2,20,0.75,3,3,0
3188-RISCY-b-2-c20-u0.75-m3-p1-f0,3188,RISCY-b,2,20,0.75,3,1,0
3130-RISCY-b-2-c5-u0.9-m1-p2-f1,3130,RISCY-b,2,5,0.9,1,2,1
3307-RISCY-b-2-c20-u0.8-m2-p3-f1,3307,RISCY-b,2,20,0.8,2,3,1
3185-RISCY-b-2-c20-u0.75-m2-p6-f0,3185,RISCY-b,2,20,0.75,2,6,0
2812-RISCY-b-2-c2-u0.7-m3-p2-f1,2812,RISCY-b,2,2,0.7,3,2,1
3023-RISCY-b-2-c5-u0.9-m2-p6-f0,3023,RISCY-b,2,5,0.9,2,6,0
2987-RISCY-b-2-c5-u0.85-m1-p2-f0,2987,RISCY-b,2,5,0.85,1,2,0
3336-RISCY-b-2-c20-u0.85-m3-p5-f1,3336,RISCY-b,2,20,0.85,3,5,1
3244-RISCY-b-2-c20-u0.9-m2-p2-f0,3244,RISCY-b,2,20,0.9,2,2,0
2862-RISCY-b-2-c2-u0.8-m3-p4-f1,2862,RISCY-b,2,2,0.8,3,4,1
2771-RISCY-b-2-c2-u0.85-m2-p2-f0,2771,RISCY-b,2,2,0.85,2,2,0
3257-RISCY-b-2-c20-u0.7-m1-p7-f1,3257,RISCY-b,2,20,0.7,1,7,1
2891-RISCY-b-2-c2-u0.9-m1-p1-f1,2891,RISCY-b,2,2,0.9,1,1,1
3103-RISCY-b-2-c5-u0.8-m3-p6-f1,3103,RISCY-b,2,5,0.8,3,6,1
2739-RISCY-b-2-c2-u0.75-m2-p8-f0,2739,RISCY-b,2,2,0.75,2,8,0
2758-RISCY-b-2-c2-u0.8-m2-p7-f0,2758,RISCY-b,2,2,0.8,2,7,0
2722-RISCY-b-2-c2-u0.7-m3-p6-f0,2722,RISCY-b,2,2,0.7,3,6,0
2701-RISCY-b-2-c2-u0.7-m1-p1-f0,2701,RISCY-b,2,2,0.7,1,1,0
2974-RISCY-b-2-c5-u0.8-m2-p5-f0,2974,RISCY-b,2,5,0.8,2,5,0
2886-RISCY-b-2-c2-u0.85-m3-p4-f1,2886,RISCY-b,2,2,0.85,3,4,1
2854-RISCY-b-2-c2-u0.8-m2-p4-f1,2854,RISCY-b,2,2,0.8,2,4,1
3034-RISCY-b-2-c5-u0.7-m1-p1-f1,3034,RISCY-b,2,5,0.7,1,1,1
2826-RISCY-b-2-c2-u0.75-m1-p8-f1,2826,RISCY-b,2,2,0.75,1,8,1
2816-RISCY-b-2-c2-u0.7-m3-p6-f1,2816,RISCY-b,2,2,0.7,3,6,1
3020-RISCY-b-2-c5-u0.9-m2-p3-f0,3020,RISCY-b,2,5,0.9,2,3,0
3073-RISCY-b-2-c5-u0.75-m2-p8-f1,3073,RISCY-b,2,5,0.75,2,8,1
3281-RISCY-b-2-c20-u0.75-m1-p8-f1,3281,RISCY-b,2,20,0.75,1,8,1
2729-RISCY-b-2-c2-u0.75-m1-p6-f0,2729,RISCY-b,2,2,0.75,1,6,0
3299-RISCY-b-2-c20-u0.8-m1-p2-f1,3299,RISCY-b,2,20,0.8,1,2,1
3289-RISCY-b-2-c20-u0.75-m2-p8-f1,3289,RISCY-b,2,20,0.75,2,8,1
3286-RISCY-b-2-c20-u0.75-m2-p5-f1,3286,RISCY-b,2,20,0.75,2,5,1
2715-RISCY-b-2-c2-u0.7-m2-p7-f0,2715,RISCY-b,2,2,0.7,2,7,0
3220-RISCY-b-2-c20-u0.85-m1-p5-f0,3220,RISCY-b,2,20,0.85,1,5,0
3161-RISCY-b-2-c20-u0.7-m2-p3-f0,3161,RISCY-b,2,20,0.7,2,3,0
3098-RISCY-b-2-c5-u0.8-m3-p1-f1,3098,RISCY-b,2,5,0.8,3,1,1
3212-RISCY-b-2-c20-u0.8-m3-p4-f0,3212,RISCY-b,2,20,0.8,3,4,0
2970-RISCY-b-2-c5-u0.8-m2-p1-f0,2970,RISCY-b,2,5,0.8,2,1,0
2764-RISCY-b-2-c2-u0.85-m1-p3-f0,2764,RISCY-b,2,2,0.85,1,3,0
3221-RISCY-b-2-c20-u0.85-m1-p6-f0,3221,RISCY-b,2,20,0.85,1,6,0
2967-RISCY-b-2-c5-u0.8-m1-p6-f0,2967,RISCY-b,2,5,0.8,1,6,0
2899-RISCY-b-2-c2-u0.9-m2-p1-f1,2899,RISCY-b,2,2,0.9,2,1,1
3269-RISCY-b-2-c20-u0.7-m3-p4-f1,3269,RISCY-b,2,20,0.7,3,4,1
2986-RISCY-b-2-c5-u0.85-m1-p1-f0,2986,RISCY-b,2,5,0.85,1,1,0
3271-RISCY-b-2-c20-u0.7-m3-p6-f1,3271,RISCY-b,2,20,0.7,3,6,1
3312-RISCY-b-2-c20-u0.8-m2-p8-f1,3312,RISCY-b,2,20,0.8,2,8,1
2879-RISCY-b-2-c2-u0.85-m2-p5-f1,2879,RISCY-b,2,2,0.85,2,5,1
3175-RISCY-b-2-c20-u0.75-m1-p3-f0,3175,RISCY-b,2,20,0.75,1,3,0
3086-RISCY-b-2-c5-u0.8-m1-p5-f1,3086,RISCY-b,2,5,0.8,1,5,1
3006-RISCY-b-2-c5-u0.85-m3-p5-f0,3006,RISCY-b,2,5,0.85,3,5,0
3050-RISCY-b-2-c5-u0.7-m3-p1-f1,3050,RISCY-b,2,5,0.7,3,1,1
3054-RISCY-b-2-c5-u0.7-m3-p5-f1,3054,RISCY-b,2,5,0.7,3,5,1
3137-RISCY-b-2-c5-u0.9-m2-p2-f1,3137,RISCY-b,2,5,0.9,2,2,1
3338-RISCY-b-2-c20-u0.85-m3-p8-f1,3338,RISCY-b,2,20,0.85,3,8,1
2807-RISCY-b-2-c2-u0.7-m2-p5-f1,2807,RISCY-b,2,2,0.7,2,5,1
2846-RISCY-b-2-c2-u0.8-m1-p4-f1,2846,RISCY-b,2,2,0.8,1,4,1
3084-RISCY-b-2-c5-u0.8-m1-p3-f1,3084,RISCY-b,2,5,0.8,1,3,1
3117-RISCY-b-2-c5-u0.85-m2-p5-f1,3117,RISCY-b,2,5,0.85,2,5,1
3085-RISCY-b-2-c5-u0.8-m1-p4-f1,3085,RISCY-b,2,5,0.8,1,4,1
2952-RISCY-b-2-c5-u0.75-m2-p7-f0,2952,RISCY-b,2,5,0.75,2,7,0
3174-RISCY-b-2-c20-u0.75-m1-p2-f0,3174,RISCY-b,2,20,0.75,1,2,0
2789-RISCY-b-2-c2-u0.9-m2-p3-f0,2789,RISCY-b,2,2,0.9,2,3,0
3273-RISCY-b-2-c20-u0.7-m3-p8-f1,3273,RISCY-b,2,20,0.7,3,8,1
2784-RISCY-b-2-c2-u0.9-m1-p6-f0,2784,RISCY-b,2,2,0.9,1,6,0
2776-RISCY-b-2-c2-u0.85-m2-p7-f0,2776,RISCY-b,2,2,0.85,2,7,0
2786-RISCY-b-2-c2-u0.9-m1-p8-f0,2786,RISCY-b,2,2,0.9,1,8,0
2836-RISCY-b-2-c2-u0.75-m3-p2-f1,2836,RISCY-b,2,2,0.75,3,2,1
3263-RISCY-b-2-c20-u0.7-m2-p6-f1,3263,RISCY-b,2,20,0.7,2,6,1
2935-RISCY-b-2-c5-u0.7-m3-p6-f0,2935,RISCY-b,2,5,0.7,3,6,0
2823-RISCY-b-2-c2-u0.75-m1-p5-f1,2823,RISCY-b,2,2,0.75,1,5,1
3196-RISCY-b-2-c20-u0.8-m1-p2-f0,3196,RISCY-b,2,20,0.8,1,2,0
2959-RISCY-b-2-c5-u0.75-m3-p6-f0,2959,RISCY-b,2,5,0.75,3,6,0
2843-RISCY-b-2-c2-u0.8-m1-p1-f1,2843,RISCY-b,2,2,0.8,1,1,1
3134-RISCY-b-2-c5-u0.9-m1-p6-f1,3134,RISCY-b,2,5,0.9,1,6,1
3146-RISCY-b-2-c5-u0.9-m3-p3-f1,3146,RISCY-b,2,5,0.9,3,3,1
2951-RISCY-b-2-c5-u0.75-m2-p6-f0,2951,RISCY-b,2,5,0.75,2,6,0
3131-RISCY-b-2-c5-u0.9-m1-p3-f1,3131,RISCY-b,2,5,0.9,1,3,1
2703-RISCY-b-2-c2-u0.7-m1-p3-f0,2703,RISCY-b,2,2,0.7,1,3,0
3002-RISCY-b-2-c5-u0.85-m3-p1-f0,3002,RISCY-b,2,5,0.85,3,1,0
2999-RISCY-b-2-c5-u0.85-m2-p6-f0,2999,RISCY-b,2,5,0.85,2,6,0
2983-RISCY-b-2-c5-u0.8-m3-p6-f0,2983,RISCY-b,2,5,0.8,3,6,0
3325-RISCY-b-2-c20-u0.85-m1-p8-f1,3325,RISCY-b,2,20,0.85,1,8,1
3141-RISCY-b-2-c5-u0.9-m2-p6-f1,3141,RISCY-b,2,5,0.9,2,6,1
3330-RISCY-b-2-c20-u0.85-m2-p7-f1,3330,RISCY-b,2,20,0.85,2,7,1
3097-RISCY-b-2-c5-u0.8-m2-p8-f1,3097,RISCY-b,2,5,0.8,2,8,1
3228-RISCY-b-2-c20-u0.85-m2-p5-f0,3228,RISCY-b,2,20,0.85,2,5,0
3265-RISCY-b-2-c20-u0.7-m2-p8-f1,3265,RISCY-b,2,20,0.7,2,8,1
3304-RISCY-b-2-c20-u0.8-m1-p8-f1,3304,RISCY-b,2,20,0.8,1,8,1
3122-RISCY-b-2-c5-u0.85-m3-p2-f1,3122,RISCY-b,2,5,0.85,3,2,1
2962-RISCY-b-2-c5-u0.8-m1-p1-f0,2962,RISCY-b,2,5,0.8,1,1,0
2954-RISCY-b-2-c5-u0.75-m3-p1-f0,2954,RISCY-b,2,5,0.75,3,1,0
2827-RISCY-b-2-c2-u0.75-m2-p1-f1,2827,RISCY-b,2,2,0.75,2,1,1
2901-RISCY-b-2-c2-u0.9-m2-p3-f1,2901,RISCY-b,2,2,0.9,2,3,1
3053-RISCY-b-2-c5-u0.7-m3-p4-f1,3053,RISCY-b,2,5,0.7,3,4,1
3154-RISCY-b-2-c20-u0.7-m1-p3-f0,3154,RISCY-b,2,20,0.7,1,3,0
3065-RISCY-b-2-c5-u0.75-m1-p8-f1,3065,RISCY-b,2,5,0.75,1,8,1
2988-RISCY-b-2-c5-u0.85-m1-p3-f0,2988,RISCY-b,2,5,0.85,1,3,0
3031-RISCY-b-2-c5-u0.9-m3-p6-f0,3031,RISCY-b,2,5,0.9,3,6,0
3113-RISCY-b-2-c5-u0.85-m2-p1-f1,3113,RISCY-b,2,5,0.85,2,1,1
3176-RISCY-b-2-c20-u0.75-m1-p5-f0,3176,RISCY-b,2,20,0.75,1,5,0
3017-RISCY-b-2-c5-u0.9-m1-p8-f0,3017,RISCY-b,2,5,0.9,1,8,0
3355-RISCY-b-2-c20-u0.9-m3-p1-f1,3355,RISCY-b,2,20,0.9,3,1,1
3030-RISCY-b-2-c5-u0.9-m3-p5-f0,3030,RISCY-b,2,5,0.9,3,5,0
3335-RISCY-b-2-c20-u0.85-m3-p4-f1,3335,RISCY-b,2,20,0.85,3,4,1
2832-RISCY-b-2-c2-u0.75-m2-p6-f1,2832,RISCY-b,2,2,0.75,2,6,1
3200-RISCY-b-2-c20-u0.8-m1-p6-f0,3200,RISCY-b,2,20,0.8,1,6,0
2943-RISCY-b-2-c5-u0.75-m1-p6-f0,2943,RISCY-b,2,5,0.75,1,6,0
3240-RISCY-b-2-c20-u0.9-m1-p6-f0,3240,RISCY-b,2,20,0.9,1,6,0
2997-RISCY-b-2-c5-u0.85-m2-p4-f0,2997,RISCY-b,2,5,0.85,2,4,0
3264-RISCY-b-2-c20-u0.7-m2-p7-f1,3264,RISCY-b,2,20,0.7,2,7,1
2984-RISCY-b-2-c5-u0.8-m3-p7-f0,2984,RISCY-b,2,5,0.8,3,7,0
3118-RISCY-b-2-c5-u0.85-m2-p6-f1,3118,RISCY-b,2,5,0.85,2,6,1
2887-RISCY-b-2-c2-u0.85-m3-p5-f1,2887,RISCY-b,2,2,0.85,3,5,1
3233-RISCY-b-2-c20-u0.85-m3-p5-f0,3233,RISCY-b,2,20,0.85,3,5,0
2791-RISCY-b-2-c2-u0.9-m2-p5-f0,2791,RISCY-b,2,2,0.9,2,5,0
2788-RISCY-b-2-c2-u0.9-m2-p2-f0,2788,RISCY-b,2,2,0.9,2,2,0
2889-RISCY-b-2-c2-u0.85-m3-p7-f1,2889,RISCY-b,2,2,0.85,3,7,1
2810-RISCY-b-2-c2-u0.7-m2-p8-f1,2810,RISCY-b,2,2,0.7,2,8,1
3039-RISCY-b-2-c5-u0.7-m1-p6-f1,3039,RISCY-b,2,5,0.7,1,6,1
3079-RISCY-b-2-c5-u0.75-m3-p6-f1,3079,RISCY-b,2,5,0.75,3,6,1
2890-RISCY-b-2-c2-u0.85-m3-p8-f1,2890,RISCY-b,2,2,0.85,3,8,1
3152-RISCY-b-2-c20-u0.7-m1-p1-f0,3152,RISCY-b,2,20,0.7,1,1,0
2979-RISCY-b-2-c5-u0.8-m3-p2-f0,2979,RISCY-b,2,5,0.8,3,2,0
3213-RISCY-b-2-c20-u0.8-m3-p5-f0,3213,RISCY-b,2,20,0.8,3,5,0
3231-RISCY-b-2-c20-u0.85-m2-p8-f0,3231,RISCY-b,2,20,0.85,2,8,0
3042-RISCY-b-2-c5-u0.7-m2-p1-f1,3042,RISCY-b,2,5,0.7,2,1,1
2916-RISCY-b-2-c5-u0.7-m1-p2-f0,2916,RISCY-b,2,5,0.7,1,2,0
2808-RISCY-b-2-c2-u0.7-m2-p6-f1,2808,RISCY-b,2,2,0.7,2,6,1
2965-RISCY-b-2-c5-u0.8-m1-p4-f0,2965,RISCY-b,2,5,0.8,1,4,0
3133-RISCY-b-2-c5-u0.9-m1-p5-f1,3133,RISCY-b,2,5,0.9,1,5,1
2845-RISCY-b-2-c2-u0.8-m1-p3-f1,2845,RISCY-b,2,2,0.8,1,3,1
2950-RISCY-b-2-c5-u0.75-m2-p5-f0,2950,RISCY-b,2,5,0.75,2,5,0
2842-RISCY-b-2-c2-u0.75-m3-p8-f1,2842,RISCY-b,2,2,0.75,3,8,1
3041-RISCY-b-2-c5-u0.7-m1-p8-f1,3041,RISCY-b,2,5,0.7,1,8,1
2918-RISCY-b-2-c5-u0.7-m1-p4-f0,2918,RISCY-b,2,5,0.7,1,4,0
2763-RISCY-b-2-c2-u0.85-m1-p2-f0,2763,RISCY-b,2,2,0.85,1,2,0
3346-RISCY-b-2-c20-u0.9-m1-p8-f1,3346,RISCY-b,2,20,0.9,1,8,1
2831-RISCY-b-2-c2-u0.75-m2-p5-f1,2831,RISCY-b,2,2,0.75,2,5,1
2864-RISCY-b-2-c2-u0.8-m3-p6-f1,2864,RISCY-b,2,2,0.8,3,6,1
2732-RISCY-b-2-c2-u0.75-m2-p1-f0,2732,RISCY-b,2,2,0.75,2,1,0
2957-RISCY-b-2-c5-u0.75-m3-p4-f0,2957,RISCY-b,2,5,0.75,3,4,0
2819-RISCY-b-2-c2-u0.75-m1-p1-f1,2819,RISCY-b,2,2,0.75,1,1,1
2777-RISCY-b-2-c2-u0.85-m2-p8-f0,2777,RISCY-b,2,2,0.85,2,8,0
3239-RISCY-b-2-c20-u0.9-m1-p5-f0,3239,RISCY-b,2,20,0.9,1,5,0
3308-RISCY-b-2-c20-u0.8-m2-p4-f1,3308,RISCY-b,2,20,0.8,2,4,1
3052-RISCY-b-2-c5-u0.7-m3-p3-f1,3052,RISCY-b,2,5,0.7,3,3,1
3195-RISCY-b-2-c20-u0.8-m1-p1-f0,3195,RISCY-b,2,20,0.8,1,1,0
3224-RISCY-b-2-c20-u0.85-m2-p1-f0,3224,RISCY-b,2,20,0.85,2,1,0
3295-RISCY-b-2-c20-u0.75-m3-p6-f1,3295,RISCY-b,2,20,0.75,3,6,1
3119-RISCY-b-2-c5-u0.85-m2-p7-f1,3119,RISCY-b,2,5,0.85,2,7,1
3127-RISCY-b-2-c5-u0.85-m3-p7-f1,3127,RISCY-b,2,5,0.85,3,7,1
2968-RISCY-b-2-c5-u0.8-m1-p7-f0,2968,RISCY-b,2,5,0.8,1,7,0
3027-RISCY-b-2-c5-u0.9-m3-p2-f0,3027,RISCY-b,2,5,0.9,3,2,0
3225-RISCY-b-2-c20-u0.85-m2-p2-f0,3225,RISCY-b,2,20,0.85,2,2,0
3008-RISCY-b-2-c5-u0.85-m3-p7-f0,3008,RISCY-b,2,5,0.85,3,7,0
3135-RISCY-b-2-c5-u0.9-m1-p8-f1,3135,RISCY-b,2,5,0.9,1,8,1
3035-RISCY-b-2-c5-u0.7-m1-p2-f1,3035,RISCY-b,2,5,0.7,1,2,1
3339-RISCY-b-2-c20-u0.9-m1-p1-f1,3339,RISCY-b,2,20,0.9,1,1,1
2830-RISCY-b-2-c2-u0.75-m2-p4-f1,2830,RISCY-b,2,2,0.75,2,4,1
2745-RISCY-b-2-c2-u0.8-m1-p2-f0,2745,RISCY-b,2,2,0.8,1,2,0
2948-RISCY-b-2-c5-u0.75-m2-p3-f0,2948,RISCY-b,2,5,0.75,2,3,0
3090-RISCY-b-2-c5-u0.8-m2-p1-f1,3090,RISCY-b,2,5,0.8,2,1,1
2858-RISCY-b-2-c2-u0.8-m2-p8-f1,2858,RISCY-b,2,2,0.8,2,8,1
3288-RISCY-b-2-c20-u0.75-m2-p7-f1,3288,RISCY-b,2,20,0.75,2,7,1
2754-RISCY-b-2-c2-u0.8-m2-p3-f0,2754,RISCY-b,2,2,0.8,2,3,0
3043-RISCY-b-2-c5-u0.7-m2-p2-f1,3043,RISCY-b,2,5,0.7,2,2,1
2922-RISCY-b-2-c5-u0.7-m1-p8-f0,2922,RISCY-b,2,5,0.7,1,8,0
2727-RISCY-b-2-c2-u0.75-m1-p4-f0,2727,RISCY-b,2,2,0.75,1,4,0
2723-RISCY-b-2-c2-u0.7-m3-p7-f0,2723,RISCY-b,2,2,0.7,3,7,0
2736-RISCY-b-2-c2-u0.75-m2-p5-f0,2736,RISCY-b,2,2,0.75,2,5,0
3334-RISCY-b-2-c20-u0.85-m3-p3-f1,3334,RISCY-b,2,20,0.85,3,3,1
2978-RISCY-b-2-c5-u0.8-m3-p1-f0,2978,RISCY-b,2,5,0.8,3,1,0
2919-RISCY-b-2-c5-u0.7-m1-p5-f0,2919,RISCY-b,2,5,0.7,1,5,0
3155-RISCY-b-2-c20-u0.7-m1-p4-f0,3155,RISCY-b,2,20,0.7,1,4,0
3168-RISCY-b-2-c20-u0.7-m3-p4-f0,3168,RISCY-b,2,20,0.7,3,4,0
3313-RISCY-b-2-c20-u0.8-m3-p1-f1,3313,RISCY-b,2,20,0.8,3,1,1
3009-RISCY-b-2-c5-u0.85-m3-p8-f0,3009,RISCY-b,2,5,0.85,3,8,0
2868-RISCY-b-2-c2-u0.85-m1-p2-f1,2868,RISCY-b,2,2,0.85,1,2,1
2809-RISCY-b-2-c2-u0.7-m2-p7-f1,2809,RISCY-b,2,2,0.7,2,7,1
2931-RISCY-b-2-c5-u0.7-m3-p2-f0,2931,RISCY-b,2,5,0.7,3,2,0
2813-RISCY-b-2-c2-u0.7-m3-p3-f1,2813,RISCY-b,2,2,0.7,3,3,1
3317-RISCY-b-2-c20-u0.8-m3-p6-f1,3317,RISCY-b,2,20,0.8,3,6,1
3222-RISCY-b-2-c20-u0.85-m1-p7-f0,3222,RISCY-b,2,20,0.85,1,7,0
2913-RISCY-b-2-c2-u0.9-m3-p7-f1,2913,RISCY-b,2,2,0.9,3,7,1
3177-RISCY-b-2-c20-u0.75-m1-p6-f0,3177,RISCY-b,2,20,0.75,1,6,0
3019-RISCY-b-2-c5-u0.9-m2-p2-f0,3019,RISCY-b,2,5,0.9,2,2,0
2785-RISCY-b-2-c2-u0.9-m1-p7-f0,2785,RISCY-b,2,2,0.9,1,7,0
2949-RISCY-b-2-c5-u0.75-m2-p4-f0,2949,RISCY-b,2,5,0.75,2,4,0
2735-RISCY-b-2-c2-u0.75-m2-p4-f0,2735,RISCY-b,2,2,0.75,2,4,0
3214-RISCY-b-2-c20-u0.8-m3-p6-f0,3214,RISCY-b,2,20,0.8,3,6,0
3046-RISCY-b-2-c5-u0.7-m2-p5-f1,3046,RISCY-b,2,5,0.7,2,5,1
2944-RISCY-b-2-c5-u0.75-m1-p7-f0,2944,RISCY-b,2,5,0.75,1,7,0
3064-RISCY-b-2-c5-u0.75-m1-p7-f1,3064,RISCY-b,2,5,0.75,1,7,1
3208-RISCY-b-2-c20-u0.8-m2-p6-f0,3208,RISCY-b,2,20,0.8,2,6,0
3036-RISCY-b-2-c5-u0.7-m1-p3-f1,3036,RISCY-b,2,5,0.7,1,3,1
2991-RISCY-b-2-c5-u0.85-m1-p6-f0,2991,RISCY-b,2,5,0.85,1,6,0
2921-RISCY-b-2-c5-u0.7-m1-p7-f0,2921,RISCY-b,2,5,0.7,1,7,0
3089-RISCY-b-2-c5-u0.8-m1-p8-f1,3089,RISCY-b,2,5,0.8,1,8,1
2706-RISCY-b-2-c2-u0.7-m1-p6-f0,2706,RISCY-b,2,2,0.7,1,6,0
2779-RISCY-b-2-c2-u0.9-m1-p1-f0,2779,RISCY-b,2,2,0.9,1,1,0
3193-RISCY-b-2-c20-u0.75-m3-p7-f0,3193,RISCY-b,2,20,0.75,3,7,0
2748-RISCY-b-2-c2-u0.8-m1-p5-f0,2748,RISCY-b,2,2,0.8,1,5,0
2793-RISCY-b-2-c2-u0.9-m2-p7-f0,2793,RISCY-b,2,2,0.9,2,7,0
2937-RISCY-b-2-c5-u0.7-m3-p8-f0,2937,RISCY-b,2,5,0.7,3,8,0
3199-RISCY-b-2-c20-u0.8-m1-p5-f0,3199,RISCY-b,2,20,0.8,1,5,0
2869-RISCY-b-2-c2-u0.85-m1-p3-f1,2869,RISCY-b,2,2,0.85,1,3,1
2762-RISCY-b-2-c2-u0.85-m1-p1-f0,2762,RISCY-b,2,2,0.85,1,1,0
3323-RISCY-b-2-c20-u0.85-m1-p6-f1,3323,RISCY-b,2,20,0.85,1,6,1
2838-RISCY-b-2-c2-u0.75-m3-p4-f1,2838,RISCY-b,2,2,0.75,3,4,1
3254-RISCY-b-2-c20-u0.7-m1-p4-f1,3254,RISCY-b,2,20,0.7,1,4,1
3341-RISCY-b-2-c20-u0.9-m1-p3-f1,3341,RISCY-b,2,20,0.9,1,3,1
3331-RISCY-b-2-c20-u0.85-m2-p8-f1,3331,RISCY-b,2,20,0.85,2,8,1
3138-RISCY-b-2-c5-u0.9-m2-p3-f1,3138,RISCY-b,2,5,0.9,2,3,1
3256-RISCY-b-2-c20-u0.7-m1-p6-f1,3256,RISCY-b,2,20,0.7,1,6,1
3259-RISCY-b-2-c20-u0.7-m2-p2-f1,3259,RISCY-b,2,20,0.7,2,2,1
2872-RISCY-b-2-c2-u0.85-m1-p6-f1,2872,RISCY-b,2,2,0.85,1,6,1
2893-RISCY-b-2-c2-u0.9-m1-p3-f1,2893,RISCY-b,2,2,0.9,1,3,1
2911-RISCY-b-2-c2-u0.9-m3-p5-f1,2911,RISCY-b,2,2,0.9,3,5,1
2851-RISCY-b-2-c2-u0.8-m2-p1-f1,2851,RISCY-b,2,2,0.8,2,1,1
2956-RISCY-b-2-c5-u0.75-m3-p3-f0,2956,RISCY-b,2,5,0.75,3,3,0
3361-RISCY-b-2-c20-u0.9-m3-p7-f1,3361,RISCY-b,2,20,0.9,3,7,1
3145-RISCY-b-2-c5-u0.9-m3-p2-f1,3145,RISCY-b,2,5,0.9,3,2,1
3344-RISCY-b-2-c20-u0.9-m1-p6-f1,3344,RISCY-b,2,20,0.9,1,6,1
2942-RISCY-b-2-c5-u0.75-m1-p5-f0,2942,RISCY-b,2,5,0.75,1,5,0
3306-RISCY-b-2-c20-u0.8-m2-p2-f1,3306,RISCY-b,2,20,0.8,2,2,1
3201-RISCY-b-2-c20-u0.8-m1-p7-f0,3201,RISCY-b,2,20,0.8,1,7,0
3114-RISCY-b-2-c5-u0.85-m2-p2-f1,3114,RISCY-b,2,5,0.85,2,2,1
3238-RISCY-b-2-c20-u0.9-m1-p4-f0,3238,RISCY-b,2,20,0.9,1,4,0
2972-RISCY-b-2-c5-u0.8-m2-p3-f0,2972,RISCY-b,2,5,0.8,2,3,0
3013-RISCY-b-2-c5-u0.9-m1-p4-f0,3013,RISCY-b,2,5,0.9,1,4,0
3148-RISCY-b-2-c5-u0.9-m3-p5-f1,3148,RISCY-b,2,5,0.9,3,5,1
3183-RISCY-b-2-c20-u0.75-m2-p4-f0,3183,RISCY-b,2,20,0.75,2,4,0
2766-RISCY-b-2-c2-u0.85-m1-p5-f0,2766,RISCY-b,2,2,0.85,1,5,0
2847-RISCY-b-2-c2-u0.8-m1-p5-f1,2847,RISCY-b,2,2,0.8,1,5,1
2713-RISCY-b-2-c2-u0.7-m2-p5-f0,2713,RISCY-b,2,2,0.7,2,5,0
2990-RISCY-b-2-c5-u0.85-m1-p5-f0,2990,RISCY-b,2,5,0.85,1,5,0
2895-RISCY-b-2-c2-u0.9-m1-p5-f1,2895,RISCY-b,2,2,0.9,1,5,1
2800-RISCY-b-2-c2-u0.7-m1-p6-f1,2800,RISCY-b,2,2,0.7,1,6,1
3309-RISCY-b-2-c20-u0.8-m2-p5-f1,3309,RISCY-b,2,20,0.8,2,5,1
3107-RISCY-b-2-c5-u0.85-m1-p3-f1,3107,RISCY-b,2,5,0.85,1,3,1
3226-RISCY-b-2-c20-u0.85-m2-p3-f0,3226,RISCY-b,2,20,0.85,2,3,0
3171-RISCY-b-2-c20-u0.7-m3-p7-f0,3171,RISCY-b,2,20,0.7,3,7,0
3125-RISCY-b-2-c5-u0.85-m3-p5-f1,3125,RISCY-b,2,5,0.85,3,5,1
2914-RISCY-b-2-c2-u0.9-m3-p8-f1,2914,RISCY-b,2,2,0.9,3,8,1
2977-RISCY-b-2-c5-u0.8-m2-p8-f0,2977,RISCY-b,2,5,0.8,2,8,0
2750-RISCY-b-2-c2-u0.8-m1-p7-f0,2750,RISCY-b,2,2,0.8,1,7,0
3032-RISCY-b-2-c5-u0.9-m3-p7-f0,3032,RISCY-b,2,5,0.9,3,7,0
3322-RISCY-b-2-c20-u0.85-m1-p4-f1,3322,RISCY-b,2,20,0.85,1,4,1
2718-RISCY-b-2-c2-u0.7-m3-p2-f0,2718,RISCY-b,2,2,0.7,3,2,0
3105-RISCY-b-2-c5-u0.85-m1-p1-f1,3105,RISCY-b,2,5,0.85,1,1,1
3328-RISCY-b-2-c20-u0.85-m2-p4-f1,3328,RISCY-b,2,20,0.85,2,4,1
2917-RISCY-b-2-c5-u0.7-m1-p3-f0,2917,RISCY-b,2,5,0.7,1,3,0
2820-RISCY-b-2-c2-u0.75-m1-p2-f1,2820,RISCY-b,2,2,0.75,1,2,1
2747-RISCY-b-2-c2-u0.8-m1-p4-f0,2747,RISCY-b,2,2,0.8,1,4,0
3057-RISCY-b-2-c5-u0.7-m3-p8-f1,3057,RISCY-b,2,5,0.7,3,8,1
3096-RISCY-b-2-c5-u0.8-m2-p7-f1,3096,RISCY-b,2,5,0.8,2,7,1
2939-RISCY-b-2-c5-u0.75-m1-p2-f0,2939,RISCY-b,2,5,0.75,1,2,0
2740-RISCY-b-2-c2-u0.75-m3-p1-f0,2740,RISCY-b,2,2,0.75,3,1,0
2731-RISCY-b-2-c2-u0.75-m1-p8-f0,2731,RISCY-b,2,2,0.75,1,8,0
3058-RISCY-b-2-c5-u0.75-m1-p1-f1,3058,RISCY-b,2,5,0.75,1,1,1
2973-RISCY-b-2-c5-u0.8-m2-p4-f0,2973,RISCY-b,2,5,0.8,2,4,0
3276-RISCY-b-2-c20-u0.75-m1-p3-f1,3276,RISCY-b,2,20,0.75,1,3,1
2818-RISCY-b-2-c2-u0.7-m3-p8-f1,2818,RISCY-b,2,2,0.7,3,8,1
3166-RISCY-b-2-c20-u0.7-m2-p8-f0,3166,RISCY-b,2,20,0.7,2,8,0
2909-RISCY-b-2-c2-u0.9-m3-p3-f1,2909,RISCY-b,2,2,0.9,3,3,1
3003-RISCY-b-2-c5-u0.85-m3-p2-f0,3003,RISCY-b,2,5,0.85,3,2,0
3104-RISCY-b-2-c5-u0.8-m3-p8-f1,3104,RISCY-b,2,5,0.8,3,8,1
3250-RISCY-b-2-c20-u0.9-m3-p6-f0,3250,RISCY-b,2,20,0.9,3,6,0
3232-RISCY-b-2-c20-u0.85-m3-p3-f0,3232,RISCY-b,2,20,0.85,3,3,0
2994-RISCY-b-2-c5-u0.85-m2-p1-f0,2994,RISCY-b,2,5,0.85,2,1,0
3203-RISCY-b-2-c20-u0.8-m2-p1-f0,3203,RISCY-b,2,20,0.8,2,1,0
3321-RISCY-b-2-c20-u0.85-m1-p2-f1,3321,RISCY-b,2,20,0.85,1,2,1
3169-RISCY-b-2-c20-u0.7-m3-p5-f0,3169,RISCY-b,2,20,0.7,3,5,0
3001-RISCY-b-2-c5-u0.85-m2-p8-f0,3001,RISCY-b,2,5,0.85,2,8,0
3056-RISCY-b-2-c5-u0.7-m3-p7-f1,3056,RISCY-b,2,5,0.7,3,7,1
2924-RISCY-b-2-c5-u0.7-m2-p2-f0,2924,RISCY-b,2,5,0.7,2,2,0
3278-RISCY-b-2-c20-u0.75-m1-p5-f1,3278,RISCY-b,2,20,0.75,1,5,1
2724-RISCY-b-2-c2-u0.75-m1-p1-f0,2724,RISCY-b,2,2,0.75,1,1,0
3337-RISCY-b-2-c20-u0.85-m3-p6-f1,3337,RISCY-b,2,20,0.85,3,6,1
2882-RISCY-b-2-c2-u0.85-m2-p8-f1,2882,RISCY-b,2,2,0.85,2,8,1
3016-RISCY-b-2-c5-u0.9-m1-p7-f0,3016,RISCY-b,2,5,0.9,1,7,0
3272-RISCY-b-2-c20-u0.7-m3-p7-f1,3272,RISCY-b,2,20,0.7,3,7,1
2742-RISCY-b-2-c2-u0.75-m3-p5-f0,2742,RISCY-b,2,2,0.75,3,5,0
3293-RISCY-b-2-c20-u0.75-m3-p4-f1,3293,RISCY-b,2,20,0.75,3,4,1
2934-RISCY-b-2-c5-u0.7-m3-p5-f0,2934,RISCY-b,2,5,0.7,3,5,0
3063-RISCY-b-2-c5-u0.75-m1-p6-f1,3063,RISCY-b,2,5,0.75,1,6,1
3112-RISCY-b-2-c5-u0.85-m1-p8-f1,3112,RISCY-b,2,5,0.85,1,8,1
2875-RISCY-b-2-c2-u0.85-m2-p1-f1,2875,RISCY-b,2,2,0.85,2,1,1
3147-RISCY-b-2-c5-u0.9-m3-p4-f1,3147,RISCY-b,2,5,0.9,3,4,1
3282-RISCY-b-2-c20-u0.75-m2-p1-f1,3282,RISCY-b,2,20,0.75,2,1,1
2963-RISCY-b-2-c5-u0.8-m1-p2-f0,2963,RISCY-b,2,5,0.8,1,2,0
3074-RISCY-b-2-c5-u0.75-m3-p1-f1,3074,RISCY-b,2,5,0.75,3,1,1
3211-RISCY-b-2-c20-u0.8-m3-p3-f0,3211,RISCY-b,2,20,0.8,3,3,0
3144-RISCY-b-2-c5-u0.9-m3-p1-f1,3144,RISCY-b,2,5,0.9,3,1,1
3062-RISCY-b-2-c5-u0.75-m1-p5-f1,3062,RISCY-b,2,5,0.75,1,5,1
3349-RISCY-b-2-c20-u0.9-m2-p3-f1,3349,RISCY-b,2,20,0.9,2,3,1
2900-RISCY-b-2-c2-u0.9-m2-p2-f1,2900,RISCY-b,2,2,0.9,2,2,1
2859-RISCY-b-2-c2-u0.8-m3-p1-f1,2859,RISCY-b,2,2,0.8,3,1,1
3194-RISCY-b-2-c20-u0.75-m3-p8-f0,3194,RISCY-b,2,20,0.75,3,8,0
3320-RISCY-b-2-c20-u0.85-m1-p1-f1,3320,RISCY-b,2,20,0.85,1,1,1
3253-RISCY-b-2-c20-u0.7-m1-p3-f1,3253,RISCY-b,2,20,0.7,1,3,1
2947-RISCY-b-2-c5-u0.75-m2-p2-f0,2947,RISCY-b,2,5,0.75,2,2,0
3186-RISCY-b-2-c20-u0.75-m2-p7-f0,3186,RISCY-b,2,20,0.75,2,7,0
2998-RISCY-b-2-c5-u0.85-m2-p5-f0,2998,RISCY-b,2,5,0.85,2,5,0
3311-RISCY-b-2-c20-u0.8-m2-p7-f1,3311,RISCY-b,2,20,0.8,2,7,1
3051-RISCY-b-2-c5-u0.7-m3-p2-f1,3051,RISCY-b,2,5,0.7,3,2,1
2756-RISCY-b-2-c2-u0.8-m2-p5-f0,2756,RISCY-b,2,2,0.8,2,5,0
3005-RISCY-b-2-c5-u0.85-m3-p4-f0,3005,RISCY-b,2,5,0.85,3,4,0
3091-RISCY-b-2-c5-u0.8-m2-p2-f1,3091,RISCY-b,2,5,0.8,2,2,1
3143-RISCY-b-2-c5-u0.9-m2-p8-f1,3143,RISCY-b,2,5,0.9,2,8,1
3223-RISCY-b-2-c20-u0.85-m1-p8-f0,3223,RISCY-b,2,20,0.85,1,8,0
2892-RISCY-b-2-c2-u0.9-m1-p2-f1,2892,RISCY-b,2,2,0.9,1,2,1
2778-RISCY-b-2-c2-u0.85-m3-p1-f0,2778,RISCY-b,2,2,0.85,3,1,0
2840-RISCY-b-2-c2-u0.75-m3-p6-f1,2840,RISCY-b,2,2,0.75,3,6,1
2822-RISCY-b-2-c2-u0.75-m1-p4-f1,2822,RISCY-b,2,2,0.75,1,4,1
2883-RISCY-b-2-c2-u0.85-m3-p1-f1,2883,RISCY-b,2,2,0.85,3,1,1
2902-RISCY-b-2-c2-u0.9-m2-p4-f1,2902,RISCY-b,2,2,0.9,2,4,1
2850-RISCY-b-2-c2-u0.8-m1-p8-f1,2850,RISCY-b,2,2,0.8,1,8,1
3318-RISCY-b-2-c20-u0.8-m3-p7-f1,3318,RISCY-b,2,20,0.8,3,7,1
2936-RISCY-b-2-c5-u0.7-m3-p7-f0,2936,RISCY-b,2,5,0.7,3,7,0
3277-RISCY-b-2-c20-u0.75-m1-p4-f1,3277,RISCY-b,2,20,0.75,1,4,1
2849-RISCY-b-2-c2-u0.8-m1-p7-f1,2849,RISCY-b,2,2,0.8,1,7,1
3099-RISCY-b-2-c5-u0.8-m3-p2-f1,3099,RISCY-b,2,5,0.8,3,2,1
3121-RISCY-b-2-c5-u0.85-m3-p1-f1,3121,RISCY-b,2,5,0.85,3,1,1
2782-RISCY-b-2-c2-u0.9-m1-p4-f0,2782,RISCY-b,2,2,0.9,1,4,0
3164-RISCY-b-2-c20-u0.7-m2-p6-f0,3164,RISCY-b,2,20,0.7,2,6,0
2790-RISCY-b-2-c2-u0.9-m2-p4-f0,2790,RISCY-b,2,2,0.9,2,4,0
3236-RISCY-b-2-c20-u0.9-m1-p1-f0,3236,RISCY-b,2,20,0.9,1,1,0
2714-RISCY-b-2-c2-u0.7-m2-p6-f0,2714,RISCY-b,2,2,0.7,2,6,0
2837-RISCY-b-2-c2-u0.75-m3-p3-f1,2837,RISCY-b,2,2,0.75,3,3,1
3324-RISCY-b-2-c20-u0.85-m1-p7-f1,3324,RISCY-b,2,20,0.85,1,7,1
3329-RISCY-b-2-c20-u0.85-m2-p6-f1,3329,RISCY-b,2,20,0.85,2,6,1
3151-RISCY-b-2-c5-u0.9-m3-p8-f1,3151,RISCY-b,2,5,0.9,3,8,1
3242-RISCY-b-2-c20-u0.9-m1-p8-f0,3242,RISCY-b,2,20,0.9,1,8,0
3333-RISCY-b-2-c20-u0.85-m3-p2-f1,3333,RISCY-b,2,20,0.85,3,2,1
3132-RISCY-b-2-c5-u0.9-m1-p4-f1,3132,RISCY-b,2,5,0.9,1,4,1
3101-RISCY-b-2-c5-u0.8-m3-p4-f1,3101,RISCY-b,2,5,0.8,3,4,1
3351-RISCY-b-2-c20-u0.9-m2-p5-f1,3351,RISCY-b,2,20,0.9,2,5,1
2767-RISCY-b-2-c2-u0.85-m1-p6-f0,2767,RISCY-b,2,2,0.85,1,6,0
2839-RISCY-b-2-c2-u0.75-m3-p5-f1,2839,RISCY-b,2,2,0.75,3,5,1
2880-RISCY-b-2-c2-u0.85-m2-p6-f1,2880,RISCY-b,2,2,0.85,2,6,1
3045-RISCY-b-2-c5-u0.7-m2-p4-f1,3045,RISCY-b,2,5,0.7,2,4,1
3004-RISCY-b-2-c5-u0.85-m3-p3-f0,3004,RISCY-b,2,5,0.85,3,3,0
2743-RISCY-b-2-c2-u0.75-m3-p7-f0,2743,RISCY-b,2,2,0.75,3,7,0
2993-RISCY-b-2-c5-u0.85-m1-p8-f0,2993,RISCY-b,2,5,0.85,1,8,0
3356-RISCY-b-2-c20-u0.9-m3-p2-f1,3356,RISCY-b,2,20,0.9,3,2,1
3235-RISCY-b-2-c20-u0.85-m3-p8-f0,3235,RISCY-b,2,20,0.85,3,8,0
3158-RISCY-b-2-c20-u0.7-m1-p8-f0,3158,RISCY-b,2,20,0.7,1,8,0
3218-RISCY-b-2-c20-u0.85-m1-p3-f0,3218,RISCY-b,2,20,0.85,1,3,0
2707-RISCY-b-2-c2-u0.7-m1-p7-f0,2707,RISCY-b,2,2,0.7,1,7,0
2925-RISCY-b-2-c5-u0.7-m2-p3-f0,2925,RISCY-b,2,5,0.7,2,3,0
2923-RISCY-b-2-c5-u0.7-m2-p1-f0,2923,RISCY-b,2,5,0.7,2,1,0
3095-RISCY-b-2-c5-u0.8-m2-p6-f1,3095,RISCY-b,2,5,0.8,2,6,1
3029-RISCY-b-2-c5-u0.9-m3-p4-f0,3029,RISCY-b,2,5,0.9,3,4,0
3069-RISCY-b-2-c5-u0.75-m2-p4-f1,3069,RISCY-b,2,5,0.75,2,4,1
3268-RISCY-b-2-c20-u0.7-m3-p3-f1,3268,RISCY-b,2,20,0.7,3,3,1
2927-RISCY-b-2-c5-u0.7-m2-p6-f0,2927,RISCY-b,2,5,0.7,2,6,0
2885-RISCY-b-2-c2-u0.85-m3-p3-f1,2885,RISCY-b,2,2,0.85,3,3,1
2904-RISCY-b-2-c2-u0.9-m2-p6-f1,2904,RISCY-b,2,2,0.9,2,6,1
2738-RISCY-b-2-c2-u0.75-m2-p7-f0,2738,RISCY-b,2,2,0.75,2,7,0
2920-RISCY-b-2-c5-u0.7-m1-p6-f0,2920,RISCY-b,2,5,0.7,1,6,0
3343-RISCY-b-2-c20-u0.9-m1-p5-f1,3343,RISCY-b,2,20,0.9,1,5,1
3296-RISCY-b-2-c20-u0.75-m3-p7-f1,3296,RISCY-b,2,20,0.75,3,7,1
3219-RISCY-b-2-c20-u0.85-m1-p4-f0,3219,RISCY-b,2,20,0.85,1,4,0
3082-RISCY-b-2-c5-u0.8-m1-p1-f1,3082,RISCY-b,2,5,0.8,1,1,1
3198-RISCY-b-2-c20-u0.8-m1-p4-f0,3198,RISCY-b,2,20,0.8,1,4,0
2877-RISCY-b-2-c2-u0.85-m2-p3-f1,2877,RISCY-b,2,2,0.85,2,3,1
3038-RISCY-b-2-c5-u0.7-m1-p5-f1,3038,RISCY-b,2,5,0.7,1,5,1
2811-RISCY-b-2-c2-u0.7-m3-p1-f1,2811,RISCY-b,2,2,0.7,3,1,1
2765-RISCY-b-2-c2-u0.85-m1-p4-f0,2765,RISCY-b,2,2,0.85,1,4,0
2814-RISCY-b-2-c2-u0.7-m3-p4-f1,2814,RISCY-b,2,2,0.7,3,4,1
3300-RISCY-b-2-c20-u0.8-m1-p3-f1,3300,RISCY-b,2,20,0.8,1,3,1
2884-RISCY-b-2-c2-u0.85-m3-p2-f1,2884,RISCY-b,2,2,0.85,3,2,1
3163-RISCY-b-2-c20-u0.7-m2-p5-f0,3163,RISCY-b,2,20,0.7,2,5,0
3310-RISCY-b-2-c20-u0.8-m2-p6-f1,3310,RISCY-b,2,20,0.8,2,6,1
2795-RISCY-b-2-c2-u0.7-m1-p1-f1,2795,RISCY-b,2,2,0.7,1,1,1
3217-RISCY-b-2-c20-u0.85-m1-p2-f0,3217,RISCY-b,2,20,0.85,1,2,0
2825-RISCY-b-2-c2-u0.75-m1-p7-f1,2825,RISCY-b,2,2,0.75,1,7,1
3173-RISCY-b-2-c20-u0.75-m1-p1-f0,3173,RISCY-b,2,20,0.75,1,1,0
3120-RISCY-b-2-c5-u0.85-m2-p8-f1,3120,RISCY-b,2,5,0.85,2,8,1
2912-RISCY-b-2-c2-u0.9-m3-p6-f1,2912,RISCY-b,2,2,0.9,3,6,1
2794-RISCY-b-2-c2-u0.9-m2-p8-f0,2794,RISCY-b,2,2,0.9,2,8,0
3270-RISCY-b-2-c20-u0.7-m3-p5-f1,3270,RISCY-b,2,20,0.7,3,5,1
3170-RISCY-b-2-c20-u0.7-m3-p6-f0,3170,RISCY-b,2,20,0.7,3,6,0
2751-RISCY-b-2-c2-u0.8-m1-p8-f0,2751,RISCY-b,2,2,0.8,1,8,0
2704-RISCY-b-2-c2-u0.7-m1-p4-f0,2704,RISCY-b,2,2,0.7,1,4,0
3140-RISCY-b-2-c5-u0.9-m2-p5-f1,3140,RISCY-b,2,5,0.9,2,5,1
2801-RISCY-b-2-c2-u0.7-m1-p7-f1,2801,RISCY-b,2,2,0.7,1,7,1
3206-RISCY-b-2-c20-u0.8-m2-p4-f0,3206,RISCY-b,2,20,0.8,2,4,0
3180-RISCY-b-2-c20-u0.75-m2-p1-f0,3180,RISCY-b,2,20,0.75,2,1,0
3353-RISCY-b-2-c20-u0.9-m2-p7-f1,3353,RISCY-b,2,20,0.9,2,7,1
3139-RISCY-b-2-c5-u0.9-m2-p4-f1,3139,RISCY-b,2,5,0.9,2,4,1
3302-RISCY-b-2-c20-u0.8-m1-p5-f1,3302,RISCY-b,2,20,0.8,1,5,1
3350-RISCY-b-2-c20-u0.9-m2-p4-f1,3350,RISCY-b,2,20,0.9,2,4,1
3150-RISCY-b-2-c5-u0.9-m3-p7-f1,3150,RISCY-b,2,5,0.9,3,7,1
3124-RISCY-b-2-c5-u0.85-m3-p4-f1,3124,RISCY-b,2,5,0.85,3,4,1
3167-RISCY-b-2-c20-u0.7-m3-p1-f0,3167,RISCY-b,2,20,0.7,3,1,0
3210-RISCY-b-2-c20-u0.8-m2-p8-f0,3210,RISCY-b,2,20,0.8,2,8,0
2798-RISCY-b-2-c2-u0.7-m1-p4-f1,2798,RISCY-b,2,2,0.7,1,4,1
2737-RISCY-b-2-c2-u0.75-m2-p6-f0,2737,RISCY-b,2,2,0.75,2,6,0
3157-RISCY-b-2-c20-u0.7-m1-p7-f0,3157,RISCY-b,2,20,0.7,1,7,0
2861-RISCY-b-2-c2-u0.8-m3-p3-f1,2861,RISCY-b,2,2,0.8,3,3,1
2725-RISCY-b-2-c2-u0.75-m1-p2-f0,2725,RISCY-b,2,2,0.75,1,2,0
2802-RISCY-b-2-c2-u0.7-m1-p8-f1,2802,RISCY-b,2,2,0.7,1,8,1
2804-RISCY-b-2-c2-u0.7-m2-p2-f1,2804,RISCY-b,2,2,0.7,2,2,1
2716-RISCY-b-2-c2-u0.7-m2-p8-f0,2716,RISCY-b,2,2,0.7,2,8,0
2876-RISCY-b-2-c2-u0.85-m2-p2-f1,2876,RISCY-b,2,2,0.85,2,2,1
3284-RISCY-b-2-c20-u0.75-m2-p3-f1,3284,RISCY-b,2,20,0.75,2,3,1
2773-RISCY-b-2-c2-u0.85-m2-p4-f0,2773,RISCY-b,2,2,0.85,2,4,0
3060-RISCY-b-2-c5-u0.75-m1-p3-f1,3060,RISCY-b,2,5,0.75,1,3,1
3116-RISCY-b-2-c5-u0.85-m2-p4-f1,3116,RISCY-b,2,5,0.85,2,4,1
3011-RISCY-b-2-c5-u0.9-m1-p2-f0,3011,RISCY-b,2,5,0.9,1,2,0
3359-RISCY-b-2-c20-u0.9-m3-p5-f1,3359,RISCY-b,2,20,0.9,3,5,1
2824-RISCY-b-2-c2-u0.75-m1-p6-f1,2824,RISCY-b,2,2,0.75,1,6,1
3075-RISCY-b-2-c5-u0.75-m3-p2-f1,3075,RISCY-b,2,5,0.75,3,2,1
2980-RISCY-b-2-c5-u0.8-m3-p3-f0,2980,RISCY-b,2,5,0.8,3,3,0
2881-RISCY-b-2-c2-u0.85-m2-p7-f1,2881,RISCY-b,2,2,0.85,2,7,1
3285-RISCY-b-2-c20-u0.75-m2-p4-f1,3285,RISCY-b,2,20,0.75,2,4,1
2848-RISCY-b-2-c2-u0.8-m1-p6-f1,2848,RISCY-b,2,2,0.8,1,6,1
3251-RISCY-b-2-c20-u0.7-m1-p1-f1,3251,RISCY-b,2,20,0.7,1,1,1
2755-RISCY-b-2-c2-u0.8-m2-p4-f0,2755,RISCY-b,2,2,0.8,2,4,0
2852-RISCY-b-2-c2-u0.8-m2-p2-f1,2852,RISCY-b,2,2,0.8,2,2,1
3068-RISCY-b-2-c5-u0.75-m2-p3-f1,3068,RISCY-b,2,5,0.75,2,3,1
2933-RISCY-b-2-c5-u0.7-m3-p4-f0,2933,RISCY-b,2,5,0.7,3,4,0
3033-RISCY-b-2-c5-u0.9-m3-p8-f0,3033,RISCY-b,2,5,0.9,3,8,0
2960-RISCY-b-2-c5-u0.75-m3-p7-f0,2960,RISCY-b,2,5,0.75,3,7,0
3049-RISCY-b-2-c5-u0.7-m2-p8-f1,3049,RISCY-b,2,5,0.7,2,8,1
3215-RISCY-b-2-c20-u0.8-m3-p8-f0,3215,RISCY-b,2,20,0.8,3,8,0
2906-RISCY-b-2-c2-u0.9-m2-p8-f1,2906,RISCY-b,2,2,0.9,2,8,1
3184-RISCY-b-2-c20-u0.75-m2-p5-f0,3184,RISCY-b,2,20,0.75,2,5,0
2817-RISCY-b-2-c2-u0.7-m3-p7-f1,2817,RISCY-b,2,2,0.7,3,7,1
2734-RISCY-b-2-c2-u0.75-m2-p3-f0,2734,RISCY-b,2,2,0.75,2,3,0
3258-RISCY-b-2-c20-u0.7-m1-p8-f1,3258,RISCY-b,2,20,0.7,1,8,1
3358-RISCY-b-2-c20-u0.9-m3-p4-f1,3358,RISCY-b,2,20,0.9,3,4,1
3070-RISCY-b-2-c5-u0.75-m2-p5-f1,3070,RISCY-b,2,5,0.75,2,5,1
3209-RISCY-b-2-c20-u0.8-m2-p7-f0,3209,RISCY-b,2,20,0.8,2,7,0
3229-RISCY-b-2-c20-u0.85-m2-p6-f0,3229,RISCY-b,2,20,0.85,2,6,0
2733-RISCY-b-2-c2-u0.75-m2-p2-f0,2733,RISCY-b,2,2,0.75,2,2,0
2730-RISCY-b-2-c2-u0.75-m1-p7-f0,2730,RISCY-b,2,2,0.75,1,7,0
3230-RISCY-b-2-c20-u0.85-m2-p7-f0,3230,RISCY-b,2,20,0.85,2,7,0
3178-RISCY-b-2-c20-u0.75-m1-p7-f0,3178,RISCY-b,2,20,0.75,1,7,0
2945-RISCY-b-2-c5-u0.75-m1-p8-f0,2945,RISCY-b,2,5,0.75,1,8,0
2995-RISCY-b-2-c5-u0.85-m2-p2-f0,2995,RISCY-b,2,5,0.85,2,2,0
3083-RISCY-b-2-c5-u0.8-m1-p2-f1,3083,RISCY-b,2,5,0.8,1,2,1
3159-RISCY-b-2-c20-u0.7-m2-p1-f0,3159,RISCY-b,2,20,0.7,2,1,0
3094-RISCY-b-2-c5-u0.8-m2-p5-f1,3094,RISCY-b,2,5,0.8,2,5,1
3037-RISCY-b-2-c5-u0.7-m1-p4-f1,3037,RISCY-b,2,5,0.7,1,4,1
3252-RISCY-b-2-c20-u0.7-m1-p2-f1,3252,RISCY-b,2,20,0.7,1,2,1
2712-RISCY-b-2-c2-u0.7-m2-p4-f0,2712,RISCY-b,2,2,0.7,2,4,0
3187-RISCY-b-2-c20-u0.75-m2-p8-f0,3187,RISCY-b,2,20,0.75,2,8,0
3142-RISCY-b-2-c5-u0.9-m2-p7-f1,3142,RISCY-b,2,5,0.9,2,7,1
2799-RISCY-b-2-c2-u0.7-m1-p5-f1,2799,RISCY-b,2,2,0.7,1,5,1
2905-RISCY-b-2-c2-u0.9-m2-p7-f1,2905,RISCY-b,2,2,0.9,2,7,1
2796-RISCY-b-2-c2-u0.7-m1-p2-f1,2796,RISCY-b,2,2,0.7,1,2,1
3280-RISCY-b-2-c20-u0.75-m1-p7-f1,3280,RISCY-b,2,20,0.75,1,7,1
2752-RISCY-b-2-c2-u0.8-m2-p1-f0,2752,RISCY-b,2,2,0.8,2,1,0
2726-RISCY-b-2-c2-u0.75-m1-p3-f0,2726,RISCY-b,2,2,0.75,1,3,0
3015-RISCY-b-2-c5-u0.9-m1-p6-f0,3015,RISCY-b,2,5,0.9,1,6,0
3102-RISCY-b-2-c5-u0.8-m3-p5-f1,3102,RISCY-b,2,5,0.8,3,5,1
3111-RISCY-b-2-c5-u0.85-m1-p7-f1,3111,RISCY-b,2,5,0.85,1,7,1
3292-RISCY-b-2-c20-u0.75-m3-p3-f1,3292,RISCY-b,2,20,0.75,3,3,1
3315-RISCY-b-2-c20-u0.8-m3-p4-f1,3315,RISCY-b,2,20,0.8,3,4,1
3071-RISCY-b-2-c5-u0.75-m2-p6-f1,3071,RISCY-b,2,5,0.75,2,6,1
2915-RISCY-b-2-c5-u0.7-m1-p1-f0,2915,RISCY-b,2,5,0.7,1,1,0
3275-RISCY-b-2-c20-u0.75-m1-p2-f1,3275,RISCY-b,2,20,0.75,1,2,1
3055-RISCY-b-2-c5-u0.7-m3-p6-f1,3055,RISCY-b,2,5,0.7,3,6,1
3149-RISCY-b-2-c5-u0.9-m3-p6-f1,3149,RISCY-b,2,5,0.9,3,6,1
3172-RISCY-b-2-c20-u0.7-m3-p8-f0,3172,RISCY-b,2,20,0.7,3,8,0
2783-RISCY-b-2-c2-u0.9-m1-p5-f0,2783,RISCY-b,2,2,0.9,1,5,0
2744-RISCY-b-2-c2-u0.8-m1-p1-f0,2744,RISCY-b,2,2,0.8,1,1,0
3044-RISCY-b-2-c5-u0.7-m2-p3-f1,3044,RISCY-b,2,5,0.7,2,3,1
3025-RISCY-b-2-c5-u0.9-m2-p8-f0,3025,RISCY-b,2,5,0.9,2,8,0
3022-RISCY-b-2-c5-u0.9-m2-p5-f0,3022,RISCY-b,2,5,0.9,2,5,0
3093-RISCY-b-2-c5-u0.8-m2-p4-f1,3093,RISCY-b,2,5,0.8,2,4,1
3165-RISCY-b-2-c20-u0.7-m2-p7-f0,3165,RISCY-b,2,20,0.7,2,7,0
3108-RISCY-b-2-c5-u0.85-m1-p4-f1,3108,RISCY-b,2,5,0.85,1,4,1
3078-RISCY-b-2-c5-u0.75-m3-p5-f1,3078,RISCY-b,2,5,0.75,3,5,1
2708-RISCY-b-2-c2-u0.7-m1-p8-f0,2708,RISCY-b,2,2,0.7,1,8,0
2853-RISCY-b-2-c2-u0.8-m2-p3-f1,2853,RISCY-b,2,2,0.8,2,3,1
2805-RISCY-b-2-c2-u0.7-m2-p3-f1,2805,RISCY-b,2,2,0.7,2,3,1
3123-RISCY-b-2-c5-u0.85-m3-p3-f1,3123,RISCY-b,2,5,0.85,3,3,1
3294-RISCY-b-2-c20-u0.75-m3-p5-f1,3294,RISCY-b,2,20,0.75,3,5,1
3255-RISCY-b-2-c20-u0.7-m1-p5-f1,3255,RISCY-b,2,20,0.7,1,5,1
2969-RISCY-b-2-c5-u0.8-m1-p8-f0,2969,RISCY-b,2,5,0.8,1,8,0
2797-RISCY-b-2-c2-u0.7-m1-p3-f1,2797,RISCY-b,2,2,0.7,1,3,1
3014-RISCY-b-2-c5-u0.9-m1-p5-f0,3014,RISCY-b,2,5,0.9,1,5,0
2787-RISCY-b-2-c2-u0.9-m2-p1-f0,2787,RISCY-b,2,2,0.9,2,1,0
3028-RISCY-b-2-c5-u0.9-m3-p3-f0,3028,RISCY-b,2,5,0.9,3,3,0
3160-RISCY-b-2-c20-u0.7-m2-p2-f0,3160,RISCY-b,2,20,0.7,2,2,0
3156-RISCY-b-2-c20-u0.7-m1-p5-f0,3156,RISCY-b,2,20,0.7,1,5,0
3227-RISCY-b-2-c20-u0.85-m2-p4-f0,3227,RISCY-b,2,20,0.85,2,4,0
2815-RISCY-b-2-c2-u0.7-m3-p5-f1,2815,RISCY-b,2,2,0.7,3,5,1
3007-RISCY-b-2-c5-u0.85-m3-p6-f0,3007,RISCY-b,2,5,0.85,3,6,0
2828-RISCY-b-2-c2-u0.75-m2-p2-f1,2828,RISCY-b,2,2,0.75,2,2,1
2981-RISCY-b-2-c5-u0.8-m3-p4-f0,2981,RISCY-b,2,5,0.8,3,4,0
2705-RISCY-b-2-c2-u0.7-m1-p5-f0,2705,RISCY-b,2,2,0.7,1,5,0
2946-RISCY-b-2-c5-u0.75-m2-p1-f0,2946,RISCY-b,2,5,0.75,2,1,0
3106-RISCY-b-2-c5-u0.85-m1-p2-f1,3106,RISCY-b,2,5,0.85,1,2,1
2806-RISCY-b-2-c2-u0.7-m2-p4-f1,2806,RISCY-b,2,2,0.7,2,4,1
2873-RISCY-b-2-c2-u0.85-m1-p7-f1,2873,RISCY-b,2,2,0.85,1,7,1
3000-RISCY-b-2-c5-u0.85-m2-p7-f0,3000,RISCY-b,2,5,0.85,2,7,0
2996-RISCY-b-2-c5-u0.85-m2-p3-f0,2996,RISCY-b,2,5,0.85,2,3,0
2841-RISCY-b-2-c2-u0.75-m3-p7-f1,2841,RISCY-b,2,2,0.75,3,7,1
3059-RISCY-b-2-c5-u0.75-m1-p2-f1,3059,RISCY-b,2,5,0.75,1,2,1
3314-RISCY-b-2-c20-u0.8-m3-p2-f1,3314,RISCY-b,2,20,0.8,3,2,1
2878-RISCY-b-2-c2-u0.85-m2-p4-f1,2878,RISCY-b,2,2,0.85,2,4,1
3162-RISCY-b-2-c20-u0.7-m2-p4-f0,3162,RISCY-b,2,20,0.7,2,4,0
2929-RISCY-b-2-c5-u0.7-m2-p8-f0,2929,RISCY-b,2,5,0.7,2,8,0
2746-RISCY-b-2-c2-u0.8-m1-p3-f0,2746,RISCY-b,2,2,0.8,1,3,0
3283-RISCY-b-2-c20-u0.75-m2-p2-f1,3283,RISCY-b,2,20,0.75,2,2,1
3345-RISCY-b-2-c20-u0.9-m1-p7-f1,3345,RISCY-b,2,20,0.9,1,7,1
2992-RISCY-b-2-c5-u0.85-m1-p7-f0,2992,RISCY-b,2,5,0.85,1,7,0
3234-RISCY-b-2-c20-u0.85-m3-p6-f0,3234,RISCY-b,2,20,0.85,3,6,0
2835-RISCY-b-2-c2-u0.75-m3-p1-f1,2835,RISCY-b,2,2,0.75,3,1,1
3342-RISCY-b-2-c20-u0.9-m1-p4-f1,3342,RISCY-b,2,20,0.9,1,4,1
2855-RISCY-b-2-c2-u0.8-m2-p5-f1,2855,RISCY-b,2,2,0.8,2,5,1
5659-RISCY-FPU-a-3-c5-u0.9-m2-p5-f1,5659,RISCY-FPU-a,3,5,0.9,2,5,1
5371-RISCY-FPU-a-3-c2-u0.75-m3-p7-f1,5371,RISCY-FPU-a,3,2,0.75,3,7,1
5797-RISCY-FPU-a-3-c20-u0.8-m1-p7-f1,5797,RISCY-FPU-a,3,20,0.8,1,7,1
5520-RISCY-FPU-a-3-c5-u0.8-m2-p7-f0,5520,RISCY-FPU-a,3,5,0.8,2,7,0
5217-RISCY-FPU-a-3-c2-u0.7-m1-p4-f0,5217,RISCY-FPU-a,3,2,0.7,1,4,0
5608-RISCY-FPU-a-3-c5-u0.8-m1-p8-f1,5608,RISCY-FPU-a,3,5,0.8,1,8,1
5458-RISCY-FPU-a-3-c5-u0.7-m2-p7-f0,5458,RISCY-FPU-a,3,5,0.7,2,7,0
5778-RISCY-FPU-a-3-c20-u0.75-m2-p4-f1,5778,RISCY-FPU-a,3,20,0.75,2,4,1
5844-RISCY-FPU-a-3-c20-u0.9-m2-p6-f1,5844,RISCY-FPU-a,3,20,0.9,2,6,1
5788-RISCY-FPU-a-3-c20-u0.75-m3-p6-f1,5788,RISCY-FPU-a,3,20,0.75,3,6,1
5605-RISCY-FPU-a-3-c5-u0.8-m1-p5-f1,5605,RISCY-FPU-a,3,5,0.8,1,5,1
5267-RISCY-FPU-a-3-c2-u0.75-m3-p7-f0,5267,RISCY-FPU-a,3,2,0.75,3,7,0
5795-RISCY-FPU-a-3-c20-u0.8-m1-p5-f1,5795,RISCY-FPU-a,3,20,0.8,1,5,1
5517-RISCY-FPU-a-3-c5-u0.8-m2-p4-f0,5517,RISCY-FPU-a,3,5,0.8,2,4,0
5528-RISCY-FPU-a-3-c5-u0.8-m3-p8-f0,5528,RISCY-FPU-a,3,5,0.8,3,8,0
5243-RISCY-FPU-a-3-c2-u0.7-m4-p7-f0,5243,RISCY-FPU-a,3,2,0.7,4,7,0
5284-RISCY-FPU-a-3-c2-u0.8-m1-p8-f0,5284,RISCY-FPU-a,3,2,0.8,1,8,0
5817-RISCY-FPU-a-3-c20-u0.85-m1-p3-f1,5817,RISCY-FPU-a,3,20,0.85,1,3,1
5327-RISCY-FPU-a-3-c2-u0.7-m1-p3-f1,5327,RISCY-FPU-a,3,2,0.7,1,3,1
5716-RISCY-FPU-a-3-c20-u0.8-m1-p2-f0,5716,RISCY-FPU-a,3,20,0.8,1,2,0
5255-RISCY-FPU-a-3-c2-u0.75-m2-p3-f0,5255,RISCY-FPU-a,3,2,0.75,2,3,0
5290-RISCY-FPU-a-3-c2-u0.8-m2-p6-f0,5290,RISCY-FPU-a,3,2,0.8,2,6,0
5640-RISCY-FPU-a-3-c5-u0.85-m3-p2-f1,5640,RISCY-FPU-a,3,5,0.85,3,2,1
5748-RISCY-FPU-a-3-c20-u0.7-m1-p6-f1,5748,RISCY-FPU-a,3,20,0.7,1,6,1
5794-RISCY-FPU-a-3-c20-u0.8-m1-p4-f1,5794,RISCY-FPU-a,3,20,0.8,1,4,1
5775-RISCY-FPU-a-3-c20-u0.75-m2-p1-f1,5775,RISCY-FPU-a,3,20,0.75,2,1,1
5300-RISCY-FPU-a-3-c2-u0.8-m3-p8-f0,5300,RISCY-FPU-a,3,2,0.8,3,8,0
5442-RISCY-FPU-a-3-c2-u0.9-m3-p6-f1,5442,RISCY-FPU-a,3,2,0.9,3,6,1
5571-RISCY-FPU-a-3-c5-u0.7-m3-p3-f1,5571,RISCY-FPU-a,3,5,0.7,3,3,1
5784-RISCY-FPU-a-3-c20-u0.75-m3-p2-f1,5784,RISCY-FPU-a,3,20,0.75,3,2,1
5719-RISCY-FPU-a-3-c20-u0.8-m1-p5-f0,5719,RISCY-FPU-a,3,20,0.8,1,5,0
5606-RISCY-FPU-a-3-c5-u0.8-m1-p6-f1,5606,RISCY-FPU-a,3,5,0.8,1,6,1
5502-RISCY-FPU-a-3-c5-u0.75-m4-p5-f0,5502,RISCY-FPU-a,3,5,0.75,4,5,0
5216-RISCY-FPU-a-3-c2-u0.7-m1-p3-f0,5216,RISCY-FPU-a,3,2,0.7,1,3,0
5616-RISCY-FPU-a-3-c5-u0.8-m2-p8-f1,5616,RISCY-FPU-a,3,5,0.8,2,8,1
5653-RISCY-FPU-a-3-c5-u0.9-m1-p7-f1,5653,RISCY-FPU-a,3,5,0.9,1,7,1
5306-RISCY-FPU-a-3-c2-u0.8-m4-p6-f0,5306,RISCY-FPU-a,3,2,0.8,4,6,0
5317-RISCY-FPU-a-3-c2-u0.85-m4-p1-f0,5317,RISCY-FPU-a,3,2,0.85,4,1,0
5240-RISCY-FPU-a-3-c2-u0.7-m4-p4-f0,5240,RISCY-FPU-a,3,2,0.7,4,4,0
5270-RISCY-FPU-a-3-c2-u0.75-m4-p2-f0,5270,RISCY-FPU-a,3,2,0.75,4,2,0
5439-RISCY-FPU-a-3-c2-u0.9-m3-p3-f1,5439,RISCY-FPU-a,3,2,0.9,3,3,1
5384-RISCY-FPU-a-3-c2-u0.8-m2-p4-f1,5384,RISCY-FPU-a,3,2,0.8,2,4,1
5540-RISCY-FPU-a-3-c5-u0.85-m1-p4-f0,5540,RISCY-FPU-a,3,5,0.85,1,4,0
5576-RISCY-FPU-a-3-c5-u0.7-m3-p8-f1,5576,RISCY-FPU-a,3,5,0.7,3,8,1
5408-RISCY-FPU-a-3-c2-u0.85-m2-p4-f1,5408,RISCY-FPU-a,3,2,0.85,2,4,1
5395-RISCY-FPU-a-3-c2-u0.8-m3-p7-f1,5395,RISCY-FPU-a,3,2,0.8,3,7,1
5401-RISCY-FPU-a-3-c2-u0.85-m1-p5-f1,5401,RISCY-FPU-a,3,2,0.85,1,5,1
5249-RISCY-FPU-a-3-c2-u0.75-m1-p5-f0,5249,RISCY-FPU-a,3,2,0.75,1,5,0
5594-RISCY-FPU-a-3-c5-u0.75-m3-p2-f1,5594,RISCY-FPU-a,3,5,0.75,3,2,1
5598-RISCY-FPU-a-3-c5-u0.75-m3-p6-f1,5598,RISCY-FPU-a,3,5,0.75,3,6,1
5475-RISCY-FPU-a-3-c5-u0.75-m1-p1-f0,5475,RISCY-FPU-a,3,5,0.75,1,1,0
5686-RISCY-FPU-a-3-c20-u0.7-m3-p3-f0,5686,RISCY-FPU-a,3,20,0.7,3,3,0
5489-RISCY-FPU-a-3-c5-u0.75-m2-p7-f0,5489,RISCY-FPU-a,3,5,0.75,2,7,0
5542-RISCY-FPU-a-3-c5-u0.85-m1-p6-f0,5542,RISCY-FPU-a,3,5,0.85,1,6,0
5372-RISCY-FPU-a-3-c2-u0.75-m3-p8-f1,5372,RISCY-FPU-a,3,2,0.75,3,8,1
5367-RISCY-FPU-a-3-c2-u0.75-m3-p3-f1,5367,RISCY-FPU-a,3,2,0.75,3,3,1
5765-RISCY-FPU-a-3-c20-u0.7-m3-p7-f1,5765,RISCY-FPU-a,3,20,0.7,3,7,1
5480-RISCY-FPU-a-3-c5-u0.75-m1-p6-f0,5480,RISCY-FPU-a,3,5,0.75,1,6,0
5477-RISCY-FPU-a-3-c5-u0.75-m1-p3-f0,5477,RISCY-FPU-a,3,5,0.75,1,3,0
5328-RISCY-FPU-a-3-c2-u0.7-m1-p4-f1,5328,RISCY-FPU-a,3,2,0.7,1,4,1
5387-RISCY-FPU-a-3-c2-u0.8-m2-p7-f1,5387,RISCY-FPU-a,3,2,0.8,2,7,1
5692-RISCY-FPU-a-3-c20-u0.75-m1-p2-f0,5692,RISCY-FPU-a,3,20,0.75,1,2,0
5388-RISCY-FPU-a-3-c2-u0.8-m2-p8-f1,5388,RISCY-FPU-a,3,2,0.8,2,8,1
5812-RISCY-FPU-a-3-c20-u0.8-m3-p6-f1,5812,RISCY-FPU-a,3,20,0.8,3,6,1
5712-RISCY-FPU-a-3-c20-u0.75-m3-p6-f0,5712,RISCY-FPU-a,3,20,0.75,3,6,0
5457-RISCY-FPU-a-3-c5-u0.7-m2-p6-f0,5457,RISCY-FPU-a,3,5,0.7,2,6,0
5796-RISCY-FPU-a-3-c20-u0.8-m1-p6-f1,5796,RISCY-FPU-a,3,20,0.8,1,6,1
5373-RISCY-FPU-a-3-c2-u0.8-m1-p1-f1,5373,RISCY-FPU-a,3,2,0.8,1,1,1
5455-RISCY-FPU-a-3-c5-u0.7-m2-p4-f0,5455,RISCY-FPU-a,3,5,0.7,2,4,0
5346-RISCY-FPU-a-3-c2-u0.7-m3-p6-f1,5346,RISCY-FPU-a,3,2,0.7,3,6,1
5845-RISCY-FPU-a-3-c20-u0.9-m2-p7-f1,5845,RISCY-FPU-a,3,20,0.9,2,7,1
5827-RISCY-FPU-a-3-c20-u0.85-m2-p6-f1,5827,RISCY-FPU-a,3,20,0.85,2,6,1
5708-RISCY-FPU-a-3-c20-u0.75-m3-p2-f0,5708,RISCY-FPU-a,3,20,0.75,3,2,0
5491-RISCY-FPU-a-3-c5-u0.75-m3-p2-f0,5491,RISCY-FPU-a,3,5,0.75,3,2,0
5843-RISCY-FPU-a-3-c20-u0.9-m2-p3-f1,5843,RISCY-FPU-a,3,20,0.9,2,3,1
5790-RISCY-FPU-a-3-c20-u0.75-m3-p8-f1,5790,RISCY-FPU-a,3,20,0.75,3,8,1
5826-RISCY-FPU-a-3-c20-u0.85-m2-p5-f1,5826,RISCY-FPU-a,3,20,0.85,2,5,1
5403-RISCY-FPU-a-3-c2-u0.85-m1-p7-f1,5403,RISCY-FPU-a,3,2,0.85,1,7,1
5336-RISCY-FPU-a-3-c2-u0.7-m2-p4-f1,5336,RISCY-FPU-a,3,2,0.7,2,4,1
5715-RISCY-FPU-a-3-c20-u0.8-m1-p1-f0,5715,RISCY-FPU-a,3,20,0.8,1,1,0
5635-RISCY-FPU-a-3-c5-u0.85-m2-p5-f1,5635,RISCY-FPU-a,3,5,0.85,2,5,1
5307-RISCY-FPU-a-3-c2-u0.8-m4-p7-f0,5307,RISCY-FPU-a,3,2,0.8,4,7,0
5311-RISCY-FPU-a-3-c2-u0.85-m1-p3-f0,5311,RISCY-FPU-a,3,2,0.85,1,3,0
5563-RISCY-FPU-a-3-c5-u0.7-m2-p3-f1,5563,RISCY-FPU-a,3,5,0.7,2,3,1
5443-RISCY-FPU-a-3-c2-u0.9-m3-p7-f1,5443,RISCY-FPU-a,3,2,0.9,3,7,1
5682-RISCY-FPU-a-3-c20-u0.7-m2-p7-f0,5682,RISCY-FPU-a,3,20,0.7,2,7,0
5246-RISCY-FPU-a-3-c2-u0.75-m1-p2-f0,5246,RISCY-FPU-a,3,2,0.75,1,2,0
5601-RISCY-FPU-a-3-c5-u0.8-m1-p1-f1,5601,RISCY-FPU-a,3,5,0.8,1,1,1
5459-RISCY-FPU-a-3-c5-u0.7-m2-p8-f0,5459,RISCY-FPU-a,3,5,0.7,2,8,0
5693-RISCY-FPU-a-3-c20-u0.75-m1-p3-f0,5693,RISCY-FPU-a,3,20,0.75,1,3,0
5660-RISCY-FPU-a-3-c5-u0.9-m2-p6-f1,5660,RISCY-FPU-a,3,5,0.9,2,6,1
5661-RISCY-FPU-a-3-c5-u0.9-m2-p7-f1,5661,RISCY-FPU-a,3,5,0.9,2,7,1
5214-RISCY-FPU-a-3-c2-u0.7-m1-p1-f0,5214,RISCY-FPU-a,3,2,0.7,1,1,0
5285-RISCY-FPU-a-3-c2-u0.8-m2-p1-f0,5285,RISCY-FPU-a,3,2,0.8,2,1,0
5679-RISCY-FPU-a-3-c20-u0.7-m2-p3-f0,5679,RISCY-FPU-a,3,20,0.7,2,3,0
5468-RISCY-FPU-a-3-c5-u0.7-m4-p2-f0,5468,RISCY-FPU-a,3,5,0.7,4,2,0
5828-RISCY-FPU-a-3-c20-u0.85-m2-p7-f1,5828,RISCY-FPU-a,3,20,0.85,2,7,1
5225-RISCY-FPU-a-3-c2-u0.7-m2-p4-f0,5225,RISCY-FPU-a,3,2,0.7,2,4,0
5383-RISCY-FPU-a-3-c2-u0.8-m2-p3-f1,5383,RISCY-FPU-a,3,2,0.8,2,3,1
5326-RISCY-FPU-a-3-c2-u0.7-m1-p2-f1,5326,RISCY-FPU-a,3,2,0.7,1,2,1
5602-RISCY-FPU-a-3-c5-u0.8-m1-p2-f1,5602,RISCY-FPU-a,3,5,0.8,1,2,1
5823-RISCY-FPU-a-3-c20-u0.85-m2-p2-f1,5823,RISCY-FPU-a,3,20,0.85,2,2,1
5533-RISCY-FPU-a-3-c5-u0.8-m4-p5-f0,5533,RISCY-FPU-a,3,5,0.8,4,5,0
5544-RISCY-FPU-a-3-c5-u0.85-m1-p8-f0,5544,RISCY-FPU-a,3,5,0.85,1,8,0
5298-RISCY-FPU-a-3-c2-u0.8-m3-p6-f0,5298,RISCY-FPU-a,3,2,0.8,3,6,0
5370-RISCY-FPU-a-3-c2-u0.75-m3-p6-f1,5370,RISCY-FPU-a,3,2,0.75,3,6,1
5836-RISCY-FPU-a-3-c20-u0.85-m3-p7-f1,5836,RISCY-FPU-a,3,20,0.85,3,7,1
5417-RISCY-FPU-a-3-c2-u0.85-m3-p5-f1,5417,RISCY-FPU-a,3,2,0.85,3,5,1
5269-RISCY-FPU-a-3-c2-u0.75-m4-p1-f0,5269,RISCY-FPU-a,3,2,0.75,4,1,0
5813-RISCY-FPU-a-3-c20-u0.8-m3-p7-f1,5813,RISCY-FPU-a,3,20,0.8,3,7,1
5232-RISCY-FPU-a-3-c2-u0.7-m3-p4-f0,5232,RISCY-FPU-a,3,2,0.7,3,4,0
5366-RISCY-FPU-a-3-c2-u0.75-m3-p2-f1,5366,RISCY-FPU-a,3,2,0.75,3,2,1
5248-RISCY-FPU-a-3-c2-u0.75-m1-p4-f0,5248,RISCY-FPU-a,3,2,0.75,1,4,0
5555-RISCY-FPU-a-3-c5-u0.7-m1-p3-f1,5555,RISCY-FPU-a,3,5,0.7,1,3,1
5342-RISCY-FPU-a-3-c2-u0.7-m3-p2-f1,5342,RISCY-FPU-a,3,2,0.7,3,2,1
5467-RISCY-FPU-a-3-c5-u0.7-m4-p1-f0,5467,RISCY-FPU-a,3,5,0.7,4,1,0
5654-RISCY-FPU-a-3-c5-u0.9-m1-p8-f1,5654,RISCY-FPU-a,3,5,0.9,1,8,1
5319-RISCY-FPU-a-3-c2-u0.85-m4-p3-f0,5319,RISCY-FPU-a,3,2,0.85,4,3,0
5759-RISCY-FPU-a-3-c20-u0.7-m3-p1-f1,5759,RISCY-FPU-a,3,20,0.7,3,1,1
5607-RISCY-FPU-a-3-c5-u0.8-m1-p7-f1,5607,RISCY-FPU-a,3,5,0.8,1,7,1
5377-RISCY-FPU-a-3-c2-u0.8-m1-p5-f1,5377,RISCY-FPU-a,3,2,0.8,1,5,1
5730-RISCY-FPU-a-3-c20-u0.8-m3-p2-f0,5730,RISCY-FPU-a,3,20,0.8,3,2,0
5590-RISCY-FPU-a-3-c5-u0.75-m2-p6-f1,5590,RISCY-FPU-a,3,5,0.75,2,6,1
5470-RISCY-FPU-a-3-c5-u0.7-m4-p4-f0,5470,RISCY-FPU-a,3,5,0.7,4,4,0
5617-RISCY-FPU-a-3-c5-u0.8-m3-p1-f1,5617,RISCY-FPU-a,3,5,0.8,3,1,1
5303-RISCY-FPU-a-3-c2-u0.8-m4-p3-f0,5303,RISCY-FPU-a,3,2,0.8,4,3,0
5507-RISCY-FPU-a-3-c5-u0.8-m1-p2-f0,5507,RISCY-FPU-a,3,5,0.8,1,2,0
5550-RISCY-FPU-a-3-c5-u0.85-m4-p6-f0,5550,RISCY-FPU-a,3,5,0.85,4,6,0
5258-RISCY-FPU-a-3-c2-u0.75-m2-p6-f0,5258,RISCY-FPU-a,3,2,0.75,2,6,0
5220-RISCY-FPU-a-3-c2-u0.7-m1-p7-f0,5220,RISCY-FPU-a,3,2,0.7,1,7,0
5464-RISCY-FPU-a-3-c5-u0.7-m3-p6-f0,5464,RISCY-FPU-a,3,5,0.7,3,6,0
5501-RISCY-FPU-a-3-c5-u0.75-m4-p4-f0,5501,RISCY-FPU-a,3,5,0.75,4,4,0
5361-RISCY-FPU-a-3-c2-u0.75-m2-p5-f1,5361,RISCY-FPU-a,3,2,0.75,2,5,1
5375-RISCY-FPU-a-3-c2-u0.8-m1-p3-f1,5375,RISCY-FPU-a,3,2,0.8,1,3,1
5723-RISCY-FPU-a-3-c20-u0.8-m2-p2-f0,5723,RISCY-FPU-a,3,20,0.8,2,2,0
5729-RISCY-FPU-a-3-c20-u0.8-m3-p1-f0,5729,RISCY-FPU-a,3,20,0.8,3,1,0
5283-RISCY-FPU-a-3-c2-u0.8-m1-p7-f0,5283,RISCY-FPU-a,3,2,0.8,1,7,0
5596-RISCY-FPU-a-3-c5-u0.75-m3-p4-f1,5596,RISCY-FPU-a,3,5,0.75,3,4,1
5396-RISCY-FPU-a-3-c2-u0.8-m3-p8-f1,5396,RISCY-FPU-a,3,2,0.8,3,8,1
5625-RISCY-FPU-a-3-c5-u0.85-m1-p2-f1,5625,RISCY-FPU-a,3,5,0.85,1,2,1
5440-RISCY-FPU-a-3-c2-u0.9-m3-p4-f1,5440,RISCY-FPU-a,3,2,0.9,3,4,1
5406-RISCY-FPU-a-3-c2-u0.85-m2-p2-f1,5406,RISCY-FPU-a,3,2,0.85,2,2,1
5807-RISCY-FPU-a-3-c20-u0.8-m3-p1-f1,5807,RISCY-FPU-a,3,20,0.8,3,1,1
5705-RISCY-FPU-a-3-c20-u0.75-m2-p7-f0,5705,RISCY-FPU-a,3,20,0.75,2,7,0
5830-RISCY-FPU-a-3-c20-u0.85-m3-p1-f1,5830,RISCY-FPU-a,3,20,0.85,3,1,1
5757-RISCY-FPU-a-3-c20-u0.7-m2-p7-f1,5757,RISCY-FPU-a,3,20,0.7,2,7,1
5688-RISCY-FPU-a-3-c20-u0.7-m3-p6-f0,5688,RISCY-FPU-a,3,20,0.7,3,6,0
5552-RISCY-FPU-a-3-c5-u0.85-m4-p8-f0,5552,RISCY-FPU-a,3,5,0.85,4,8,0
5588-RISCY-FPU-a-3-c5-u0.75-m2-p4-f1,5588,RISCY-FPU-a,3,5,0.75,2,4,1
5292-RISCY-FPU-a-3-c2-u0.8-m2-p8-f0,5292,RISCY-FPU-a,3,2,0.8,2,8,0
5481-RISCY-FPU-a-3-c5-u0.75-m1-p7-f0,5481,RISCY-FPU-a,3,5,0.75,1,7,0
5641-RISCY-FPU-a-3-c5-u0.85-m3-p3-f1,5641,RISCY-FPU-a,3,5,0.85,3,3,1
5281-RISCY-FPU-a-3-c2-u0.8-m1-p5-f0,5281,RISCY-FPU-a,3,2,0.8,1,5,0
5662-RISCY-FPU-a-3-c5-u0.9-m3-p1-f1,5662,RISCY-FPU-a,3,5,0.9,3,1,1
5525-RISCY-FPU-a-3-c5-u0.8-m3-p5-f0,5525,RISCY-FPU-a,3,5,0.8,3,5,0
5779-RISCY-FPU-a-3-c20-u0.75-m2-p5-f1,5779,RISCY-FPU-a,3,20,0.75,2,5,1
5604-RISCY-FPU-a-3-c5-u0.8-m1-p4-f1,5604,RISCY-FPU-a,3,5,0.8,1,4,1
5561-RISCY-FPU-a-3-c5-u0.7-m2-p1-f1,5561,RISCY-FPU-a,3,5,0.7,2,1,1
5321-RISCY-FPU-a-3-c2-u0.85-m4-p5-f0,5321,RISCY-FPU-a,3,2,0.85,4,5,0
5515-RISCY-FPU-a-3-c5-u0.8-m2-p2-f0,5515,RISCY-FPU-a,3,5,0.8,2,2,0
5562-RISCY-FPU-a-3-c5-u0.7-m2-p2-f1,5562,RISCY-FPU-a,3,5,0.7,2,2,1
5634-RISCY-FPU-a-3-c5-u0.85-m2-p4-f1,5634,RISCY-FPU-a,3,5,0.85,2,4,1
5695-RISCY-FPU-a-3-c20-u0.75-m1-p5-f0,5695,RISCY-FPU-a,3,20,0.75,1,5,0
5680-RISCY-FPU-a-3-c20-u0.7-m2-p4-f0,5680,RISCY-FPU-a,3,20,0.7,2,4,0
5848-RISCY-FPU-a-3-c20-u0.9-m3-p7-f1,5848,RISCY-FPU-a,3,20,0.9,3,7,1
5535-RISCY-FPU-a-3-c5-u0.8-m4-p7-f0,5535,RISCY-FPU-a,3,5,0.8,4,7,0
5743-RISCY-FPU-a-3-c20-u0.7-m1-p1-f1,5743,RISCY-FPU-a,3,20,0.7,1,1,1
5447-RISCY-FPU-a-3-c5-u0.7-m1-p3-f0,5447,RISCY-FPU-a,3,5,0.7,1,3,0
5449-RISCY-FPU-a-3-c5-u0.7-m1-p5-f0,5449,RISCY-FPU-a,3,5,0.7,1,5,0
5325-RISCY-FPU-a-3-c2-u0.7-m1-p1-f1,5325,RISCY-FPU-a,3,2,0.7,1,1,1
5793-RISCY-FPU-a-3-c20-u0.8-m1-p3-f1,5793,RISCY-FPU-a,3,20,0.8,1,3,1
5745-RISCY-FPU-a-3-c20-u0.7-m1-p3-f1,5745,RISCY-FPU-a,3,20,0.7,1,3,1
5329-RISCY-FPU-a-3-c2-u0.7-m1-p5-f1,5329,RISCY-FPU-a,3,2,0.7,1,5,1
5709-RISCY-FPU-a-3-c20-u0.75-m3-p3-f0,5709,RISCY-FPU-a,3,20,0.75,3,3,0
5734-RISCY-FPU-a-3-c20-u0.8-m3-p8-f0,5734,RISCY-FPU-a,3,20,0.8,3,8,0
5668-RISCY-FPU-a-3-c5-u0.9-m3-p7-f1,5668,RISCY-FPU-a,3,5,0.9,3,7,1
5274-RISCY-FPU-a-3-c2-u0.75-m4-p6-f0,5274,RISCY-FPU-a,3,2,0.75,4,6,0
5578-RISCY-FPU-a-3-c5-u0.75-m1-p2-f1,5578,RISCY-FPU-a,3,5,0.75,1,2,1
5648-RISCY-FPU-a-3-c5-u0.9-m1-p2-f1,5648,RISCY-FPU-a,3,5,0.9,1,2,1
5259-RISCY-FPU-a-3-c2-u0.75-m2-p7-f0,5259,RISCY-FPU-a,3,2,0.75,2,7,0
5409-RISCY-FPU-a-3-c2-u0.85-m2-p5-f1,5409,RISCY-FPU-a,3,2,0.85,2,5,1
5465-RISCY-FPU-a-3-c5-u0.7-m3-p7-f0,5465,RISCY-FPU-a,3,5,0.7,3,7,0
5519-RISCY-FPU-a-3-c5-u0.8-m2-p6-f0,5519,RISCY-FPU-a,3,5,0.8,2,6,0
5554-RISCY-FPU-a-3-c5-u0.7-m1-p2-f1,5554,RISCY-FPU-a,3,5,0.7,1,2,1
5399-RISCY-FPU-a-3-c2-u0.85-m1-p3-f1,5399,RISCY-FPU-a,3,2,0.85,1,3,1
5553-RISCY-FPU-a-3-c5-u0.7-m1-p1-f1,5553,RISCY-FPU-a,3,5,0.7,1,1,1
5589-RISCY-FPU-a-3-c5-u0.75-m2-p5-f1,5589,RISCY-FPU-a,3,5,0.75,2,5,1
5434-RISCY-FPU-a-3-c2-u0.9-m2-p6-f1,5434,RISCY-FPU-a,3,2,0.9,2,6,1
5446-RISCY-FPU-a-3-c5-u0.7-m1-p2-f0,5446,RISCY-FPU-a,3,5,0.7,1,2,0
5364-RISCY-FPU-a-3-c2-u0.75-m2-p8-f1,5364,RISCY-FPU-a,3,2,0.75,2,8,1
5514-RISCY-FPU-a-3-c5-u0.8-m2-p1-f0,5514,RISCY-FPU-a,3,5,0.8,2,1,0
5774-RISCY-FPU-a-3-c20-u0.75-m1-p8-f1,5774,RISCY-FPU-a,3,20,0.75,1,8,1
5717-RISCY-FPU-a-3-c20-u0.8-m1-p3-f0,5717,RISCY-FPU-a,3,20,0.8,1,3,0
5672-RISCY-FPU-a-3-c20-u0.7-m1-p3-f0,5672,RISCY-FPU-a,3,20,0.7,1,3,0
5707-RISCY-FPU-a-3-c20-u0.75-m3-p1-f0,5707,RISCY-FPU-a,3,20,0.75,3,1,0
5548-RISCY-FPU-a-3-c5-u0.85-m4-p4-f0,5548,RISCY-FPU-a,3,5,0.85,4,4,0
5568-RISCY-FPU-a-3-c5-u0.7-m2-p8-f1,5568,RISCY-FPU-a,3,5,0.7,2,8,1
5500-RISCY-FPU-a-3-c5-u0.75-m4-p3-f0,5500,RISCY-FPU-a,3,5,0.75,4,3,0
5297-RISCY-FPU-a-3-c2-u0.8-m3-p5-f0,5297,RISCY-FPU-a,3,2,0.8,3,5,0
5820-RISCY-FPU-a-3-c20-u0.85-m1-p7-f1,5820,RISCY-FPU-a,3,20,0.85,1,7,1
5663-RISCY-FPU-a-3-c5-u0.9-m3-p2-f1,5663,RISCY-FPU-a,3,5,0.9,3,2,1
5769-RISCY-FPU-a-3-c20-u0.75-m1-p3-f1,5769,RISCY-FPU-a,3,20,0.75,1,3,1
5421-RISCY-FPU-a-3-c2-u0.9-m1-p1-f1,5421,RISCY-FPU-a,3,2,0.9,1,1,1
5518-RISCY-FPU-a-3-c5-u0.8-m2-p5-f0,5518,RISCY-FPU-a,3,5,0.8,2,5,0
5484-RISCY-FPU-a-3-c5-u0.75-m2-p2-f0,5484,RISCY-FPU-a,3,5,0.75,2,2,0
5473-RISCY-FPU-a-3-c5-u0.7-m4-p7-f0,5473,RISCY-FPU-a,3,5,0.7,4,7,0
5472-RISCY-FPU-a-3-c5-u0.7-m4-p6-f0,5472,RISCY-FPU-a,3,5,0.7,4,6,0
5262-RISCY-FPU-a-3-c2-u0.75-m3-p2-f0,5262,RISCY-FPU-a,3,2,0.75,3,2,0
5286-RISCY-FPU-a-3-c2-u0.8-m2-p2-f0,5286,RISCY-FPU-a,3,2,0.8,2,2,0
5344-RISCY-FPU-a-3-c2-u0.7-m3-p4-f1,5344,RISCY-FPU-a,3,2,0.7,3,4,1
5613-RISCY-FPU-a-3-c5-u0.8-m2-p5-f1,5613,RISCY-FPU-a,3,5,0.8,2,5,1
5335-RISCY-FPU-a-3-c2-u0.7-m2-p3-f1,5335,RISCY-FPU-a,3,2,0.7,2,3,1
5241-RISCY-FPU-a-3-c2-u0.7-m4-p5-f0,5241,RISCY-FPU-a,3,2,0.7,4,5,0
5574-RISCY-FPU-a-3-c5-u0.7-m3-p6-f1,5574,RISCY-FPU-a,3,5,0.7,3,6,1
5735-RISCY-FPU-a-3-c20-u0.85-m1-p1-f0,5735,RISCY-FPU-a,3,20,0.85,1,1,0
5404-RISCY-FPU-a-3-c2-u0.85-m1-p8-f1,5404,RISCY-FPU-a,3,2,0.85,1,8,1
5242-RISCY-FPU-a-3-c2-u0.7-m4-p6-f0,5242,RISCY-FPU-a,3,2,0.7,4,6,0
5842-RISCY-FPU-a-3-c20-u0.9-m2-p1-f1,5842,RISCY-FPU-a,3,20,0.9,2,1,1
5521-RISCY-FPU-a-3-c5-u0.8-m2-p8-f0,5521,RISCY-FPU-a,3,5,0.8,2,8,0
5253-RISCY-FPU-a-3-c2-u0.75-m2-p1-f0,5253,RISCY-FPU-a,3,2,0.75,2,1,0
5310-RISCY-FPU-a-3-c2-u0.85-m1-p2-f0,5310,RISCY-FPU-a,3,2,0.85,1,2,0
5222-RISCY-FPU-a-3-c2-u0.7-m2-p1-f0,5222,RISCY-FPU-a,3,2,0.7,2,1,0
5308-RISCY-FPU-a-3-c2-u0.8-m4-p8-f0,5308,RISCY-FPU-a,3,2,0.8,4,8,0
5398-RISCY-FPU-a-3-c2-u0.85-m1-p2-f1,5398,RISCY-FPU-a,3,2,0.85,1,2,1
5597-RISCY-FPU-a-3-c5-u0.75-m3-p5-f1,5597,RISCY-FPU-a,3,5,0.75,3,5,1
5379-RISCY-FPU-a-3-c2-u0.8-m1-p7-f1,5379,RISCY-FPU-a,3,2,0.8,1,7,1
5412-RISCY-FPU-a-3-c2-u0.85-m2-p8-f1,5412,RISCY-FPU-a,3,2,0.85,2,8,1
5621-RISCY-FPU-a-3-c5-u0.8-m3-p6-f1,5621,RISCY-FPU-a,3,5,0.8,3,6,1
5646-RISCY-FPU-a-3-c5-u0.85-m3-p8-f1,5646,RISCY-FPU-a,3,5,0.85,3,8,1
5538-RISCY-FPU-a-3-c5-u0.85-m1-p2-f0,5538,RISCY-FPU-a,3,5,0.85,1,2,0
5722-RISCY-FPU-a-3-c20-u0.8-m1-p8-f0,5722,RISCY-FPU-a,3,20,0.8,1,8,0
5498-RISCY-FPU-a-3-c5-u0.75-m4-p1-f0,5498,RISCY-FPU-a,3,5,0.75,4,1,0
5833-RISCY-FPU-a-3-c20-u0.85-m3-p4-f1,5833,RISCY-FPU-a,3,20,0.85,3,4,1
5822-RISCY-FPU-a-3-c20-u0.85-m2-p1-f1,5822,RISCY-FPU-a,3,20,0.85,2,1,1
5456-RISCY-FPU-a-3-c5-u0.7-m2-p5-f0,5456,RISCY-FPU-a,3,5,0.7,2,5,0
5752-RISCY-FPU-a-3-c20-u0.7-m2-p2-f1,5752,RISCY-FPU-a,3,20,0.7,2,2,1
5636-RISCY-FPU-a-3-c5-u0.85-m2-p6-f1,5636,RISCY-FPU-a,3,5,0.85,2,6,1
5664-RISCY-FPU-a-3-c5-u0.9-m3-p3-f1,5664,RISCY-FPU-a,3,5,0.9,3,3,1
5799-RISCY-FPU-a-3-c20-u0.8-m2-p1-f1,5799,RISCY-FPU-a,3,20,0.8,2,1,1
5586-RISCY-FPU-a-3-c5-u0.75-m2-p2-f1,5586,RISCY-FPU-a,3,5,0.75,2,2,1
5559-RISCY-FPU-a-3-c5-u0.7-m1-p7-f1,5559,RISCY-FPU-a,3,5,0.7,1,7,1
5474-RISCY-FPU-a-3-c5-u0.7-m4-p8-f0,5474,RISCY-FPU-a,3,5,0.7,4,8,0
5818-RISCY-FPU-a-3-c20-u0.85-m1-p5-f1,5818,RISCY-FPU-a,3,20,0.85,1,5,1
5770-RISCY-FPU-a-3-c20-u0.75-m1-p4-f1,5770,RISCY-FPU-a,3,20,0.75,1,4,1
5557-RISCY-FPU-a-3-c5-u0.7-m1-p5-f1,5557,RISCY-FPU-a,3,5,0.7,1,5,1
5575-RISCY-FPU-a-3-c5-u0.7-m3-p7-f1,5575,RISCY-FPU-a,3,5,0.7,3,7,1
5251-RISCY-FPU-a-3-c2-u0.75-m1-p7-f0,5251,RISCY-FPU-a,3,2,0.75,1,7,0
5767-RISCY-FPU-a-3-c20-u0.75-m1-p1-f1,5767,RISCY-FPU-a,3,20,0.75,1,1,1
5219-RISCY-FPU-a-3-c2-u0.7-m1-p6-f0,5219,RISCY-FPU-a,3,2,0.7,1,6,0
5394-RISCY-FPU-a-3-c2-u0.8-m3-p6-f1,5394,RISCY-FPU-a,3,2,0.8,3,6,1
5681-RISCY-FPU-a-3-c20-u0.7-m2-p5-f0,5681,RISCY-FPU-a,3,20,0.7,2,5,0
5235-RISCY-FPU-a-3-c2-u0.7-m3-p7-f0,5235,RISCY-FPU-a,3,2,0.7,3,7,0
5560-RISCY-FPU-a-3-c5-u0.7-m1-p8-f1,5560,RISCY-FPU-a,3,5,0.7,1,8,1
5633-RISCY-FPU-a-3-c5-u0.85-m2-p3-f1,5633,RISCY-FPU-a,3,5,0.85,2,3,1
5789-RISCY-FPU-a-3-c20-u0.75-m3-p7-f1,5789,RISCY-FPU-a,3,20,0.75,3,7,1
5837-RISCY-FPU-a-3-c20-u0.85-m3-p8-f1,5837,RISCY-FPU-a,3,20,0.85,3,8,1
5488-RISCY-FPU-a-3-c5-u0.75-m2-p6-f0,5488,RISCY-FPU-a,3,5,0.75,2,6,0
5444-RISCY-FPU-a-3-c2-u0.9-m3-p8-f1,5444,RISCY-FPU-a,3,2,0.9,3,8,1
5451-RISCY-FPU-a-3-c5-u0.7-m1-p8-f0,5451,RISCY-FPU-a,3,5,0.7,1,8,0
5720-RISCY-FPU-a-3-c20-u0.8-m1-p6-f0,5720,RISCY-FPU-a,3,20,0.8,1,6,0
5215-RISCY-FPU-a-3-c2-u0.7-m1-p2-f0,5215,RISCY-FPU-a,3,2,0.7,1,2,0
5221-RISCY-FPU-a-3-c2-u0.7-m1-p8-f0,5221,RISCY-FPU-a,3,2,0.7,1,8,0
5701-RISCY-FPU-a-3-c20-u0.75-m2-p3-f0,5701,RISCY-FPU-a,3,20,0.75,2,3,0
5683-RISCY-FPU-a-3-c20-u0.7-m2-p8-f0,5683,RISCY-FPU-a,3,20,0.7,2,8,0
5529-RISCY-FPU-a-3-c5-u0.8-m4-p1-f0,5529,RISCY-FPU-a,3,5,0.8,4,1,0
5746-RISCY-FPU-a-3-c20-u0.7-m1-p4-f1,5746,RISCY-FPU-a,3,20,0.7,1,4,1
5402-RISCY-FPU-a-3-c2-u0.85-m1-p6-f1,5402,RISCY-FPU-a,3,2,0.85,1,6,1
5580-RISCY-FPU-a-3-c5-u0.75-m1-p4-f1,5580,RISCY-FPU-a,3,5,0.75,1,4,1
5420-RISCY-FPU-a-3-c2-u0.85-m3-p8-f1,5420,RISCY-FPU-a,3,2,0.85,3,8,1
5620-RISCY-FPU-a-3-c5-u0.8-m3-p5-f1,5620,RISCY-FPU-a,3,5,0.8,3,5,1
5493-RISCY-FPU-a-3-c5-u0.75-m3-p4-f0,5493,RISCY-FPU-a,3,5,0.75,3,4,0
5224-RISCY-FPU-a-3-c2-u0.7-m2-p3-f0,5224,RISCY-FPU-a,3,2,0.7,2,3,0
5476-RISCY-FPU-a-3-c5-u0.75-m1-p2-f0,5476,RISCY-FPU-a,3,5,0.75,1,2,0
5431-RISCY-FPU-a-3-c2-u0.9-m2-p3-f1,5431,RISCY-FPU-a,3,2,0.9,2,3,1
5803-RISCY-FPU-a-3-c20-u0.8-m2-p5-f1,5803,RISCY-FPU-a,3,20,0.8,2,5,1
5233-RISCY-FPU-a-3-c2-u0.7-m3-p5-f0,5233,RISCY-FPU-a,3,2,0.7,3,5,0
5742-RISCY-FPU-a-3-c20-u0.85-m1-p8-f0,5742,RISCY-FPU-a,3,20,0.85,1,8,0
5737-RISCY-FPU-a-3-c20-u0.85-m1-p3-f0,5737,RISCY-FPU-a,3,20,0.85,1,3,0
5314-RISCY-FPU-a-3-c2-u0.85-m1-p6-f0,5314,RISCY-FPU-a,3,2,0.85,1,6,0
5629-RISCY-FPU-a-3-c5-u0.85-m1-p6-f1,5629,RISCY-FPU-a,3,5,0.85,1,6,1
5611-RISCY-FPU-a-3-c5-u0.8-m2-p3-f1,5611,RISCY-FPU-a,3,5,0.8,2,3,1
5749-RISCY-FPU-a-3-c20-u0.7-m1-p7-f1,5749,RISCY-FPU-a,3,20,0.7,1,7,1
5792-RISCY-FPU-a-3-c20-u0.8-m1-p2-f1,5792,RISCY-FPU-a,3,20,0.8,1,2,1
5362-RISCY-FPU-a-3-c2-u0.75-m2-p6-f1,5362,RISCY-FPU-a,3,2,0.75,2,6,1
5460-RISCY-FPU-a-3-c5-u0.7-m3-p2-f0,5460,RISCY-FPU-a,3,5,0.7,3,2,0
5347-RISCY-FPU-a-3-c2-u0.7-m3-p7-f1,5347,RISCY-FPU-a,3,2,0.7,3,7,1
5332-RISCY-FPU-a-3-c2-u0.7-m1-p8-f1,5332,RISCY-FPU-a,3,2,0.7,1,8,1
5558-RISCY-FPU-a-3-c5-u0.7-m1-p6-f1,5558,RISCY-FPU-a,3,5,0.7,1,6,1
5539-RISCY-FPU-a-3-c5-u0.85-m1-p3-f0,5539,RISCY-FPU-a,3,5,0.85,1,3,0
5385-RISCY-FPU-a-3-c2-u0.8-m2-p5-f1,5385,RISCY-FPU-a,3,2,0.8,2,5,1
5543-RISCY-FPU-a-3-c5-u0.85-m1-p7-f0,5543,RISCY-FPU-a,3,5,0.85,1,7,0
5369-RISCY-FPU-a-3-c2-u0.75-m3-p5-f1,5369,RISCY-FPU-a,3,2,0.75,3,5,1
5265-RISCY-FPU-a-3-c2-u0.75-m3-p5-f0,5265,RISCY-FPU-a,3,2,0.75,3,5,0
5747-RISCY-FPU-a-3-c20-u0.7-m1-p5-f1,5747,RISCY-FPU-a,3,20,0.7,1,5,1
5831-RISCY-FPU-a-3-c20-u0.85-m3-p2-f1,5831,RISCY-FPU-a,3,20,0.85,3,2,1
5677-RISCY-FPU-a-3-c20-u0.7-m1-p8-f0,5677,RISCY-FPU-a,3,20,0.7,1,8,0
5732-RISCY-FPU-a-3-c20-u0.8-m3-p6-f0,5732,RISCY-FPU-a,3,20,0.8,3,6,0
5348-RISCY-FPU-a-3-c2-u0.7-m3-p8-f1,5348,RISCY-FPU-a,3,2,0.7,3,8,1
5534-RISCY-FPU-a-3-c5-u0.8-m4-p6-f0,5534,RISCY-FPU-a,3,5,0.8,4,6,0
5619-RISCY-FPU-a-3-c5-u0.8-m3-p3-f1,5619,RISCY-FPU-a,3,5,0.8,3,3,1
5407-RISCY-FPU-a-3-c2-u0.85-m2-p3-f1,5407,RISCY-FPU-a,3,2,0.85,2,3,1
5819-RISCY-FPU-a-3-c20-u0.85-m1-p6-f1,5819,RISCY-FPU-a,3,20,0.85,1,6,1
5847-RISCY-FPU-a-3-c20-u0.9-m3-p3-f1,5847,RISCY-FPU-a,3,20,0.9,3,3,1
5805-RISCY-FPU-a-3-c20-u0.8-m2-p7-f1,5805,RISCY-FPU-a,3,20,0.8,2,7,1
5665-RISCY-FPU-a-3-c5-u0.9-m3-p4-f1,5665,RISCY-FPU-a,3,5,0.9,3,4,1
5340-RISCY-FPU-a-3-c2-u0.7-m2-p8-f1,5340,RISCY-FPU-a,3,2,0.7,2,8,1
5316-RISCY-FPU-a-3-c2-u0.85-m1-p8-f0,5316,RISCY-FPU-a,3,2,0.85,1,8,0
5739-RISCY-FPU-a-3-c20-u0.85-m1-p5-f0,5739,RISCY-FPU-a,3,20,0.85,1,5,0
5545-RISCY-FPU-a-3-c5-u0.85-m4-p1-f0,5545,RISCY-FPU-a,3,5,0.85,4,1,0
5437-RISCY-FPU-a-3-c2-u0.9-m3-p1-f1,5437,RISCY-FPU-a,3,2,0.9,3,1,1
5673-RISCY-FPU-a-3-c20-u0.7-m1-p4-f0,5673,RISCY-FPU-a,3,20,0.7,1,4,0
5432-RISCY-FPU-a-3-c2-u0.9-m2-p4-f1,5432,RISCY-FPU-a,3,2,0.9,2,4,1
5697-RISCY-FPU-a-3-c20-u0.75-m1-p7-f0,5697,RISCY-FPU-a,3,20,0.75,1,7,0
5227-RISCY-FPU-a-3-c2-u0.7-m2-p7-f0,5227,RISCY-FPU-a,3,2,0.7,2,7,0
5756-RISCY-FPU-a-3-c20-u0.7-m2-p6-f1,5756,RISCY-FPU-a,3,20,0.7,2,6,1
5577-RISCY-FPU-a-3-c5-u0.75-m1-p1-f1,5577,RISCY-FPU-a,3,5,0.75,1,1,1
5773-RISCY-FPU-a-3-c20-u0.75-m1-p7-f1,5773,RISCY-FPU-a,3,20,0.75,1,7,1
5565-RISCY-FPU-a-3-c5-u0.7-m2-p5-f1,5565,RISCY-FPU-a,3,5,0.7,2,5,1
5815-RISCY-FPU-a-3-c20-u0.85-m1-p1-f1,5815,RISCY-FPU-a,3,20,0.85,1,1,1
5700-RISCY-FPU-a-3-c20-u0.75-m2-p2-f0,5700,RISCY-FPU-a,3,20,0.75,2,2,0
5675-RISCY-FPU-a-3-c20-u0.7-m1-p6-f0,5675,RISCY-FPU-a,3,20,0.7,1,6,0
5376-RISCY-FPU-a-3-c2-u0.8-m1-p4-f1,5376,RISCY-FPU-a,3,2,0.8,1,4,1
5234-RISCY-FPU-a-3-c2-u0.7-m3-p6-f0,5234,RISCY-FPU-a,3,2,0.7,3,6,0
5452-RISCY-FPU-a-3-c5-u0.7-m2-p1-f0,5452,RISCY-FPU-a,3,5,0.7,2,1,0
5573-RISCY-FPU-a-3-c5-u0.7-m3-p5-f1,5573,RISCY-FPU-a,3,5,0.7,3,5,1
5273-RISCY-FPU-a-3-c2-u0.75-m4-p5-f0,5273,RISCY-FPU-a,3,2,0.75,4,5,0
5271-RISCY-FPU-a-3-c2-u0.75-m4-p3-f0,5271,RISCY-FPU-a,3,2,0.75,4,3,0
5711-RISCY-FPU-a-3-c20-u0.75-m3-p5-f0,5711,RISCY-FPU-a,3,20,0.75,3,5,0
5546-RISCY-FPU-a-3-c5-u0.85-m4-p2-f0,5546,RISCY-FPU-a,3,5,0.85,4,2,0
5355-RISCY-FPU-a-3-c2-u0.75-m1-p7-f1,5355,RISCY-FPU-a,3,2,0.75,1,7,1
5526-RISCY-FPU-a-3-c5-u0.8-m3-p6-f0,5526,RISCY-FPU-a,3,5,0.8,3,6,0
5532-RISCY-FPU-a-3-c5-u0.8-m4-p4-f0,5532,RISCY-FPU-a,3,5,0.8,4,4,0
5727-RISCY-FPU-a-3-c20-u0.8-m2-p7-f0,5727,RISCY-FPU-a,3,20,0.8,2,7,0
5721-RISCY-FPU-a-3-c20-u0.8-m1-p7-f0,5721,RISCY-FPU-a,3,20,0.8,1,7,0
5495-RISCY-FPU-a-3-c5-u0.75-m3-p6-f0,5495,RISCY-FPU-a,3,5,0.75,3,6,0
5424-RISCY-FPU-a-3-c2-u0.9-m1-p4-f1,5424,RISCY-FPU-a,3,2,0.9,1,4,1
5694-RISCY-FPU-a-3-c20-u0.75-m1-p4-f0,5694,RISCY-FPU-a,3,20,0.75,1,4,0
5591-RISCY-FPU-a-3-c5-u0.75-m2-p7-f1,5591,RISCY-FPU-a,3,5,0.75,2,7,1
5368-RISCY-FPU-a-3-c2-u0.75-m3-p4-f1,5368,RISCY-FPU-a,3,2,0.75,3,4,1
5497-RISCY-FPU-a-3-c5-u0.75-m3-p8-f0,5497,RISCY-FPU-a,3,5,0.75,3,8,0
5509-RISCY-FPU-a-3-c5-u0.8-m1-p4-f0,5509,RISCY-FPU-a,3,5,0.8,1,4,0
5228-RISCY-FPU-a-3-c2-u0.7-m2-p8-f0,5228,RISCY-FPU-a,3,2,0.7,2,8,0
5299-RISCY-FPU-a-3-c2-u0.8-m3-p7-f0,5299,RISCY-FPU-a,3,2,0.8,3,7,0
5569-RISCY-FPU-a-3-c5-u0.7-m3-p1-f1,5569,RISCY-FPU-a,3,5,0.7,3,1,1
5359-RISCY-FPU-a-3-c2-u0.75-m2-p3-f1,5359,RISCY-FPU-a,3,2,0.75,2,3,1
5585-RISCY-FPU-a-3-c5-u0.75-m2-p1-f1,5585,RISCY-FPU-a,3,5,0.75,2,1,1
5696-RISCY-FPU-a-3-c20-u0.75-m1-p6-f0,5696,RISCY-FPU-a,3,20,0.75,1,6,0
5754-RISCY-FPU-a-3-c20-u0.7-m2-p4-f1,5754,RISCY-FPU-a,3,20,0.7,2,4,1
5381-RISCY-FPU-a-3-c2-u0.8-m2-p1-f1,5381,RISCY-FPU-a,3,2,0.8,2,1,1
5523-RISCY-FPU-a-3-c5-u0.8-m3-p3-f0,5523,RISCY-FPU-a,3,5,0.8,3,3,0
5811-RISCY-FPU-a-3-c20-u0.8-m3-p5-f1,5811,RISCY-FPU-a,3,20,0.8,3,5,1
5583-RISCY-FPU-a-3-c5-u0.75-m1-p7-f1,5583,RISCY-FPU-a,3,5,0.75,1,7,1
5655-RISCY-FPU-a-3-c5-u0.9-m2-p1-f1,5655,RISCY-FPU-a,3,5,0.9,2,1,1
5755-RISCY-FPU-a-3-c20-u0.7-m2-p5-f1,5755,RISCY-FPU-a,3,20,0.7,2,5,1
5698-RISCY-FPU-a-3-c20-u0.75-m1-p8-f0,5698,RISCY-FPU-a,3,20,0.75,1,8,0
5838-RISCY-FPU-a-3-c20-u0.9-m1-p1-f1,5838,RISCY-FPU-a,3,20,0.9,1,1,1
5462-RISCY-FPU-a-3-c5-u0.7-m3-p4-f0,5462,RISCY-FPU-a,3,5,0.7,3,4,0
5786-RISCY-FPU-a-3-c20-u0.75-m3-p4-f1,5786,RISCY-FPU-a,3,20,0.75,3,4,1
5230-RISCY-FPU-a-3-c2-u0.7-m3-p2-f0,5230,RISCY-FPU-a,3,2,0.7,3,2,0
5733-RISCY-FPU-a-3-c20-u0.8-m3-p7-f0,5733,RISCY-FPU-a,3,20,0.8,3,7,0
5615-RISCY-FPU-a-3-c5-u0.8-m2-p7-f1,5615,RISCY-FPU-a,3,5,0.8,2,7,1
5483-RISCY-FPU-a-3-c5-u0.75-m2-p1-f0,5483,RISCY-FPU-a,3,5,0.75,2,1,0
5397-RISCY-FPU-a-3-c2-u0.85-m1-p1-f1,5397,RISCY-FPU-a,3,2,0.85,1,1,1
5419-RISCY-FPU-a-3-c2-u0.85-m3-p7-f1,5419,RISCY-FPU-a,3,2,0.85,3,7,1
5751-RISCY-FPU-a-3-c20-u0.7-m2-p1-f1,5751,RISCY-FPU-a,3,20,0.7,2,1,1
5295-RISCY-FPU-a-3-c2-u0.8-m3-p3-f0,5295,RISCY-FPU-a,3,2,0.8,3,3,0
5487-RISCY-FPU-a-3-c5-u0.75-m2-p5-f0,5487,RISCY-FPU-a,3,5,0.75,2,5,0
5690-RISCY-FPU-a-3-c20-u0.7-m3-p8-f0,5690,RISCY-FPU-a,3,20,0.7,3,8,0
5330-RISCY-FPU-a-3-c2-u0.7-m1-p6-f1,5330,RISCY-FPU-a,3,2,0.7,1,6,1
5643-RISCY-FPU-a-3-c5-u0.85-m3-p5-f1,5643,RISCY-FPU-a,3,5,0.85,3,5,1
5671-RISCY-FPU-a-3-c20-u0.7-m1-p2-f0,5671,RISCY-FPU-a,3,20,0.7,1,2,0
5239-RISCY-FPU-a-3-c2-u0.7-m4-p3-f0,5239,RISCY-FPU-a,3,2,0.7,4,3,0
5622-RISCY-FPU-a-3-c5-u0.8-m3-p7-f1,5622,RISCY-FPU-a,3,5,0.8,3,7,1
5609-RISCY-FPU-a-3-c5-u0.8-m2-p1-f1,5609,RISCY-FPU-a,3,5,0.8,2,1,1
5593-RISCY-FPU-a-3-c5-u0.75-m3-p1-f1,5593,RISCY-FPU-a,3,5,0.75,3,1,1
5423-RISCY-FPU-a-3-c2-u0.9-m1-p3-f1,5423,RISCY-FPU-a,3,2,0.9,1,3,1
5592-RISCY-FPU-a-3-c5-u0.75-m2-p8-f1,5592,RISCY-FPU-a,3,5,0.75,2,8,1
5670-RISCY-FPU-a-3-c20-u0.7-m1-p1-f0,5670,RISCY-FPU-a,3,20,0.7,1,1,0
5801-RISCY-FPU-a-3-c20-u0.8-m2-p3-f1,5801,RISCY-FPU-a,3,20,0.8,2,3,1
5714-RISCY-FPU-a-3-c20-u0.75-m3-p8-f0,5714,RISCY-FPU-a,3,20,0.75,3,8,0
5579-RISCY-FPU-a-3-c5-u0.75-m1-p3-f1,5579,RISCY-FPU-a,3,5,0.75,1,3,1
5814-RISCY-FPU-a-3-c20-u0.8-m3-p8-f1,5814,RISCY-FPU-a,3,20,0.8,3,8,1
5414-RISCY-FPU-a-3-c2-u0.85-m3-p2-f1,5414,RISCY-FPU-a,3,2,0.85,3,2,1
5333-RISCY-FPU-a-3-c2-u0.7-m2-p1-f1,5333,RISCY-FPU-a,3,2,0.7,2,1,1
5264-RISCY-FPU-a-3-c2-u0.75-m3-p4-f0,5264,RISCY-FPU-a,3,2,0.75,3,4,0
5350-RISCY-FPU-a-3-c2-u0.75-m1-p2-f1,5350,RISCY-FPU-a,3,2,0.75,1,2,1
5313-RISCY-FPU-a-3-c2-u0.85-m1-p5-f0,5313,RISCY-FPU-a,3,2,0.85,1,5,0
5783-RISCY-FPU-a-3-c20-u0.75-m3-p1-f1,5783,RISCY-FPU-a,3,20,0.75,3,1,1
5736-RISCY-FPU-a-3-c20-u0.85-m1-p2-f0,5736,RISCY-FPU-a,3,20,0.85,1,2,0
5603-RISCY-FPU-a-3-c5-u0.8-m1-p3-f1,5603,RISCY-FPU-a,3,5,0.8,1,3,1
5631-RISCY-FPU-a-3-c5-u0.85-m1-p8-f1,5631,RISCY-FPU-a,3,5,0.85,1,8,1
5781-RISCY-FPU-a-3-c20-u0.75-m2-p7-f1,5781,RISCY-FPU-a,3,20,0.75,2,7,1
5461-RISCY-FPU-a-3-c5-u0.7-m3-p3-f0,5461,RISCY-FPU-a,3,5,0.7,3,3,0
5463-RISCY-FPU-a-3-c5-u0.7-m3-p5-f0,5463,RISCY-FPU-a,3,5,0.7,3,5,0
5337-RISCY-FPU-a-3-c2-u0.7-m2-p5-f1,5337,RISCY-FPU-a,3,2,0.7,2,5,1
5623-RISCY-FPU-a-3-c5-u0.8-m3-p8-f1,5623,RISCY-FPU-a,3,5,0.8,3,8,1
5713-RISCY-FPU-a-3-c20-u0.75-m3-p7-f0,5713,RISCY-FPU-a,3,20,0.75,3,7,0
5510-RISCY-FPU-a-3-c5-u0.8-m1-p5-f0,5510,RISCY-FPU-a,3,5,0.8,1,5,0
5433-RISCY-FPU-a-3-c2-u0.9-m2-p5-f1,5433,RISCY-FPU-a,3,2,0.9,2,5,1
5478-RISCY-FPU-a-3-c5-u0.75-m1-p4-f0,5478,RISCY-FPU-a,3,5,0.75,1,4,0
5760-RISCY-FPU-a-3-c20-u0.7-m3-p2-f1,5760,RISCY-FPU-a,3,20,0.7,3,2,1
5324-RISCY-FPU-a-3-c2-u0.85-m4-p8-f0,5324,RISCY-FPU-a,3,2,0.85,4,8,0
5678-RISCY-FPU-a-3-c20-u0.7-m2-p2-f0,5678,RISCY-FPU-a,3,20,0.7,2,2,0
5226-RISCY-FPU-a-3-c2-u0.7-m2-p5-f0,5226,RISCY-FPU-a,3,2,0.7,2,5,0
5512-RISCY-FPU-a-3-c5-u0.8-m1-p7-f0,5512,RISCY-FPU-a,3,5,0.8,1,7,0
5810-RISCY-FPU-a-3-c20-u0.8-m3-p4-f1,5810,RISCY-FPU-a,3,20,0.8,3,4,1
5628-RISCY-FPU-a-3-c5-u0.85-m1-p5-f1,5628,RISCY-FPU-a,3,5,0.85,1,5,1
5430-RISCY-FPU-a-3-c2-u0.9-m2-p2-f1,5430,RISCY-FPU-a,3,2,0.9,2,2,1
5365-RISCY-FPU-a-3-c2-u0.75-m3-p1-f1,5365,RISCY-FPU-a,3,2,0.75,3,1,1
5236-RISCY-FPU-a-3-c2-u0.7-m3-p8-f0,5236,RISCY-FPU-a,3,2,0.7,3,8,0
5486-RISCY-FPU-a-3-c5-u0.75-m2-p4-f0,5486,RISCY-FPU-a,3,5,0.75,2,4,0
5637-RISCY-FPU-a-3-c5-u0.85-m2-p7-f1,5637,RISCY-FPU-a,3,5,0.85,2,7,1
5413-RISCY-FPU-a-3-c2-u0.85-m3-p1-f1,5413,RISCY-FPU-a,3,2,0.85,3,1,1
5702-RISCY-FPU-a-3-c20-u0.75-m2-p4-f0,5702,RISCY-FPU-a,3,20,0.75,2,4,0
5782-RISCY-FPU-a-3-c20-u0.75-m2-p8-f1,5782,RISCY-FPU-a,3,20,0.75,2,8,1
5741-RISCY-FPU-a-3-c20-u0.85-m1-p7-f0,5741,RISCY-FPU-a,3,20,0.85,1,7,0
5291-RISCY-FPU-a-3-c2-u0.8-m2-p7-f0,5291,RISCY-FPU-a,3,2,0.8,2,7,0
5808-RISCY-FPU-a-3-c20-u0.8-m3-p2-f1,5808,RISCY-FPU-a,3,20,0.8,3,2,1
5358-RISCY-FPU-a-3-c2-u0.75-m2-p2-f1,5358,RISCY-FPU-a,3,2,0.75,2,2,1
5508-RISCY-FPU-a-3-c5-u0.8-m1-p3-f0,5508,RISCY-FPU-a,3,5,0.8,1,3,0
5280-RISCY-FPU-a-3-c2-u0.8-m1-p4-f0,5280,RISCY-FPU-a,3,2,0.8,1,4,0
5791-RISCY-FPU-a-3-c20-u0.8-m1-p1-f1,5791,RISCY-FPU-a,3,20,0.8,1,1,1
5835-RISCY-FPU-a-3-c20-u0.85-m3-p6-f1,5835,RISCY-FPU-a,3,20,0.85,3,6,1
5821-RISCY-FPU-a-3-c20-u0.85-m1-p8-f1,5821,RISCY-FPU-a,3,20,0.85,1,8,1
5595-RISCY-FPU-a-3-c5-u0.75-m3-p3-f1,5595,RISCY-FPU-a,3,5,0.75,3,3,1
5776-RISCY-FPU-a-3-c20-u0.75-m2-p2-f1,5776,RISCY-FPU-a,3,20,0.75,2,2,1
5657-RISCY-FPU-a-3-c5-u0.9-m2-p3-f1,5657,RISCY-FPU-a,3,5,0.9,2,3,1
5824-RISCY-FPU-a-3-c20-u0.85-m2-p3-f1,5824,RISCY-FPU-a,3,20,0.85,2,3,1
5256-RISCY-FPU-a-3-c2-u0.75-m2-p4-f0,5256,RISCY-FPU-a,3,2,0.75,2,4,0
5391-RISCY-FPU-a-3-c2-u0.8-m3-p3-f1,5391,RISCY-FPU-a,3,2,0.8,3,3,1
5263-RISCY-FPU-a-3-c2-u0.75-m3-p3-f0,5263,RISCY-FPU-a,3,2,0.75,3,3,0
5669-RISCY-FPU-a-3-c5-u0.9-m3-p8-f1,5669,RISCY-FPU-a,3,5,0.9,3,8,1
5341-RISCY-FPU-a-3-c2-u0.7-m3-p1-f1,5341,RISCY-FPU-a,3,2,0.7,3,1,1
5764-RISCY-FPU-a-3-c20-u0.7-m3-p6-f1,5764,RISCY-FPU-a,3,20,0.7,3,6,1
5411-RISCY-FPU-a-3-c2-u0.85-m2-p7-f1,5411,RISCY-FPU-a,3,2,0.85,2,7,1
5482-RISCY-FPU-a-3-c5-u0.75-m1-p8-f0,5482,RISCY-FPU-a,3,5,0.75,1,8,0
5761-RISCY-FPU-a-3-c20-u0.7-m3-p3-f1,5761,RISCY-FPU-a,3,20,0.7,3,3,1
5802-RISCY-FPU-a-3-c20-u0.8-m2-p4-f1,5802,RISCY-FPU-a,3,20,0.8,2,4,1
5777-RISCY-FPU-a-3-c20-u0.75-m2-p3-f1,5777,RISCY-FPU-a,3,20,0.75,2,3,1
5706-RISCY-FPU-a-3-c20-u0.75-m2-p8-f0,5706,RISCY-FPU-a,3,20,0.75,2,8,0
5418-RISCY-FPU-a-3-c2-u0.85-m3-p6-f1,5418,RISCY-FPU-a,3,2,0.85,3,6,1
5650-RISCY-FPU-a-3-c5-u0.9-m1-p4-f1,5650,RISCY-FPU-a,3,5,0.9,1,4,1
5704-RISCY-FPU-a-3-c20-u0.75-m2-p6-f0,5704,RISCY-FPU-a,3,20,0.75,2,6,0
5685-RISCY-FPU-a-3-c20-u0.7-m3-p2-f0,5685,RISCY-FPU-a,3,20,0.7,3,2,0
5345-RISCY-FPU-a-3-c2-u0.7-m3-p5-f1,5345,RISCY-FPU-a,3,2,0.7,3,5,1
5296-RISCY-FPU-a-3-c2-u0.8-m3-p4-f0,5296,RISCY-FPU-a,3,2,0.8,3,4,0
5312-RISCY-FPU-a-3-c2-u0.85-m1-p4-f0,5312,RISCY-FPU-a,3,2,0.85,1,4,0
5309-RISCY-FPU-a-3-c2-u0.85-m1-p1-f0,5309,RISCY-FPU-a,3,2,0.85,1,1,0
5530-RISCY-FPU-a-3-c5-u0.8-m4-p2-f0,5530,RISCY-FPU-a,3,5,0.8,4,2,0
5639-RISCY-FPU-a-3-c5-u0.85-m3-p1-f1,5639,RISCY-FPU-a,3,5,0.85,3,1,1
5581-RISCY-FPU-a-3-c5-u0.75-m1-p5-f1,5581,RISCY-FPU-a,3,5,0.75,1,5,1
5305-RISCY-FPU-a-3-c2-u0.8-m4-p5-f0,5305,RISCY-FPU-a,3,2,0.8,4,5,0
5771-RISCY-FPU-a-3-c20-u0.75-m1-p5-f1,5771,RISCY-FPU-a,3,20,0.75,1,5,1
5287-RISCY-FPU-a-3-c2-u0.8-m2-p3-f0,5287,RISCY-FPU-a,3,2,0.8,2,3,0
5393-RISCY-FPU-a-3-c2-u0.8-m3-p5-f1,5393,RISCY-FPU-a,3,2,0.8,3,5,1
5566-RISCY-FPU-a-3-c5-u0.7-m2-p6-f1,5566,RISCY-FPU-a,3,5,0.7,2,6,1
5250-RISCY-FPU-a-3-c2-u0.75-m1-p6-f0,5250,RISCY-FPU-a,3,2,0.75,1,6,0
5252-RISCY-FPU-a-3-c2-u0.75-m1-p8-f0,5252,RISCY-FPU-a,3,2,0.75,1,8,0
5572-RISCY-FPU-a-3-c5-u0.7-m3-p4-f1,5572,RISCY-FPU-a,3,5,0.7,3,4,1
5570-RISCY-FPU-a-3-c5-u0.7-m3-p2-f1,5570,RISCY-FPU-a,3,5,0.7,3,2,1
5445-RISCY-FPU-a-3-c5-u0.7-m1-p1-f0,5445,RISCY-FPU-a,3,5,0.7,1,1,0
5496-RISCY-FPU-a-3-c5-u0.75-m3-p7-f0,5496,RISCY-FPU-a,3,5,0.75,3,7,0
5357-RISCY-FPU-a-3-c2-u0.75-m2-p1-f1,5357,RISCY-FPU-a,3,2,0.75,2,1,1
5315-RISCY-FPU-a-3-c2-u0.85-m1-p7-f0,5315,RISCY-FPU-a,3,2,0.85,1,7,0
5415-RISCY-FPU-a-3-c2-u0.85-m3-p3-f1,5415,RISCY-FPU-a,3,2,0.85,3,3,1
5522-RISCY-FPU-a-3-c5-u0.8-m3-p2-f0,5522,RISCY-FPU-a,3,5,0.8,3,2,0
5840-RISCY-FPU-a-3-c20-u0.9-m1-p4-f1,5840,RISCY-FPU-a,3,20,0.9,1,4,1
5293-RISCY-FPU-a-3-c2-u0.8-m3-p1-f0,5293,RISCY-FPU-a,3,2,0.8,3,1,0
5649-RISCY-FPU-a-3-c5-u0.9-m1-p3-f1,5649,RISCY-FPU-a,3,5,0.9,1,3,1
5410-RISCY-FPU-a-3-c2-u0.85-m2-p6-f1,5410,RISCY-FPU-a,3,2,0.85,2,6,1
5832-RISCY-FPU-a-3-c20-u0.85-m3-p3-f1,5832,RISCY-FPU-a,3,20,0.85,3,3,1
5282-RISCY-FPU-a-3-c2-u0.8-m1-p6-f0,5282,RISCY-FPU-a,3,2,0.8,1,6,0
5469-RISCY-FPU-a-3-c5-u0.7-m4-p3-f0,5469,RISCY-FPU-a,3,5,0.7,4,3,0
5816-RISCY-FPU-a-3-c20-u0.85-m1-p2-f1,5816,RISCY-FPU-a,3,20,0.85,1,2,1
5676-RISCY-FPU-a-3-c20-u0.7-m1-p7-f0,5676,RISCY-FPU-a,3,20,0.7,1,7,0
5386-RISCY-FPU-a-3-c2-u0.8-m2-p6-f1,5386,RISCY-FPU-a,3,2,0.8,2,6,1
5353-RISCY-FPU-a-3-c2-u0.75-m1-p5-f1,5353,RISCY-FPU-a,3,2,0.75,1,5,1
5268-RISCY-FPU-a-3-c2-u0.75-m3-p8-f0,5268,RISCY-FPU-a,3,2,0.75,3,8,0
5304-RISCY-FPU-a-3-c2-u0.8-m4-p4-f0,5304,RISCY-FPU-a,3,2,0.8,4,4,0
5780-RISCY-FPU-a-3-c20-u0.75-m2-p6-f1,5780,RISCY-FPU-a,3,20,0.75,2,6,1
5513-RISCY-FPU-a-3-c5-u0.8-m1-p8-f0,5513,RISCY-FPU-a,3,5,0.8,1,8,0
5231-RISCY-FPU-a-3-c2-u0.7-m3-p3-f0,5231,RISCY-FPU-a,3,2,0.7,3,3,0
5556-RISCY-FPU-a-3-c5-u0.7-m1-p4-f1,5556,RISCY-FPU-a,3,5,0.7,1,4,1
5699-RISCY-FPU-a-3-c20-u0.75-m2-p1-f0,5699,RISCY-FPU-a,3,20,0.75,2,1,0
5658-RISCY-FPU-a-3-c5-u0.9-m2-p4-f1,5658,RISCY-FPU-a,3,5,0.9,2,4,1
5390-RISCY-FPU-a-3-c2-u0.8-m3-p2-f1,5390,RISCY-FPU-a,3,2,0.8,3,2,1
5516-RISCY-FPU-a-3-c5-u0.8-m2-p3-f0,5516,RISCY-FPU-a,3,5,0.8,2,3,0
5703-RISCY-FPU-a-3-c20-u0.75-m2-p5-f0,5703,RISCY-FPU-a,3,20,0.75,2,5,0
5834-RISCY-FPU-a-3-c20-u0.85-m3-p5-f1,5834,RISCY-FPU-a,3,20,0.85,3,5,1
5339-RISCY-FPU-a-3-c2-u0.7-m2-p7-f1,5339,RISCY-FPU-a,3,2,0.7,2,7,1
5674-RISCY-FPU-a-3-c20-u0.7-m1-p5-f0,5674,RISCY-FPU-a,3,20,0.7,1,5,0
5667-RISCY-FPU-a-3-c5-u0.9-m3-p6-f1,5667,RISCY-FPU-a,3,5,0.9,3,6,1
5630-RISCY-FPU-a-3-c5-u0.85-m1-p7-f1,5630,RISCY-FPU-a,3,5,0.85,1,7,1
5582-RISCY-FPU-a-3-c5-u0.75-m1-p6-f1,5582,RISCY-FPU-a,3,5,0.75,1,6,1
5450-RISCY-FPU-a-3-c5-u0.7-m1-p6-f0,5450,RISCY-FPU-a,3,5,0.7,1,6,0
5338-RISCY-FPU-a-3-c2-u0.7-m2-p6-f1,5338,RISCY-FPU-a,3,2,0.7,2,6,1
5278-RISCY-FPU-a-3-c2-u0.8-m1-p2-f0,5278,RISCY-FPU-a,3,2,0.8,1,2,0
5247-RISCY-FPU-a-3-c2-u0.75-m1-p3-f0,5247,RISCY-FPU-a,3,2,0.75,1,3,0
5454-RISCY-FPU-a-3-c5-u0.7-m2-p3-f0,5454,RISCY-FPU-a,3,5,0.7,2,3,0
5740-RISCY-FPU-a-3-c20-u0.85-m1-p6-f0,5740,RISCY-FPU-a,3,20,0.85,1,6,0
5684-RISCY-FPU-a-3-c20-u0.7-m3-p1-f0,5684,RISCY-FPU-a,3,20,0.7,3,1,0
5405-RISCY-FPU-a-3-c2-u0.85-m2-p1-f1,5405,RISCY-FPU-a,3,2,0.85,2,1,1
5441-RISCY-FPU-a-3-c2-u0.9-m3-p5-f1,5441,RISCY-FPU-a,3,2,0.9,3,5,1
5600-RISCY-FPU-a-3-c5-u0.75-m3-p8-f1,5600,RISCY-FPU-a,3,5,0.75,3,8,1
5638-RISCY-FPU-a-3-c5-u0.85-m2-p8-f1,5638,RISCY-FPU-a,3,5,0.85,2,8,1
5614-RISCY-FPU-a-3-c5-u0.8-m2-p6-f1,5614,RISCY-FPU-a,3,5,0.8,2,6,1
5841-RISCY-FPU-a-3-c20-u0.9-m1-p5-f1,5841,RISCY-FPU-a,3,20,0.9,1,5,1
5689-RISCY-FPU-a-3-c20-u0.7-m3-p7-f0,5689,RISCY-FPU-a,3,20,0.7,3,7,0
5839-RISCY-FPU-a-3-c20-u0.9-m1-p3-f1,5839,RISCY-FPU-a,3,20,0.9,1,3,1
5725-RISCY-FPU-a-3-c20-u0.8-m2-p4-f0,5725,RISCY-FPU-a,3,20,0.8,2,4,0
5435-RISCY-FPU-a-3-c2-u0.9-m2-p7-f1,5435,RISCY-FPU-a,3,2,0.9,2,7,1
5647-RISCY-FPU-a-3-c5-u0.9-m1-p1-f1,5647,RISCY-FPU-a,3,5,0.9,1,1,1
5277-RISCY-FPU-a-3-c2-u0.8-m1-p1-f0,5277,RISCY-FPU-a,3,2,0.8,1,1,0
5710-RISCY-FPU-a-3-c20-u0.75-m3-p4-f0,5710,RISCY-FPU-a,3,20,0.75,3,4,0
5549-RISCY-FPU-a-3-c5-u0.85-m4-p5-f0,5549,RISCY-FPU-a,3,5,0.85,4,5,0
5551-RISCY-FPU-a-3-c5-u0.85-m4-p7-f0,5551,RISCY-FPU-a,3,5,0.85,4,7,0
5302-RISCY-FPU-a-3-c2-u0.8-m4-p2-f0,5302,RISCY-FPU-a,3,2,0.8,4,2,0
5758-RISCY-FPU-a-3-c20-u0.7-m2-p8-f1,5758,RISCY-FPU-a,3,20,0.7,2,8,1
5436-RISCY-FPU-a-3-c2-u0.9-m2-p8-f1,5436,RISCY-FPU-a,3,2,0.9,2,8,1
5422-RISCY-FPU-a-3-c2-u0.9-m1-p2-f1,5422,RISCY-FPU-a,3,2,0.9,1,2,1
5618-RISCY-FPU-a-3-c5-u0.8-m3-p2-f1,5618,RISCY-FPU-a,3,5,0.8,3,2,1
5354-RISCY-FPU-a-3-c2-u0.75-m1-p6-f1,5354,RISCY-FPU-a,3,2,0.75,1,6,1
5453-RISCY-FPU-a-3-c5-u0.7-m2-p2-f0,5453,RISCY-FPU-a,3,5,0.7,2,2,0
5547-RISCY-FPU-a-3-c5-u0.85-m4-p3-f0,5547,RISCY-FPU-a,3,5,0.85,4,3,0
5466-RISCY-FPU-a-3-c5-u0.7-m3-p8-f0,5466,RISCY-FPU-a,3,5,0.7,3,8,0
5427-RISCY-FPU-a-3-c2-u0.9-m1-p7-f1,5427,RISCY-FPU-a,3,2,0.9,1,7,1
5785-RISCY-FPU-a-3-c20-u0.75-m3-p3-f1,5785,RISCY-FPU-a,3,20,0.75,3,3,1
5506-RISCY-FPU-a-3-c5-u0.8-m1-p1-f0,5506,RISCY-FPU-a,3,5,0.8,1,1,0
5504-RISCY-FPU-a-3-c5-u0.75-m4-p7-f0,5504,RISCY-FPU-a,3,5,0.75,4,7,0
5652-RISCY-FPU-a-3-c5-u0.9-m1-p6-f1,5652,RISCY-FPU-a,3,5,0.9,1,6,1
5724-RISCY-FPU-a-3-c20-u0.8-m2-p3-f0,5724,RISCY-FPU-a,3,20,0.8,2,3,0
5323-RISCY-FPU-a-3-c2-u0.85-m4-p7-f0,5323,RISCY-FPU-a,3,2,0.85,4,7,0
5503-RISCY-FPU-a-3-c5-u0.75-m4-p6-f0,5503,RISCY-FPU-a,3,5,0.75,4,6,0
5599-RISCY-FPU-a-3-c5-u0.75-m3-p7-f1,5599,RISCY-FPU-a,3,5,0.75,3,7,1
5632-RISCY-FPU-a-3-c5-u0.85-m2-p2-f1,5632,RISCY-FPU-a,3,5,0.85,2,2,1
5541-RISCY-FPU-a-3-c5-u0.85-m1-p5-f0,5541,RISCY-FPU-a,3,5,0.85,1,5,0
5490-RISCY-FPU-a-3-c5-u0.75-m2-p8-f0,5490,RISCY-FPU-a,3,5,0.75,2,8,0
5731-RISCY-FPU-a-3-c20-u0.8-m3-p5-f0,5731,RISCY-FPU-a,3,20,0.8,3,5,0
5524-RISCY-FPU-a-3-c5-u0.8-m3-p4-f0,5524,RISCY-FPU-a,3,5,0.8,3,4,0
5237-RISCY-FPU-a-3-c2-u0.7-m4-p1-f0,5237,RISCY-FPU-a,3,2,0.7,4,1,0
5400-RISCY-FPU-a-3-c2-u0.85-m1-p4-f1,5400,RISCY-FPU-a,3,2,0.85,1,4,1
5416-RISCY-FPU-a-3-c2-u0.85-m3-p4-f1,5416,RISCY-FPU-a,3,2,0.85,3,4,1
5505-RISCY-FPU-a-3-c5-u0.75-m4-p8-f0,5505,RISCY-FPU-a,3,5,0.75,4,8,0
5766-RISCY-FPU-a-3-c20-u0.7-m3-p8-f1,5766,RISCY-FPU-a,3,20,0.7,3,8,1
5800-RISCY-FPU-a-3-c20-u0.8-m2-p2-f1,5800,RISCY-FPU-a,3,20,0.8,2,2,1
5809-RISCY-FPU-a-3-c20-u0.8-m3-p3-f1,5809,RISCY-FPU-a,3,20,0.8,3,3,1
5798-RISCY-FPU-a-3-c20-u0.8-m1-p8-f1,5798,RISCY-FPU-a,3,20,0.8,1,8,1
5511-RISCY-FPU-a-3-c5-u0.8-m1-p6-f0,5511,RISCY-FPU-a,3,5,0.8,1,6,0
5494-RISCY-FPU-a-3-c5-u0.75-m3-p5-f0,5494,RISCY-FPU-a,3,5,0.75,3,5,0
5438-RISCY-FPU-a-3-c2-u0.9-m3-p2-f1,5438,RISCY-FPU-a,3,2,0.9,3,2,1
5691-RISCY-FPU-a-3-c20-u0.75-m1-p1-f0,5691,RISCY-FPU-a,3,20,0.75,1,1,0
5257-RISCY-FPU-a-3-c2-u0.75-m2-p5-f0,5257,RISCY-FPU-a,3,2,0.75,2,5,0
5772-RISCY-FPU-a-3-c20-u0.75-m1-p6-f1,5772,RISCY-FPU-a,3,20,0.75,1,6,1
5564-RISCY-FPU-a-3-c5-u0.7-m2-p4-f1,5564,RISCY-FPU-a,3,5,0.7,2,4,1
5485-RISCY-FPU-a-3-c5-u0.75-m2-p3-f0,5485,RISCY-FPU-a,3,5,0.75,2,3,0
5223-RISCY-FPU-a-3-c2-u0.7-m2-p2-f0,5223,RISCY-FPU-a,3,2,0.7,2,2,0
5349-RISCY-FPU-a-3-c2-u0.75-m1-p1-f1,5349,RISCY-FPU-a,3,2,0.75,1,1,1
5245-RISCY-FPU-a-3-c2-u0.75-m1-p1-f0,5245,RISCY-FPU-a,3,2,0.75,1,1,0
5492-RISCY-FPU-a-3-c5-u0.75-m3-p3-f0,5492,RISCY-FPU-a,3,5,0.75,3,3,0
5352-RISCY-FPU-a-3-c2-u0.75-m1-p4-f1,5352,RISCY-FPU-a,3,2,0.75,1,4,1
5829-RISCY-FPU-a-3-c20-u0.85-m2-p8-f1,5829,RISCY-FPU-a,3,20,0.85,2,8,1
5645-RISCY-FPU-a-3-c5-u0.85-m3-p7-f1,5645,RISCY-FPU-a,3,5,0.85,3,7,1
5584-RISCY-FPU-a-3-c5-u0.75-m1-p8-f1,5584,RISCY-FPU-a,3,5,0.75,1,8,1
5471-RISCY-FPU-a-3-c5-u0.7-m4-p5-f0,5471,RISCY-FPU-a,3,5,0.7,4,5,0
5656-RISCY-FPU-a-3-c5-u0.9-m2-p2-f1,5656,RISCY-FPU-a,3,5,0.9,2,2,1
5276-RISCY-FPU-a-3-c2-u0.75-m4-p8-f0,5276,RISCY-FPU-a,3,2,0.75,4,8,0
5610-RISCY-FPU-a-3-c5-u0.8-m2-p2-f1,5610,RISCY-FPU-a,3,5,0.8,2,2,1
5294-RISCY-FPU-a-3-c2-u0.8-m3-p2-f0,5294,RISCY-FPU-a,3,2,0.8,3,2,0
5382-RISCY-FPU-a-3-c2-u0.8-m2-p2-f1,5382,RISCY-FPU-a,3,2,0.8,2,2,1
5275-RISCY-FPU-a-3-c2-u0.75-m4-p7-f0,5275,RISCY-FPU-a,3,2,0.75,4,7,0
5531-RISCY-FPU-a-3-c5-u0.8-m4-p3-f0,5531,RISCY-FPU-a,3,5,0.8,4,3,0
5768-RISCY-FPU-a-3-c20-u0.75-m1-p2-f1,5768,RISCY-FPU-a,3,20,0.75,1,2,1
5320-RISCY-FPU-a-3-c2-u0.85-m4-p4-f0,5320,RISCY-FPU-a,3,2,0.85,4,4,0
5392-RISCY-FPU-a-3-c2-u0.8-m3-p4-f1,5392,RISCY-FPU-a,3,2,0.8,3,4,1
5612-RISCY-FPU-a-3-c5-u0.8-m2-p4-f1,5612,RISCY-FPU-a,3,5,0.8,2,4,1
5279-RISCY-FPU-a-3-c2-u0.8-m1-p3-f0,5279,RISCY-FPU-a,3,2,0.8,1,3,0
5763-RISCY-FPU-a-3-c20-u0.7-m3-p5-f1,5763,RISCY-FPU-a,3,20,0.7,3,5,1
5334-RISCY-FPU-a-3-c2-u0.7-m2-p2-f1,5334,RISCY-FPU-a,3,2,0.7,2,2,1
5687-RISCY-FPU-a-3-c20-u0.7-m3-p5-f0,5687,RISCY-FPU-a,3,20,0.7,3,5,0
5288-RISCY-FPU-a-3-c2-u0.8-m2-p4-f0,5288,RISCY-FPU-a,3,2,0.8,2,4,0
5499-RISCY-FPU-a-3-c5-u0.75-m4-p2-f0,5499,RISCY-FPU-a,3,5,0.75,4,2,0
5351-RISCY-FPU-a-3-c2-u0.75-m1-p3-f1,5351,RISCY-FPU-a,3,2,0.75,1,3,1
5567-RISCY-FPU-a-3-c5-u0.7-m2-p7-f1,5567,RISCY-FPU-a,3,5,0.7,2,7,1
5762-RISCY-FPU-a-3-c20-u0.7-m3-p4-f1,5762,RISCY-FPU-a,3,20,0.7,3,4,1
5825-RISCY-FPU-a-3-c20-u0.85-m2-p4-f1,5825,RISCY-FPU-a,3,20,0.85,2,4,1
5374-RISCY-FPU-a-3-c2-u0.8-m1-p2-f1,5374,RISCY-FPU-a,3,2,0.8,1,2,1
5380-RISCY-FPU-a-3-c2-u0.8-m1-p8-f1,5380,RISCY-FPU-a,3,2,0.8,1,8,1
5425-RISCY-FPU-a-3-c2-u0.9-m1-p5-f1,5425,RISCY-FPU-a,3,2,0.9,1,5,1
5718-RISCY-FPU-a-3-c20-u0.8-m1-p4-f0,5718,RISCY-FPU-a,3,20,0.8,1,4,0
5753-RISCY-FPU-a-3-c20-u0.7-m2-p3-f1,5753,RISCY-FPU-a,3,20,0.7,2,3,1
5726-RISCY-FPU-a-3-c20-u0.8-m2-p5-f0,5726,RISCY-FPU-a,3,20,0.8,2,5,0
5272-RISCY-FPU-a-3-c2-u0.75-m4-p4-f0,5272,RISCY-FPU-a,3,2,0.75,4,4,0
5356-RISCY-FPU-a-3-c2-u0.75-m1-p8-f1,5356,RISCY-FPU-a,3,2,0.75,1,8,1
5587-RISCY-FPU-a-3-c5-u0.75-m2-p3-f1,5587,RISCY-FPU-a,3,5,0.75,2,3,1
5254-RISCY-FPU-a-3-c2-u0.75-m2-p2-f0,5254,RISCY-FPU-a,3,2,0.75,2,2,0
5642-RISCY-FPU-a-3-c5-u0.85-m3-p4-f1,5642,RISCY-FPU-a,3,5,0.85,3,4,1
5426-RISCY-FPU-a-3-c2-u0.9-m1-p6-f1,5426,RISCY-FPU-a,3,2,0.9,1,6,1
5750-RISCY-FPU-a-3-c20-u0.7-m1-p8-f1,5750,RISCY-FPU-a,3,20,0.7,1,8,1
5322-RISCY-FPU-a-3-c2-u0.85-m4-p6-f0,5322,RISCY-FPU-a,3,2,0.85,4,6,0
5627-RISCY-FPU-a-3-c5-u0.85-m1-p4-f1,5627,RISCY-FPU-a,3,5,0.85,1,4,1
5536-RISCY-FPU-a-3-c5-u0.8-m4-p8-f0,5536,RISCY-FPU-a,3,5,0.8,4,8,0
5318-RISCY-FPU-a-3-c2-u0.85-m4-p2-f0,5318,RISCY-FPU-a,3,2,0.85,4,2,0
5666-RISCY-FPU-a-3-c5-u0.9-m3-p5-f1,5666,RISCY-FPU-a,3,5,0.9,3,5,1
5644-RISCY-FPU-a-3-c5-u0.85-m3-p6-f1,5644,RISCY-FPU-a,3,5,0.85,3,6,1
5301-RISCY-FPU-a-3-c2-u0.8-m4-p1-f0,5301,RISCY-FPU-a,3,2,0.8,4,1,0
5527-RISCY-FPU-a-3-c5-u0.8-m3-p7-f0,5527,RISCY-FPU-a,3,5,0.8,3,7,0
5289-RISCY-FPU-a-3-c2-u0.8-m2-p5-f0,5289,RISCY-FPU-a,3,2,0.8,2,5,0
5360-RISCY-FPU-a-3-c2-u0.75-m2-p4-f1,5360,RISCY-FPU-a,3,2,0.75,2,4,1
5229-RISCY-FPU-a-3-c2-u0.7-m3-p1-f0,5229,RISCY-FPU-a,3,2,0.7,3,1,0
5787-RISCY-FPU-a-3-c20-u0.75-m3-p5-f1,5787,RISCY-FPU-a,3,20,0.75,3,5,1
5846-RISCY-FPU-a-3-c20-u0.9-m3-p1-f1,5846,RISCY-FPU-a,3,20,0.9,3,1,1
5331-RISCY-FPU-a-3-c2-u0.7-m1-p7-f1,5331,RISCY-FPU-a,3,2,0.7,1,7,1
5266-RISCY-FPU-a-3-c2-u0.75-m3-p6-f0,5266,RISCY-FPU-a,3,2,0.75,3,6,0
5537-RISCY-FPU-a-3-c5-u0.85-m1-p1-f0,5537,RISCY-FPU-a,3,5,0.85,1,1,0
5238-RISCY-FPU-a-3-c2-u0.7-m4-p2-f0,5238,RISCY-FPU-a,3,2,0.7,4,2,0
5738-RISCY-FPU-a-3-c20-u0.85-m1-p4-f0,5738,RISCY-FPU-a,3,20,0.85,1,4,0
5806-RISCY-FPU-a-3-c20-u0.8-m2-p8-f1,5806,RISCY-FPU-a,3,20,0.8,2,8,1
5389-RISCY-FPU-a-3-c2-u0.8-m3-p1-f1,5389,RISCY-FPU-a,3,2,0.8,3,1,1
5244-RISCY-FPU-a-3-c2-u0.7-m4-p8-f0,5244,RISCY-FPU-a,3,2,0.7,4,8,0
5626-RISCY-FPU-a-3-c5-u0.85-m1-p3-f1,5626,RISCY-FPU-a,3,5,0.85,1,3,1
5218-RISCY-FPU-a-3-c2-u0.7-m1-p5-f0,5218,RISCY-FPU-a,3,2,0.7,1,5,0
5260-RISCY-FPU-a-3-c2-u0.75-m2-p8-f0,5260,RISCY-FPU-a,3,2,0.75,2,8,0
5378-RISCY-FPU-a-3-c2-u0.8-m1-p6-f1,5378,RISCY-FPU-a,3,2,0.8,1,6,1
5448-RISCY-FPU-a-3-c5-u0.7-m1-p4-f0,5448,RISCY-FPU-a,3,5,0.7,1,4,0
5428-RISCY-FPU-a-3-c2-u0.9-m1-p8-f1,5428,RISCY-FPU-a,3,2,0.9,1,8,1
5479-RISCY-FPU-a-3-c5-u0.75-m1-p5-f0,5479,RISCY-FPU-a,3,5,0.75,1,5,0
5728-RISCY-FPU-a-3-c20-u0.8-m2-p8-f0,5728,RISCY-FPU-a,3,20,0.8,2,8,0
5363-RISCY-FPU-a-3-c2-u0.75-m2-p7-f1,5363,RISCY-FPU-a,3,2,0.75,2,7,1
5343-RISCY-FPU-a-3-c2-u0.7-m3-p3-f1,5343,RISCY-FPU-a,3,2,0.7,3,3,1
5651-RISCY-FPU-a-3-c5-u0.9-m1-p5-f1,5651,RISCY-FPU-a,3,5,0.9,1,5,1
5744-RISCY-FPU-a-3-c20-u0.7-m1-p2-f1,5744,RISCY-FPU-a,3,20,0.7,1,2,1
5429-RISCY-FPU-a-3-c2-u0.9-m2-p1-f1,5429,RISCY-FPU-a,3,2,0.9,2,1,1
5261-RISCY-FPU-a-3-c2-u0.75-m3-p1-f0,5261,RISCY-FPU-a,3,2,0.75,3,1,0
5624-RISCY-FPU-a-3-c5-u0.85-m1-p1-f1,5624,RISCY-FPU-a,3,5,0.85,1,1,1
5804-RISCY-FPU-a-3-c20-u0.8-m2-p6-f1,5804,RISCY-FPU-a,3,20,0.8,2,6,1
3388-RISCY-b-3-c2-u0.75-m2-p4-f0,3388,RISCY-b,3,2,0.75,2,4,0
3497-RISCY-b-3-c2-u0.85-m1-p6-f1,3497,RISCY-b,3,2,0.85,1,6,1
3662-RISCY-b-3-c5-u0.7-m1-p4-f1,3662,RISCY-b,3,5,0.7,1,4,1
3725-RISCY-b-3-c5-u0.8-m3-p3-f1,3725,RISCY-b,3,5,0.8,3,3,1
3841-RISCY-b-3-c20-u0.8-m1-p5-f1,3841,RISCY-b,3,20,0.8,1,5,1
3445-RISCY-b-3-c2-u0.75-m1-p2-f1,3445,RISCY-b,3,2,0.75,1,2,1
3544-RISCY-b-3-c5-u0.7-m1-p5-f0,3544,RISCY-b,3,5,0.7,1,5,0
3748-RISCY-b-3-c5-u0.85-m3-p2-f1,3748,RISCY-b,3,5,0.85,3,2,1
3858-RISCY-b-3-c20-u0.85-m1-p7-f1,3858,RISCY-b,3,20,0.85,1,7,1
3864-RISCY-b-3-c20-u0.85-m2-p5-f1,3864,RISCY-b,3,20,0.85,2,5,1
3799-RISCY-b-3-c20-u0.7-m1-p2-f1,3799,RISCY-b,3,20,0.7,1,2,1
3564-RISCY-b-3-c5-u0.75-m1-p1-f0,3564,RISCY-b,3,5,0.75,1,1,0
3715-RISCY-b-3-c5-u0.8-m2-p1-f1,3715,RISCY-b,3,5,0.8,2,1,1
3507-RISCY-b-3-c2-u0.85-m2-p8-f1,3507,RISCY-b,3,2,0.85,2,8,1
3770-RISCY-b-3-c5-u0.9-m2-p8-f1,3770,RISCY-b,3,5,0.9,2,8,1
3634-RISCY-b-3-c5-u0.85-m3-p8-f0,3634,RISCY-b,3,5,0.85,3,8,0
3512-RISCY-b-3-c2-u0.85-m3-p5-f1,3512,RISCY-b,3,2,0.85,3,5,1
3674-RISCY-b-3-c5-u0.7-m2-p8-f1,3674,RISCY-b,3,5,0.7,2,8,1
3716-RISCY-b-3-c5-u0.8-m2-p2-f1,3716,RISCY-b,3,5,0.8,2,2,1
3438-RISCY-b-3-c2-u0.7-m3-p3-f1,3438,RISCY-b,3,2,0.7,3,3,1
3874-RISCY-b-3-c20-u0.9-m2-p1-f1,3874,RISCY-b,3,20,0.9,2,1,1
3598-RISCY-b-3-c5-u0.8-m2-p4-f0,3598,RISCY-b,3,5,0.8,2,4,0
3380-RISCY-b-3-c2-u0.75-m1-p4-f0,3380,RISCY-b,3,2,0.75,1,4,0
3479-RISCY-b-3-c2-u0.8-m2-p4-f1,3479,RISCY-b,3,2,0.8,2,4,1
3408-RISCY-b-3-c2-u0.85-m1-p7-f0,3408,RISCY-b,3,2,0.85,1,7,0
3757-RISCY-b-3-c5-u0.9-m1-p3-f1,3757,RISCY-b,3,5,0.9,1,3,1
3751-RISCY-b-3-c5-u0.85-m3-p5-f1,3751,RISCY-b,3,5,0.85,3,5,1
3483-RISCY-b-3-c2-u0.8-m2-p8-f1,3483,RISCY-b,3,2,0.8,2,8,1
3624-RISCY-b-3-c5-u0.85-m2-p6-f0,3624,RISCY-b,3,5,0.85,2,6,0
3576-RISCY-b-3-c5-u0.75-m2-p5-f0,3576,RISCY-b,3,5,0.75,2,5,0
3516-RISCY-b-3-c2-u0.9-m1-p1-f1,3516,RISCY-b,3,2,0.9,1,1,1
3440-RISCY-b-3-c2-u0.7-m3-p5-f1,3440,RISCY-b,3,2,0.7,3,5,1
3870-RISCY-b-3-c20-u0.9-m1-p5-f1,3870,RISCY-b,3,20,0.9,1,5,1
3797-RISCY-b-3-c20-u0.85-m1-p7-f0,3797,RISCY-b,3,20,0.85,1,7,0
3437-RISCY-b-3-c2-u0.7-m3-p2-f1,3437,RISCY-b,3,2,0.7,3,2,1
3667-RISCY-b-3-c5-u0.7-m2-p1-f1,3667,RISCY-b,3,5,0.7,2,1,1
3793-RISCY-b-3-c20-u0.8-m1-p1-f0,3793,RISCY-b,3,20,0.8,1,1,0
3420-RISCY-b-3-c2-u0.7-m1-p1-f1,3420,RISCY-b,3,2,0.7,1,1,1
3640-RISCY-b-3-c5-u0.9-m1-p6-f0,3640,RISCY-b,3,5,0.9,1,6,0
3627-RISCY-b-3-c5-u0.85-m3-p1-f0,3627,RISCY-b,3,5,0.85,3,1,0
3632-RISCY-b-3-c5-u0.85-m3-p6-f0,3632,RISCY-b,3,5,0.85,3,6,0
3527-RISCY-b-3-c2-u0.9-m2-p4-f1,3527,RISCY-b,3,2,0.9,2,4,1
3444-RISCY-b-3-c2-u0.75-m1-p1-f1,3444,RISCY-b,3,2,0.75,1,1,1
3654-RISCY-b-3-c5-u0.9-m3-p4-f0,3654,RISCY-b,3,5,0.9,3,4,0
3866-RISCY-b-3-c20-u0.85-m2-p7-f1,3866,RISCY-b,3,20,0.85,2,7,1
3703-RISCY-b-3-c5-u0.75-m3-p5-f1,3703,RISCY-b,3,5,0.75,3,5,1
3591-RISCY-b-3-c5-u0.8-m1-p4-f0,3591,RISCY-b,3,5,0.8,1,4,0
3682-RISCY-b-3-c5-u0.7-m3-p8-f1,3682,RISCY-b,3,5,0.7,3,8,1
3541-RISCY-b-3-c5-u0.7-m1-p2-f0,3541,RISCY-b,3,5,0.7,1,2,0
3549-RISCY-b-3-c5-u0.7-m2-p2-f0,3549,RISCY-b,3,5,0.7,2,2,0
3824-RISCY-b-3-c20-u0.75-m1-p6-f1,3824,RISCY-b,3,20,0.75,1,6,1
3718-RISCY-b-3-c5-u0.8-m2-p4-f1,3718,RISCY-b,3,5,0.8,2,4,1
3553-RISCY-b-3-c5-u0.7-m2-p6-f0,3553,RISCY-b,3,5,0.7,2,6,0
3821-RISCY-b-3-c20-u0.75-m1-p3-f1,3821,RISCY-b,3,20,0.75,1,3,1
3791-RISCY-b-3-c20-u0.75-m1-p6-f0,3791,RISCY-b,3,20,0.75,1,6,0
3468-RISCY-b-3-c2-u0.8-m1-p1-f1,3468,RISCY-b,3,2,0.8,1,1,1
3402-RISCY-b-3-c2-u0.85-m1-p1-f0,3402,RISCY-b,3,2,0.85,1,1,0
3496-RISCY-b-3-c2-u0.85-m1-p5-f1,3496,RISCY-b,3,2,0.85,1,5,1
3488-RISCY-b-3-c2-u0.8-m3-p5-f1,3488,RISCY-b,3,2,0.8,3,5,1
3672-RISCY-b-3-c5-u0.7-m2-p6-f1,3672,RISCY-b,3,5,0.7,2,6,1
3736-RISCY-b-3-c5-u0.85-m1-p6-f1,3736,RISCY-b,3,5,0.85,1,6,1
3786-RISCY-b-3-c20-u0.7-m1-p8-f0,3786,RISCY-b,3,20,0.7,1,8,0
3473-RISCY-b-3-c2-u0.8-m1-p6-f1,3473,RISCY-b,3,2,0.8,1,6,1
3686-RISCY-b-3-c5-u0.75-m1-p4-f1,3686,RISCY-b,3,5,0.75,1,4,1
3367-RISCY-b-3-c2-u0.7-m1-p6-f0,3367,RISCY-b,3,2,0.7,1,6,0
3587-RISCY-b-3-c5-u0.75-m3-p8-f0,3587,RISCY-b,3,5,0.75,3,8,0
3565-RISCY-b-3-c5-u0.75-m1-p2-f0,3565,RISCY-b,3,5,0.75,1,2,0
3551-RISCY-b-3-c5-u0.7-m2-p4-f0,3551,RISCY-b,3,5,0.7,2,4,0
3782-RISCY-b-3-c20-u0.7-m1-p4-f0,3782,RISCY-b,3,20,0.7,1,4,0
3719-RISCY-b-3-c5-u0.8-m2-p5-f1,3719,RISCY-b,3,5,0.8,2,5,1
3369-RISCY-b-3-c2-u0.7-m1-p8-f0,3369,RISCY-b,3,2,0.7,1,8,0
3586-RISCY-b-3-c5-u0.75-m3-p7-f0,3586,RISCY-b,3,5,0.75,3,7,0
3464-RISCY-b-3-c2-u0.75-m3-p5-f1,3464,RISCY-b,3,2,0.75,3,5,1
3860-RISCY-b-3-c20-u0.85-m2-p1-f1,3860,RISCY-b,3,20,0.85,2,1,1
3689-RISCY-b-3-c5-u0.75-m1-p7-f1,3689,RISCY-b,3,5,0.75,1,7,1
3750-RISCY-b-3-c5-u0.85-m3-p4-f1,3750,RISCY-b,3,5,0.85,3,4,1
3572-RISCY-b-3-c5-u0.75-m2-p1-f0,3572,RISCY-b,3,5,0.75,2,1,0
3429-RISCY-b-3-c2-u0.7-m2-p2-f1,3429,RISCY-b,3,2,0.7,2,2,1
3633-RISCY-b-3-c5-u0.85-m3-p7-f0,3633,RISCY-b,3,5,0.85,3,7,0
3536-RISCY-b-3-c2-u0.9-m3-p5-f1,3536,RISCY-b,3,2,0.9,3,5,1
3741-RISCY-b-3-c5-u0.85-m2-p3-f1,3741,RISCY-b,3,5,0.85,2,3,1
3827-RISCY-b-3-c20-u0.75-m2-p1-f1,3827,RISCY-b,3,20,0.75,2,1,1
3795-RISCY-b-3-c20-u0.8-m1-p5-f0,3795,RISCY-b,3,20,0.8,1,5,0
3518-RISCY-b-3-c2-u0.9-m1-p3-f1,3518,RISCY-b,3,2,0.9,1,3,1
3839-RISCY-b-3-c20-u0.8-m1-p2-f1,3839,RISCY-b,3,20,0.8,1,2,1
3581-RISCY-b-3-c5-u0.75-m3-p2-f0,3581,RISCY-b,3,5,0.75,3,2,0
3446-RISCY-b-3-c2-u0.75-m1-p3-f1,3446,RISCY-b,3,2,0.75,1,3,1
3817-RISCY-b-3-c20-u0.7-m3-p7-f1,3817,RISCY-b,3,20,0.7,3,7,1
3492-RISCY-b-3-c2-u0.85-m1-p1-f1,3492,RISCY-b,3,2,0.85,1,1,1
3543-RISCY-b-3-c5-u0.7-m1-p4-f0,3543,RISCY-b,3,5,0.7,1,4,0
3368-RISCY-b-3-c2-u0.7-m1-p7-f0,3368,RISCY-b,3,2,0.7,1,7,0
3657-RISCY-b-3-c5-u0.9-m3-p7-f0,3657,RISCY-b,3,5,0.9,3,7,0
3803-RISCY-b-3-c20-u0.7-m1-p6-f1,3803,RISCY-b,3,20,0.7,1,6,1
3521-RISCY-b-3-c2-u0.9-m1-p6-f1,3521,RISCY-b,3,2,0.9,1,6,1
3696-RISCY-b-3-c5-u0.75-m2-p6-f1,3696,RISCY-b,3,5,0.75,2,6,1
3533-RISCY-b-3-c2-u0.9-m3-p2-f1,3533,RISCY-b,3,2,0.9,3,2,1
3389-RISCY-b-3-c2-u0.75-m2-p5-f0,3389,RISCY-b,3,2,0.75,2,5,0
3618-RISCY-b-3-c5-u0.85-m1-p8-f0,3618,RISCY-b,3,5,0.85,1,8,0
3644-RISCY-b-3-c5-u0.9-m2-p2-f0,3644,RISCY-b,3,5,0.9,2,2,0
3745-RISCY-b-3-c5-u0.85-m2-p7-f1,3745,RISCY-b,3,5,0.85,2,7,1
3578-RISCY-b-3-c5-u0.75-m2-p7-f0,3578,RISCY-b,3,5,0.75,2,7,0
3812-RISCY-b-3-c20-u0.7-m2-p7-f1,3812,RISCY-b,3,20,0.7,2,7,1
3372-RISCY-b-3-c2-u0.7-m2-p3-f0,3372,RISCY-b,3,2,0.7,2,3,0
3768-RISCY-b-3-c5-u0.9-m2-p6-f1,3768,RISCY-b,3,5,0.9,2,6,1
3379-RISCY-b-3-c2-u0.75-m1-p3-f0,3379,RISCY-b,3,2,0.75,1,3,0
3759-RISCY-b-3-c5-u0.9-m1-p5-f1,3759,RISCY-b,3,5,0.9,1,5,1
3681-RISCY-b-3-c5-u0.7-m3-p7-f1,3681,RISCY-b,3,5,0.7,3,7,1
3655-RISCY-b-3-c5-u0.9-m3-p5-f0,3655,RISCY-b,3,5,0.9,3,5,0
3571-RISCY-b-3-c5-u0.75-m1-p8-f0,3571,RISCY-b,3,5,0.75,1,8,0
3393-RISCY-b-3-c2-u0.8-m1-p2-f0,3393,RISCY-b,3,2,0.8,1,2,0
3773-RISCY-b-3-c5-u0.9-m3-p3-f1,3773,RISCY-b,3,5,0.9,3,3,1
3846-RISCY-b-3-c20-u0.8-m2-p3-f1,3846,RISCY-b,3,20,0.8,2,3,1
3829-RISCY-b-3-c20-u0.75-m2-p3-f1,3829,RISCY-b,3,20,0.75,2,3,1
3484-RISCY-b-3-c2-u0.8-m3-p1-f1,3484,RISCY-b,3,2,0.8,3,1,1
3739-RISCY-b-3-c5-u0.85-m2-p1-f1,3739,RISCY-b,3,5,0.85,2,1,1
3609-RISCY-b-3-c5-u0.8-m3-p7-f0,3609,RISCY-b,3,5,0.8,3,7,0
3728-RISCY-b-3-c5-u0.8-m3-p6-f1,3728,RISCY-b,3,5,0.8,3,6,1
3619-RISCY-b-3-c5-u0.85-m2-p1-f0,3619,RISCY-b,3,5,0.85,2,1,0
3503-RISCY-b-3-c2-u0.85-m2-p4-f1,3503,RISCY-b,3,2,0.85,2,4,1
3508-RISCY-b-3-c2-u0.85-m3-p1-f1,3508,RISCY-b,3,2,0.85,3,1,1
3668-RISCY-b-3-c5-u0.7-m2-p2-f1,3668,RISCY-b,3,5,0.7,2,2,1
3629-RISCY-b-3-c5-u0.85-m3-p3-f0,3629,RISCY-b,3,5,0.85,3,3,0
3706-RISCY-b-3-c5-u0.75-m3-p8-f1,3706,RISCY-b,3,5,0.75,3,8,1
3424-RISCY-b-3-c2-u0.7-m1-p5-f1,3424,RISCY-b,3,2,0.7,1,5,1
3621-RISCY-b-3-c5-u0.85-m2-p3-f0,3621,RISCY-b,3,5,0.85,2,3,0
3840-RISCY-b-3-c20-u0.8-m1-p4-f1,3840,RISCY-b,3,20,0.8,1,4,1
3450-RISCY-b-3-c2-u0.75-m1-p7-f1,3450,RISCY-b,3,2,0.75,1,7,1
3525-RISCY-b-3-c2-u0.9-m2-p2-f1,3525,RISCY-b,3,2,0.9,2,2,1
3852-RISCY-b-3-c20-u0.85-m1-p1-f1,3852,RISCY-b,3,20,0.85,1,1,1
3605-RISCY-b-3-c5-u0.8-m3-p3-f0,3605,RISCY-b,3,5,0.8,3,3,0
3832-RISCY-b-3-c20-u0.75-m2-p6-f1,3832,RISCY-b,3,20,0.75,2,6,1
3705-RISCY-b-3-c5-u0.75-m3-p7-f1,3705,RISCY-b,3,5,0.75,3,7,1
3467-RISCY-b-3-c2-u0.75-m3-p8-f1,3467,RISCY-b,3,2,0.75,3,8,1
3552-RISCY-b-3-c5-u0.7-m2-p5-f0,3552,RISCY-b,3,5,0.7,2,5,0
3568-RISCY-b-3-c5-u0.75-m1-p5-f0,3568,RISCY-b,3,5,0.75,1,5,0
3872-RISCY-b-3-c20-u0.9-m1-p7-f1,3872,RISCY-b,3,20,0.9,1,7,1
3415-RISCY-b-3-c2-u0.9-m1-p5-f0,3415,RISCY-b,3,2,0.9,1,5,0
3463-RISCY-b-3-c2-u0.75-m3-p4-f1,3463,RISCY-b,3,2,0.75,3,4,1
3517-RISCY-b-3-c2-u0.9-m1-p2-f1,3517,RISCY-b,3,2,0.9,1,2,1
3875-RISCY-b-3-c20-u0.9-m2-p2-f1,3875,RISCY-b,3,20,0.9,2,2,1
3386-RISCY-b-3-c2-u0.75-m2-p2-f0,3386,RISCY-b,3,2,0.75,2,2,0
3477-RISCY-b-3-c2-u0.8-m2-p2-f1,3477,RISCY-b,3,2,0.8,2,2,1
3721-RISCY-b-3-c5-u0.8-m2-p7-f1,3721,RISCY-b,3,5,0.8,2,7,1
3523-RISCY-b-3-c2-u0.9-m1-p8-f1,3523,RISCY-b,3,2,0.9,1,8,1
3622-RISCY-b-3-c5-u0.85-m2-p4-f0,3622,RISCY-b,3,5,0.85,2,4,0
3733-RISCY-b-3-c5-u0.85-m1-p3-f1,3733,RISCY-b,3,5,0.85,1,3,1
3548-RISCY-b-3-c5-u0.7-m2-p1-f0,3548,RISCY-b,3,5,0.7,2,1,0
3834-RISCY-b-3-c20-u0.75-m2-p8-f1,3834,RISCY-b,3,20,0.75,2,8,1
3707-RISCY-b-3-c5-u0.8-m1-p1-f1,3707,RISCY-b,3,5,0.8,1,1,1
3714-RISCY-b-3-c5-u0.8-m1-p8-f1,3714,RISCY-b,3,5,0.8,1,8,1
3717-RISCY-b-3-c5-u0.8-m2-p3-f1,3717,RISCY-b,3,5,0.8,2,3,1
3663-RISCY-b-3-c5-u0.7-m1-p5-f1,3663,RISCY-b,3,5,0.7,1,5,1
3794-RISCY-b-3-c20-u0.8-m1-p2-f0,3794,RISCY-b,3,20,0.8,1,2,0
3767-RISCY-b-3-c5-u0.9-m2-p5-f1,3767,RISCY-b,3,5,0.9,2,5,1
3411-RISCY-b-3-c2-u0.9-m1-p1-f0,3411,RISCY-b,3,2,0.9,1,1,0
3364-RISCY-b-3-c2-u0.7-m1-p3-f0,3364,RISCY-b,3,2,0.7,1,3,0
3556-RISCY-b-3-c5-u0.7-m3-p1-f0,3556,RISCY-b,3,5,0.7,3,1,0
3447-RISCY-b-3-c2-u0.75-m1-p4-f1,3447,RISCY-b,3,2,0.75,1,4,1
3436-RISCY-b-3-c2-u0.7-m3-p1-f1,3436,RISCY-b,3,2,0.7,3,1,1
3620-RISCY-b-3-c5-u0.85-m2-p2-f0,3620,RISCY-b,3,5,0.85,2,2,0
3485-RISCY-b-3-c2-u0.8-m3-p2-f1,3485,RISCY-b,3,2,0.8,3,2,1
3785-RISCY-b-3-c20-u0.7-m1-p7-f0,3785,RISCY-b,3,20,0.7,1,7,0
3790-RISCY-b-3-c20-u0.75-m1-p5-f0,3790,RISCY-b,3,20,0.75,1,5,0
3392-RISCY-b-3-c2-u0.8-m1-p1-f0,3392,RISCY-b,3,2,0.8,1,1,0
3774-RISCY-b-3-c5-u0.9-m3-p4-f1,3774,RISCY-b,3,5,0.9,3,4,1
3504-RISCY-b-3-c2-u0.85-m2-p5-f1,3504,RISCY-b,3,2,0.85,2,5,1
3589-RISCY-b-3-c5-u0.8-m1-p2-f0,3589,RISCY-b,3,5,0.8,1,2,0
3590-RISCY-b-3-c5-u0.8-m1-p3-f0,3590,RISCY-b,3,5,0.8,1,3,0
3615-RISCY-b-3-c5-u0.85-m1-p5-f0,3615,RISCY-b,3,5,0.85,1,5,0
3660-RISCY-b-3-c5-u0.7-m1-p2-f1,3660,RISCY-b,3,5,0.7,1,2,1
3579-RISCY-b-3-c5-u0.75-m2-p8-f0,3579,RISCY-b,3,5,0.75,2,8,0
3710-RISCY-b-3-c5-u0.8-m1-p4-f1,3710,RISCY-b,3,5,0.8,1,4,1
3422-RISCY-b-3-c2-u0.7-m1-p3-f1,3422,RISCY-b,3,2,0.7,1,3,1
3456-RISCY-b-3-c2-u0.75-m2-p5-f1,3456,RISCY-b,3,2,0.75,2,5,1
3800-RISCY-b-3-c20-u0.7-m1-p3-f1,3800,RISCY-b,3,20,0.7,1,3,1
3765-RISCY-b-3-c5-u0.9-m2-p3-f1,3765,RISCY-b,3,5,0.9,2,3,1
3756-RISCY-b-3-c5-u0.9-m1-p2-f1,3756,RISCY-b,3,5,0.9,1,2,1
3712-RISCY-b-3-c5-u0.8-m1-p6-f1,3712,RISCY-b,3,5,0.8,1,6,1
3826-RISCY-b-3-c20-u0.75-m1-p8-f1,3826,RISCY-b,3,20,0.75,1,8,1
3573-RISCY-b-3-c5-u0.75-m2-p2-f0,3573,RISCY-b,3,5,0.75,2,2,0
3850-RISCY-b-3-c20-u0.8-m2-p7-f1,3850,RISCY-b,3,20,0.8,2,7,1
3626-RISCY-b-3-c5-u0.85-m2-p8-f0,3626,RISCY-b,3,5,0.85,2,8,0
3537-RISCY-b-3-c2-u0.9-m3-p6-f1,3537,RISCY-b,3,2,0.9,3,6,1
3677-RISCY-b-3-c5-u0.7-m3-p3-f1,3677,RISCY-b,3,5,0.7,3,3,1
3693-RISCY-b-3-c5-u0.75-m2-p3-f1,3693,RISCY-b,3,5,0.75,2,3,1
3639-RISCY-b-3-c5-u0.9-m1-p5-f0,3639,RISCY-b,3,5,0.9,1,5,0
3390-RISCY-b-3-c2-u0.75-m2-p6-f0,3390,RISCY-b,3,2,0.75,2,6,0
3515-RISCY-b-3-c2-u0.85-m3-p8-f1,3515,RISCY-b,3,2,0.85,3,8,1
3766-RISCY-b-3-c5-u0.9-m2-p4-f1,3766,RISCY-b,3,5,0.9,2,4,1
3425-RISCY-b-3-c2-u0.7-m1-p6-f1,3425,RISCY-b,3,2,0.7,1,6,1
3410-RISCY-b-3-c2-u0.85-m2-p7-f0,3410,RISCY-b,3,2,0.85,2,7,0
3623-RISCY-b-3-c5-u0.85-m2-p5-f0,3623,RISCY-b,3,5,0.85,2,5,0
3730-RISCY-b-3-c5-u0.8-m3-p8-f1,3730,RISCY-b,3,5,0.8,3,8,1
3876-RISCY-b-3-c20-u0.9-m2-p5-f1,3876,RISCY-b,3,20,0.9,2,5,1
3394-RISCY-b-3-c2-u0.8-m1-p3-f0,3394,RISCY-b,3,2,0.8,1,3,0
3526-RISCY-b-3-c2-u0.9-m2-p3-f1,3526,RISCY-b,3,2,0.9,2,3,1
3630-RISCY-b-3-c5-u0.85-m3-p4-f0,3630,RISCY-b,3,5,0.85,3,4,0
3646-RISCY-b-3-c5-u0.9-m2-p4-f0,3646,RISCY-b,3,5,0.9,2,4,0
3559-RISCY-b-3-c5-u0.7-m3-p4-f0,3559,RISCY-b,3,5,0.7,3,4,0
3397-RISCY-b-3-c2-u0.8-m1-p6-f0,3397,RISCY-b,3,2,0.8,1,6,0
3416-RISCY-b-3-c2-u0.9-m1-p6-f0,3416,RISCY-b,3,2,0.9,1,6,0
3670-RISCY-b-3-c5-u0.7-m2-p4-f1,3670,RISCY-b,3,5,0.7,2,4,1
3461-RISCY-b-3-c2-u0.75-m3-p2-f1,3461,RISCY-b,3,2,0.75,3,2,1
3594-RISCY-b-3-c5-u0.8-m1-p7-f0,3594,RISCY-b,3,5,0.8,1,7,0
3815-RISCY-b-3-c20-u0.7-m3-p5-f1,3815,RISCY-b,3,20,0.7,3,5,1
3642-RISCY-b-3-c5-u0.9-m1-p8-f0,3642,RISCY-b,3,5,0.9,1,8,0
3563-RISCY-b-3-c5-u0.7-m3-p8-f0,3563,RISCY-b,3,5,0.7,3,8,0
3743-RISCY-b-3-c5-u0.85-m2-p5-f1,3743,RISCY-b,3,5,0.85,2,5,1
3656-RISCY-b-3-c5-u0.9-m3-p6-f0,3656,RISCY-b,3,5,0.9,3,6,0
3469-RISCY-b-3-c2-u0.8-m1-p2-f1,3469,RISCY-b,3,2,0.8,1,2,1
3816-RISCY-b-3-c20-u0.7-m3-p6-f1,3816,RISCY-b,3,20,0.7,3,6,1
3385-RISCY-b-3-c2-u0.75-m2-p1-f0,3385,RISCY-b,3,2,0.75,2,1,0
3804-RISCY-b-3-c20-u0.7-m1-p7-f1,3804,RISCY-b,3,20,0.7,1,7,1
3534-RISCY-b-3-c2-u0.9-m3-p3-f1,3534,RISCY-b,3,2,0.9,3,3,1
3856-RISCY-b-3-c20-u0.85-m1-p5-f1,3856,RISCY-b,3,20,0.85,1,5,1
3431-RISCY-b-3-c2-u0.7-m2-p4-f1,3431,RISCY-b,3,2,0.7,2,4,1
3610-RISCY-b-3-c5-u0.8-m3-p8-f0,3610,RISCY-b,3,5,0.8,3,8,0
3747-RISCY-b-3-c5-u0.85-m3-p1-f1,3747,RISCY-b,3,5,0.85,3,1,1
3658-RISCY-b-3-c5-u0.9-m3-p8-f0,3658,RISCY-b,3,5,0.9,3,8,0
3384-RISCY-b-3-c2-u0.75-m1-p8-f0,3384,RISCY-b,3,2,0.75,1,8,0
3554-RISCY-b-3-c5-u0.7-m2-p7-f0,3554,RISCY-b,3,5,0.7,2,7,0
3580-RISCY-b-3-c5-u0.75-m3-p1-f0,3580,RISCY-b,3,5,0.75,3,1,0
3831-RISCY-b-3-c20-u0.75-m2-p5-f1,3831,RISCY-b,3,20,0.75,2,5,1
3428-RISCY-b-3-c2-u0.7-m2-p1-f1,3428,RISCY-b,3,2,0.7,2,1,1
3865-RISCY-b-3-c20-u0.85-m2-p6-f1,3865,RISCY-b,3,20,0.85,2,6,1
3855-RISCY-b-3-c20-u0.85-m1-p4-f1,3855,RISCY-b,3,20,0.85,1,4,1
3813-RISCY-b-3-c20-u0.7-m2-p8-f1,3813,RISCY-b,3,20,0.7,2,8,1
3723-RISCY-b-3-c5-u0.8-m3-p1-f1,3723,RISCY-b,3,5,0.8,3,1,1
3501-RISCY-b-3-c2-u0.85-m2-p2-f1,3501,RISCY-b,3,2,0.85,2,2,1
3366-RISCY-b-3-c2-u0.7-m1-p5-f0,3366,RISCY-b,3,2,0.7,1,5,0
3808-RISCY-b-3-c20-u0.7-m2-p3-f1,3808,RISCY-b,3,20,0.7,2,3,1
3417-RISCY-b-3-c2-u0.9-m1-p7-f0,3417,RISCY-b,3,2,0.9,1,7,0
3828-RISCY-b-3-c20-u0.75-m2-p2-f1,3828,RISCY-b,3,20,0.75,2,2,1
3699-RISCY-b-3-c5-u0.75-m3-p1-f1,3699,RISCY-b,3,5,0.75,3,1,1
3742-RISCY-b-3-c5-u0.85-m2-p4-f1,3742,RISCY-b,3,5,0.85,2,4,1
3522-RISCY-b-3-c2-u0.9-m1-p7-f1,3522,RISCY-b,3,2,0.9,1,7,1
3513-RISCY-b-3-c2-u0.85-m3-p6-f1,3513,RISCY-b,3,2,0.85,3,6,1
3567-RISCY-b-3-c5-u0.75-m1-p4-f0,3567,RISCY-b,3,5,0.75,1,4,0
3848-RISCY-b-3-c20-u0.8-m2-p5-f1,3848,RISCY-b,3,20,0.8,2,5,1
3617-RISCY-b-3-c5-u0.85-m1-p7-f0,3617,RISCY-b,3,5,0.85,1,7,0
3651-RISCY-b-3-c5-u0.9-m3-p1-f0,3651,RISCY-b,3,5,0.9,3,1,0
3788-RISCY-b-3-c20-u0.75-m1-p2-f0,3788,RISCY-b,3,20,0.75,1,2,0
3732-RISCY-b-3-c5-u0.85-m1-p2-f1,3732,RISCY-b,3,5,0.85,1,2,1
3511-RISCY-b-3-c2-u0.85-m3-p4-f1,3511,RISCY-b,3,2,0.85,3,4,1
3404-RISCY-b-3-c2-u0.85-m1-p3-f0,3404,RISCY-b,3,2,0.85,1,3,0
3805-RISCY-b-3-c20-u0.7-m1-p8-f1,3805,RISCY-b,3,20,0.7,1,8,1
3603-RISCY-b-3-c5-u0.8-m3-p1-f0,3603,RISCY-b,3,5,0.8,3,1,0
3382-RISCY-b-3-c2-u0.75-m1-p6-f0,3382,RISCY-b,3,2,0.75,1,6,0
3734-RISCY-b-3-c5-u0.85-m1-p4-f1,3734,RISCY-b,3,5,0.85,1,4,1
3764-RISCY-b-3-c5-u0.9-m2-p2-f1,3764,RISCY-b,3,5,0.9,2,2,1
3502-RISCY-b-3-c2-u0.85-m2-p3-f1,3502,RISCY-b,3,2,0.85,2,3,1
3752-RISCY-b-3-c5-u0.85-m3-p6-f1,3752,RISCY-b,3,5,0.85,3,6,1
3423-RISCY-b-3-c2-u0.7-m1-p4-f1,3423,RISCY-b,3,2,0.7,1,4,1
3836-RISCY-b-3-c20-u0.75-m3-p6-f1,3836,RISCY-b,3,20,0.75,3,6,1
3476-RISCY-b-3-c2-u0.8-m2-p1-f1,3476,RISCY-b,3,2,0.8,2,1,1
3409-RISCY-b-3-c2-u0.85-m1-p8-f0,3409,RISCY-b,3,2,0.85,1,8,0
3482-RISCY-b-3-c2-u0.8-m2-p7-f1,3482,RISCY-b,3,2,0.8,2,7,1
3604-RISCY-b-3-c5-u0.8-m3-p2-f0,3604,RISCY-b,3,5,0.8,3,2,0
3675-RISCY-b-3-c5-u0.7-m3-p1-f1,3675,RISCY-b,3,5,0.7,3,1,1
3796-RISCY-b-3-c20-u0.8-m1-p7-f0,3796,RISCY-b,3,20,0.8,1,7,0
3760-RISCY-b-3-c5-u0.9-m1-p6-f1,3760,RISCY-b,3,5,0.9,1,6,1
3530-RISCY-b-3-c2-u0.9-m2-p7-f1,3530,RISCY-b,3,2,0.9,2,7,1
3454-RISCY-b-3-c2-u0.75-m2-p3-f1,3454,RISCY-b,3,2,0.75,2,3,1
3842-RISCY-b-3-c20-u0.8-m1-p6-f1,3842,RISCY-b,3,20,0.8,1,6,1
3524-RISCY-b-3-c2-u0.9-m2-p1-f1,3524,RISCY-b,3,2,0.9,2,1,1
3498-RISCY-b-3-c2-u0.85-m1-p7-f1,3498,RISCY-b,3,2,0.85,1,7,1
3823-RISCY-b-3-c20-u0.75-m1-p5-f1,3823,RISCY-b,3,20,0.75,1,5,1
3616-RISCY-b-3-c5-u0.85-m1-p6-f0,3616,RISCY-b,3,5,0.85,1,6,0
3822-RISCY-b-3-c20-u0.75-m1-p4-f1,3822,RISCY-b,3,20,0.75,1,4,1
3596-RISCY-b-3-c5-u0.8-m2-p2-f0,3596,RISCY-b,3,5,0.8,2,2,0
3713-RISCY-b-3-c5-u0.8-m1-p7-f1,3713,RISCY-b,3,5,0.8,1,7,1
3472-RISCY-b-3-c2-u0.8-m1-p5-f1,3472,RISCY-b,3,2,0.8,1,5,1
3478-RISCY-b-3-c2-u0.8-m2-p3-f1,3478,RISCY-b,3,2,0.8,2,3,1
3452-RISCY-b-3-c2-u0.75-m2-p1-f1,3452,RISCY-b,3,2,0.75,2,1,1
3584-RISCY-b-3-c5-u0.75-m3-p5-f0,3584,RISCY-b,3,5,0.75,3,5,0
3487-RISCY-b-3-c2-u0.8-m3-p4-f1,3487,RISCY-b,3,2,0.8,3,4,1
3838-RISCY-b-3-c20-u0.8-m1-p1-f1,3838,RISCY-b,3,20,0.8,1,1,1
3435-RISCY-b-3-c2-u0.7-m2-p8-f1,3435,RISCY-b,3,2,0.7,2,8,1
3546-RISCY-b-3-c5-u0.7-m1-p7-f0,3546,RISCY-b,3,5,0.7,1,7,0
3631-RISCY-b-3-c5-u0.85-m3-p5-f0,3631,RISCY-b,3,5,0.85,3,5,0
3466-RISCY-b-3-c2-u0.75-m3-p7-f1,3466,RISCY-b,3,2,0.75,3,7,1
3758-RISCY-b-3-c5-u0.9-m1-p4-f1,3758,RISCY-b,3,5,0.9,1,4,1
3606-RISCY-b-3-c5-u0.8-m3-p4-f0,3606,RISCY-b,3,5,0.8,3,4,0
3574-RISCY-b-3-c5-u0.75-m2-p3-f0,3574,RISCY-b,3,5,0.75,2,3,0
3700-RISCY-b-3-c5-u0.75-m3-p2-f1,3700,RISCY-b,3,5,0.75,3,2,1
3582-RISCY-b-3-c5-u0.75-m3-p3-f0,3582,RISCY-b,3,5,0.75,3,3,0
3395-RISCY-b-3-c2-u0.8-m1-p4-f0,3395,RISCY-b,3,2,0.8,1,4,0
3391-RISCY-b-3-c2-u0.75-m2-p7-f0,3391,RISCY-b,3,2,0.75,2,7,0
3809-RISCY-b-3-c20-u0.7-m2-p4-f1,3809,RISCY-b,3,20,0.7,2,4,1
3731-RISCY-b-3-c5-u0.85-m1-p1-f1,3731,RISCY-b,3,5,0.85,1,1,1
3697-RISCY-b-3-c5-u0.75-m2-p7-f1,3697,RISCY-b,3,5,0.75,2,7,1
3666-RISCY-b-3-c5-u0.7-m1-p8-f1,3666,RISCY-b,3,5,0.7,1,8,1
3449-RISCY-b-3-c2-u0.75-m1-p6-f1,3449,RISCY-b,3,2,0.75,1,6,1
3550-RISCY-b-3-c5-u0.7-m2-p3-f0,3550,RISCY-b,3,5,0.7,2,3,0
3694-RISCY-b-3-c5-u0.75-m2-p4-f1,3694,RISCY-b,3,5,0.75,2,4,1
3749-RISCY-b-3-c5-u0.85-m3-p3-f1,3749,RISCY-b,3,5,0.85,3,3,1
3787-RISCY-b-3-c20-u0.75-m1-p1-f0,3787,RISCY-b,3,20,0.75,1,1,0
3801-RISCY-b-3-c20-u0.7-m1-p4-f1,3801,RISCY-b,3,20,0.7,1,4,1
3755-RISCY-b-3-c5-u0.9-m1-p1-f1,3755,RISCY-b,3,5,0.9,1,1,1
3859-RISCY-b-3-c20-u0.85-m1-p8-f1,3859,RISCY-b,3,20,0.85,1,8,1
3691-RISCY-b-3-c5-u0.75-m2-p1-f1,3691,RISCY-b,3,5,0.75,2,1,1
3514-RISCY-b-3-c2-u0.85-m3-p7-f1,3514,RISCY-b,3,2,0.85,3,7,1
3566-RISCY-b-3-c5-u0.75-m1-p3-f0,3566,RISCY-b,3,5,0.75,1,3,0
3375-RISCY-b-3-c2-u0.7-m2-p6-f0,3375,RISCY-b,3,2,0.7,2,6,0
3720-RISCY-b-3-c5-u0.8-m2-p6-f1,3720,RISCY-b,3,5,0.8,2,6,1
3371-RISCY-b-3-c2-u0.7-m2-p2-f0,3371,RISCY-b,3,2,0.7,2,2,0
3845-RISCY-b-3-c20-u0.8-m2-p2-f1,3845,RISCY-b,3,20,0.8,2,2,1
3583-RISCY-b-3-c5-u0.75-m3-p4-f0,3583,RISCY-b,3,5,0.75,3,4,0
3376-RISCY-b-3-c2-u0.7-m2-p7-f0,3376,RISCY-b,3,2,0.7,2,7,0
3779-RISCY-b-3-c20-u0.7-m1-p1-f0,3779,RISCY-b,3,20,0.7,1,1,0
3387-RISCY-b-3-c2-u0.75-m2-p3-f0,3387,RISCY-b,3,2,0.75,2,3,0
3862-RISCY-b-3-c20-u0.85-m2-p3-f1,3862,RISCY-b,3,20,0.85,2,3,1
3474-RISCY-b-3-c2-u0.8-m1-p7-f1,3474,RISCY-b,3,2,0.8,1,7,1
3740-RISCY-b-3-c5-u0.85-m2-p2-f1,3740,RISCY-b,3,5,0.85,2,2,1
3608-RISCY-b-3-c5-u0.8-m3-p6-f0,3608,RISCY-b,3,5,0.8,3,6,0
3398-RISCY-b-3-c2-u0.8-m1-p7-f0,3398,RISCY-b,3,2,0.8,1,7,0
3861-RISCY-b-3-c20-u0.85-m2-p2-f1,3861,RISCY-b,3,20,0.85,2,2,1
3500-RISCY-b-3-c2-u0.85-m2-p1-f1,3500,RISCY-b,3,2,0.85,2,1,1
3588-RISCY-b-3-c5-u0.8-m1-p1-f0,3588,RISCY-b,3,5,0.8,1,1,0
3481-RISCY-b-3-c2-u0.8-m2-p6-f1,3481,RISCY-b,3,2,0.8,2,6,1
3648-RISCY-b-3-c5-u0.9-m2-p6-f0,3648,RISCY-b,3,5,0.9,2,6,0
3595-RISCY-b-3-c5-u0.8-m1-p8-f0,3595,RISCY-b,3,5,0.8,1,8,0
3545-RISCY-b-3-c5-u0.7-m1-p6-f0,3545,RISCY-b,3,5,0.7,1,6,0
3833-RISCY-b-3-c20-u0.75-m2-p7-f1,3833,RISCY-b,3,20,0.75,2,7,1
3453-RISCY-b-3-c2-u0.75-m2-p2-f1,3453,RISCY-b,3,2,0.75,2,2,1
3400-RISCY-b-3-c2-u0.8-m2-p5-f0,3400,RISCY-b,3,2,0.8,2,5,0
3729-RISCY-b-3-c5-u0.8-m3-p7-f1,3729,RISCY-b,3,5,0.8,3,7,1
3783-RISCY-b-3-c20-u0.7-m1-p5-f0,3783,RISCY-b,3,20,0.7,1,5,0
3671-RISCY-b-3-c5-u0.7-m2-p5-f1,3671,RISCY-b,3,5,0.7,2,5,1
3843-RISCY-b-3-c20-u0.8-m1-p7-f1,3843,RISCY-b,3,20,0.8,1,7,1
3406-RISCY-b-3-c2-u0.85-m1-p5-f0,3406,RISCY-b,3,2,0.85,1,5,0
3753-RISCY-b-3-c5-u0.85-m3-p7-f1,3753,RISCY-b,3,5,0.85,3,7,1
3490-RISCY-b-3-c2-u0.8-m3-p7-f1,3490,RISCY-b,3,2,0.8,3,7,1
3853-RISCY-b-3-c20-u0.85-m1-p2-f1,3853,RISCY-b,3,20,0.85,1,2,1
3869-RISCY-b-3-c20-u0.9-m1-p3-f1,3869,RISCY-b,3,20,0.9,1,3,1
3683-RISCY-b-3-c5-u0.75-m1-p1-f1,3683,RISCY-b,3,5,0.75,1,1,1
3600-RISCY-b-3-c5-u0.8-m2-p6-f0,3600,RISCY-b,3,5,0.8,2,6,0
3878-RISCY-b-3-c20-u0.9-m2-p7-f1,3878,RISCY-b,3,20,0.9,2,7,1
3561-RISCY-b-3-c5-u0.7-m3-p6-f0,3561,RISCY-b,3,5,0.7,3,6,0
3383-RISCY-b-3-c2-u0.75-m1-p7-f0,3383,RISCY-b,3,2,0.75,1,7,0
3664-RISCY-b-3-c5-u0.7-m1-p6-f1,3664,RISCY-b,3,5,0.7,1,6,1
3363-RISCY-b-3-c2-u0.7-m1-p2-f0,3363,RISCY-b,3,2,0.7,1,2,0
3607-RISCY-b-3-c5-u0.8-m3-p5-f0,3607,RISCY-b,3,5,0.8,3,5,0
3724-RISCY-b-3-c5-u0.8-m3-p2-f1,3724,RISCY-b,3,5,0.8,3,2,1
3778-RISCY-b-3-c5-u0.9-m3-p8-f1,3778,RISCY-b,3,5,0.9,3,8,1
3830-RISCY-b-3-c20-u0.75-m2-p4-f1,3830,RISCY-b,3,20,0.75,2,4,1
3433-RISCY-b-3-c2-u0.7-m2-p6-f1,3433,RISCY-b,3,2,0.7,2,6,1
3857-RISCY-b-3-c20-u0.85-m1-p6-f1,3857,RISCY-b,3,20,0.85,1,6,1
3641-RISCY-b-3-c5-u0.9-m1-p7-f0,3641,RISCY-b,3,5,0.9,1,7,0
3540-RISCY-b-3-c5-u0.7-m1-p1-f0,3540,RISCY-b,3,5,0.7,1,1,0
3685-RISCY-b-3-c5-u0.75-m1-p3-f1,3685,RISCY-b,3,5,0.75,1,3,1
3374-RISCY-b-3-c2-u0.7-m2-p5-f0,3374,RISCY-b,3,2,0.7,2,5,0
3399-RISCY-b-3-c2-u0.8-m1-p8-f0,3399,RISCY-b,3,2,0.8,1,8,0
3771-RISCY-b-3-c5-u0.9-m3-p1-f1,3771,RISCY-b,3,5,0.9,3,1,1
3863-RISCY-b-3-c20-u0.85-m2-p4-f1,3863,RISCY-b,3,20,0.85,2,4,1
3506-RISCY-b-3-c2-u0.85-m2-p7-f1,3506,RISCY-b,3,2,0.85,2,7,1
3761-RISCY-b-3-c5-u0.9-m1-p7-f1,3761,RISCY-b,3,5,0.9,1,7,1
3614-RISCY-b-3-c5-u0.85-m1-p4-f0,3614,RISCY-b,3,5,0.85,1,4,0
3570-RISCY-b-3-c5-u0.75-m1-p7-f0,3570,RISCY-b,3,5,0.75,1,7,0
3597-RISCY-b-3-c5-u0.8-m2-p3-f0,3597,RISCY-b,3,5,0.8,2,3,0
3871-RISCY-b-3-c20-u0.9-m1-p6-f1,3871,RISCY-b,3,20,0.9,1,6,1
3647-RISCY-b-3-c5-u0.9-m2-p5-f0,3647,RISCY-b,3,5,0.9,2,5,0
3441-RISCY-b-3-c2-u0.7-m3-p6-f1,3441,RISCY-b,3,2,0.7,3,6,1
3373-RISCY-b-3-c2-u0.7-m2-p4-f0,3373,RISCY-b,3,2,0.7,2,4,0
3814-RISCY-b-3-c20-u0.7-m3-p1-f1,3814,RISCY-b,3,20,0.7,3,1,1
3448-RISCY-b-3-c2-u0.75-m1-p5-f1,3448,RISCY-b,3,2,0.75,1,5,1
3722-RISCY-b-3-c5-u0.8-m2-p8-f1,3722,RISCY-b,3,5,0.8,2,8,1
3457-RISCY-b-3-c2-u0.75-m2-p6-f1,3457,RISCY-b,3,2,0.75,2,6,1
3569-RISCY-b-3-c5-u0.75-m1-p6-f0,3569,RISCY-b,3,5,0.75,1,6,0
3458-RISCY-b-3-c2-u0.75-m2-p7-f1,3458,RISCY-b,3,2,0.75,2,7,1
3593-RISCY-b-3-c5-u0.8-m1-p6-f0,3593,RISCY-b,3,5,0.8,1,6,0
3418-RISCY-b-3-c2-u0.9-m1-p8-f0,3418,RISCY-b,3,2,0.9,1,8,0
3480-RISCY-b-3-c2-u0.8-m2-p5-f1,3480,RISCY-b,3,2,0.8,2,5,1
3775-RISCY-b-3-c5-u0.9-m3-p5-f1,3775,RISCY-b,3,5,0.9,3,5,1
3401-RISCY-b-3-c2-u0.8-m2-p7-f0,3401,RISCY-b,3,2,0.8,2,7,0
3825-RISCY-b-3-c20-u0.75-m1-p7-f1,3825,RISCY-b,3,20,0.75,1,7,1
3854-RISCY-b-3-c20-u0.85-m1-p3-f1,3854,RISCY-b,3,20,0.85,1,3,1
3661-RISCY-b-3-c5-u0.7-m1-p3-f1,3661,RISCY-b,3,5,0.7,1,3,1
3835-RISCY-b-3-c20-u0.75-m3-p5-f1,3835,RISCY-b,3,20,0.75,3,5,1
3495-RISCY-b-3-c2-u0.85-m1-p4-f1,3495,RISCY-b,3,2,0.85,1,4,1
3370-RISCY-b-3-c2-u0.7-m2-p1-f0,3370,RISCY-b,3,2,0.7,2,1,0
3879-RISCY-b-3-c20-u0.9-m2-p8-f1,3879,RISCY-b,3,20,0.9,2,8,1
3777-RISCY-b-3-c5-u0.9-m3-p7-f1,3777,RISCY-b,3,5,0.9,3,7,1
3542-RISCY-b-3-c5-u0.7-m1-p3-f0,3542,RISCY-b,3,5,0.7,1,3,0
3378-RISCY-b-3-c2-u0.75-m1-p2-f0,3378,RISCY-b,3,2,0.75,1,2,0
3684-RISCY-b-3-c5-u0.75-m1-p2-f1,3684,RISCY-b,3,5,0.75,1,2,1
3744-RISCY-b-3-c5-u0.85-m2-p6-f1,3744,RISCY-b,3,5,0.85,2,6,1
3442-RISCY-b-3-c2-u0.7-m3-p7-f1,3442,RISCY-b,3,2,0.7,3,7,1
3807-RISCY-b-3-c20-u0.7-m2-p2-f1,3807,RISCY-b,3,20,0.7,2,2,1
3763-RISCY-b-3-c5-u0.9-m2-p1-f1,3763,RISCY-b,3,5,0.9,2,1,1
3613-RISCY-b-3-c5-u0.85-m1-p3-f0,3613,RISCY-b,3,5,0.85,1,3,0
3601-RISCY-b-3-c5-u0.8-m2-p7-f0,3601,RISCY-b,3,5,0.8,2,7,0
3547-RISCY-b-3-c5-u0.7-m1-p8-f0,3547,RISCY-b,3,5,0.7,1,8,0
3427-RISCY-b-3-c2-u0.7-m1-p8-f1,3427,RISCY-b,3,2,0.7,1,8,1
3635-RISCY-b-3-c5-u0.9-m1-p1-f0,3635,RISCY-b,3,5,0.9,1,1,0
3711-RISCY-b-3-c5-u0.8-m1-p5-f1,3711,RISCY-b,3,5,0.8,1,5,1
3709-RISCY-b-3-c5-u0.8-m1-p3-f1,3709,RISCY-b,3,5,0.8,1,3,1
3818-RISCY-b-3-c20-u0.7-m3-p8-f1,3818,RISCY-b,3,20,0.7,3,8,1
3789-RISCY-b-3-c20-u0.75-m1-p3-f0,3789,RISCY-b,3,20,0.75,1,3,0
3690-RISCY-b-3-c5-u0.75-m1-p8-f1,3690,RISCY-b,3,5,0.75,1,8,1
3792-RISCY-b-3-c20-u0.75-m1-p8-f0,3792,RISCY-b,3,20,0.75,1,8,0
3687-RISCY-b-3-c5-u0.75-m1-p5-f1,3687,RISCY-b,3,5,0.75,1,5,1
3659-RISCY-b-3-c5-u0.7-m1-p1-f1,3659,RISCY-b,3,5,0.7,1,1,1
3738-RISCY-b-3-c5-u0.85-m1-p8-f1,3738,RISCY-b,3,5,0.85,1,8,1
3679-RISCY-b-3-c5-u0.7-m3-p5-f1,3679,RISCY-b,3,5,0.7,3,5,1
3592-RISCY-b-3-c5-u0.8-m1-p5-f0,3592,RISCY-b,3,5,0.8,1,5,0
3695-RISCY-b-3-c5-u0.75-m2-p5-f1,3695,RISCY-b,3,5,0.75,2,5,1
3470-RISCY-b-3-c2-u0.8-m1-p3-f1,3470,RISCY-b,3,2,0.8,1,3,1
3727-RISCY-b-3-c5-u0.8-m3-p5-f1,3727,RISCY-b,3,5,0.8,3,5,1
3762-RISCY-b-3-c5-u0.9-m1-p8-f1,3762,RISCY-b,3,5,0.9,1,8,1
3810-RISCY-b-3-c20-u0.7-m2-p5-f1,3810,RISCY-b,3,20,0.7,2,5,1
3439-RISCY-b-3-c2-u0.7-m3-p4-f1,3439,RISCY-b,3,2,0.7,3,4,1
3737-RISCY-b-3-c5-u0.85-m1-p7-f1,3737,RISCY-b,3,5,0.85,1,7,1
3819-RISCY-b-3-c20-u0.75-m1-p1-f1,3819,RISCY-b,3,20,0.75,1,1,1
3673-RISCY-b-3-c5-u0.7-m2-p7-f1,3673,RISCY-b,3,5,0.7,2,7,1
3396-RISCY-b-3-c2-u0.8-m1-p5-f0,3396,RISCY-b,3,2,0.8,1,5,0
3405-RISCY-b-3-c2-u0.85-m1-p4-f0,3405,RISCY-b,3,2,0.85,1,4,0
3806-RISCY-b-3-c20-u0.7-m2-p1-f1,3806,RISCY-b,3,20,0.7,2,1,1
3443-RISCY-b-3-c2-u0.7-m3-p8-f1,3443,RISCY-b,3,2,0.7,3,8,1
3562-RISCY-b-3-c5-u0.7-m3-p7-f0,3562,RISCY-b,3,5,0.7,3,7,0
3636-RISCY-b-3-c5-u0.9-m1-p2-f0,3636,RISCY-b,3,5,0.9,1,2,0
3471-RISCY-b-3-c2-u0.8-m1-p4-f1,3471,RISCY-b,3,2,0.8,1,4,1
3557-RISCY-b-3-c5-u0.7-m3-p2-f0,3557,RISCY-b,3,5,0.7,3,2,0
3844-RISCY-b-3-c20-u0.8-m2-p1-f1,3844,RISCY-b,3,20,0.8,2,1,1
3531-RISCY-b-3-c2-u0.9-m2-p8-f1,3531,RISCY-b,3,2,0.9,2,8,1
3726-RISCY-b-3-c5-u0.8-m3-p4-f1,3726,RISCY-b,3,5,0.8,3,4,1
3637-RISCY-b-3-c5-u0.9-m1-p3-f0,3637,RISCY-b,3,5,0.9,1,3,0
3746-RISCY-b-3-c5-u0.85-m2-p8-f1,3746,RISCY-b,3,5,0.85,2,8,1
3493-RISCY-b-3-c2-u0.85-m1-p2-f1,3493,RISCY-b,3,2,0.85,1,2,1
3491-RISCY-b-3-c2-u0.8-m3-p8-f1,3491,RISCY-b,3,2,0.8,3,8,1
3776-RISCY-b-3-c5-u0.9-m3-p6-f1,3776,RISCY-b,3,5,0.9,3,6,1
3475-RISCY-b-3-c2-u0.8-m1-p8-f1,3475,RISCY-b,3,2,0.8,1,8,1
3820-RISCY-b-3-c20-u0.75-m1-p2-f1,3820,RISCY-b,3,20,0.75,1,2,1
3412-RISCY-b-3-c2-u0.9-m1-p2-f0,3412,RISCY-b,3,2,0.9,1,2,0
3414-RISCY-b-3-c2-u0.9-m1-p4-f0,3414,RISCY-b,3,2,0.9,1,4,0
3403-RISCY-b-3-c2-u0.85-m1-p2-f0,3403,RISCY-b,3,2,0.85,1,2,0
3692-RISCY-b-3-c5-u0.75-m2-p2-f1,3692,RISCY-b,3,5,0.75,2,2,1
3532-RISCY-b-3-c2-u0.9-m3-p1-f1,3532,RISCY-b,3,2,0.9,3,1,1
3494-RISCY-b-3-c2-u0.85-m1-p3-f1,3494,RISCY-b,3,2,0.85,1,3,1
3698-RISCY-b-3-c5-u0.75-m2-p8-f1,3698,RISCY-b,3,5,0.75,2,8,1
3430-RISCY-b-3-c2-u0.7-m2-p3-f1,3430,RISCY-b,3,2,0.7,2,3,1
3558-RISCY-b-3-c5-u0.7-m3-p3-f0,3558,RISCY-b,3,5,0.7,3,3,0
3528-RISCY-b-3-c2-u0.9-m2-p5-f1,3528,RISCY-b,3,2,0.9,2,5,1
3665-RISCY-b-3-c5-u0.7-m1-p7-f1,3665,RISCY-b,3,5,0.7,1,7,1
3535-RISCY-b-3-c2-u0.9-m3-p4-f1,3535,RISCY-b,3,2,0.9,3,4,1
3434-RISCY-b-3-c2-u0.7-m2-p7-f1,3434,RISCY-b,3,2,0.7,2,7,1
3365-RISCY-b-3-c2-u0.7-m1-p4-f0,3365,RISCY-b,3,2,0.7,1,4,0
3868-RISCY-b-3-c20-u0.9-m1-p2-f1,3868,RISCY-b,3,20,0.9,1,2,1
3769-RISCY-b-3-c5-u0.9-m2-p7-f1,3769,RISCY-b,3,5,0.9,2,7,1
3539-RISCY-b-3-c2-u0.9-m3-p8-f1,3539,RISCY-b,3,2,0.9,3,8,1
3577-RISCY-b-3-c5-u0.75-m2-p6-f0,3577,RISCY-b,3,5,0.75,2,6,0
3486-RISCY-b-3-c2-u0.8-m3-p3-f1,3486,RISCY-b,3,2,0.8,3,3,1
3505-RISCY-b-3-c2-u0.85-m2-p6-f1,3505,RISCY-b,3,2,0.85,2,6,1
3455-RISCY-b-3-c2-u0.75-m2-p4-f1,3455,RISCY-b,3,2,0.75,2,4,1
3599-RISCY-b-3-c5-u0.8-m2-p5-f0,3599,RISCY-b,3,5,0.8,2,5,0
3426-RISCY-b-3-c2-u0.7-m1-p7-f1,3426,RISCY-b,3,2,0.7,1,7,1
3798-RISCY-b-3-c20-u0.7-m1-p1-f1,3798,RISCY-b,3,20,0.7,1,1,1
3652-RISCY-b-3-c5-u0.9-m3-p2-f0,3652,RISCY-b,3,5,0.9,3,2,0
3625-RISCY-b-3-c5-u0.85-m2-p7-f0,3625,RISCY-b,3,5,0.85,2,7,0
3849-RISCY-b-3-c20-u0.8-m2-p6-f1,3849,RISCY-b,3,20,0.8,2,6,1
3802-RISCY-b-3-c20-u0.7-m1-p5-f1,3802,RISCY-b,3,20,0.7,1,5,1
3735-RISCY-b-3-c5-u0.85-m1-p5-f1,3735,RISCY-b,3,5,0.85,1,5,1
3867-RISCY-b-3-c20-u0.85-m2-p8-f1,3867,RISCY-b,3,20,0.85,2,8,1
3377-RISCY-b-3-c2-u0.75-m1-p1-f0,3377,RISCY-b,3,2,0.75,1,1,0
3419-RISCY-b-3-c2-u0.9-m2-p7-f0,3419,RISCY-b,3,2,0.9,2,7,0
3462-RISCY-b-3-c2-u0.75-m3-p3-f1,3462,RISCY-b,3,2,0.75,3,3,1
3772-RISCY-b-3-c5-u0.9-m3-p2-f1,3772,RISCY-b,3,5,0.9,3,2,1
3628-RISCY-b-3-c5-u0.85-m3-p2-f0,3628,RISCY-b,3,5,0.85,3,2,0
3489-RISCY-b-3-c2-u0.8-m3-p6-f1,3489,RISCY-b,3,2,0.8,3,6,1
3781-RISCY-b-3-c20-u0.7-m1-p3-f0,3781,RISCY-b,3,20,0.7,1,3,0
3653-RISCY-b-3-c5-u0.9-m3-p3-f0,3653,RISCY-b,3,5,0.9,3,3,0
3612-RISCY-b-3-c5-u0.85-m1-p2-f0,3612,RISCY-b,3,5,0.85,1,2,0
3555-RISCY-b-3-c5-u0.7-m2-p8-f0,3555,RISCY-b,3,5,0.7,2,8,0
3638-RISCY-b-3-c5-u0.9-m1-p4-f0,3638,RISCY-b,3,5,0.9,1,4,0
3602-RISCY-b-3-c5-u0.8-m2-p8-f0,3602,RISCY-b,3,5,0.8,2,8,0
3669-RISCY-b-3-c5-u0.7-m2-p3-f1,3669,RISCY-b,3,5,0.7,2,3,1
3413-RISCY-b-3-c2-u0.9-m1-p3-f0,3413,RISCY-b,3,2,0.9,1,3,0
3702-RISCY-b-3-c5-u0.75-m3-p4-f1,3702,RISCY-b,3,5,0.75,3,4,1
3432-RISCY-b-3-c2-u0.7-m2-p5-f1,3432,RISCY-b,3,2,0.7,2,5,1
3873-RISCY-b-3-c20-u0.9-m1-p8-f1,3873,RISCY-b,3,20,0.9,1,8,1
3421-RISCY-b-3-c2-u0.7-m1-p2-f1,3421,RISCY-b,3,2,0.7,1,2,1
3847-RISCY-b-3-c20-u0.8-m2-p4-f1,3847,RISCY-b,3,20,0.8,2,4,1
3459-RISCY-b-3-c2-u0.75-m2-p8-f1,3459,RISCY-b,3,2,0.75,2,8,1
3465-RISCY-b-3-c2-u0.75-m3-p6-f1,3465,RISCY-b,3,2,0.75,3,6,1
3510-RISCY-b-3-c2-u0.85-m3-p3-f1,3510,RISCY-b,3,2,0.85,3,3,1
3520-RISCY-b-3-c2-u0.9-m1-p5-f1,3520,RISCY-b,3,2,0.9,1,5,1
3811-RISCY-b-3-c20-u0.7-m2-p6-f1,3811,RISCY-b,3,20,0.7,2,6,1
3611-RISCY-b-3-c5-u0.85-m1-p1-f0,3611,RISCY-b,3,5,0.85,1,1,0
3780-RISCY-b-3-c20-u0.7-m1-p2-f0,3780,RISCY-b,3,20,0.7,1,2,0
3585-RISCY-b-3-c5-u0.75-m3-p6-f0,3585,RISCY-b,3,5,0.75,3,6,0
3407-RISCY-b-3-c2-u0.85-m1-p6-f0,3407,RISCY-b,3,2,0.85,1,6,0
3784-RISCY-b-3-c20-u0.7-m1-p6-f0,3784,RISCY-b,3,20,0.7,1,6,0
3643-RISCY-b-3-c5-u0.9-m2-p1-f0,3643,RISCY-b,3,5,0.9,2,1,0
3877-RISCY-b-3-c20-u0.9-m2-p6-f1,3877,RISCY-b,3,20,0.9,2,6,1
3529-RISCY-b-3-c2-u0.9-m2-p6-f1,3529,RISCY-b,3,2,0.9,2,6,1
3688-RISCY-b-3-c5-u0.75-m1-p6-f1,3688,RISCY-b,3,5,0.75,1,6,1
3851-RISCY-b-3-c20-u0.8-m2-p8-f1,3851,RISCY-b,3,20,0.8,2,8,1
3676-RISCY-b-3-c5-u0.7-m3-p2-f1,3676,RISCY-b,3,5,0.7,3,2,1
3837-RISCY-b-3-c20-u0.75-m3-p8-f1,3837,RISCY-b,3,20,0.75,3,8,1
3538-RISCY-b-3-c2-u0.9-m3-p7-f1,3538,RISCY-b,3,2,0.9,3,7,1
3499-RISCY-b-3-c2-u0.85-m1-p8-f1,3499,RISCY-b,3,2,0.85,1,8,1
3560-RISCY-b-3-c5-u0.7-m3-p5-f0,3560,RISCY-b,3,5,0.7,3,5,0
3701-RISCY-b-3-c5-u0.75-m3-p3-f1,3701,RISCY-b,3,5,0.75,3,3,1
3519-RISCY-b-3-c2-u0.9-m1-p4-f1,3519,RISCY-b,3,2,0.9,1,4,1
3678-RISCY-b-3-c5-u0.7-m3-p4-f1,3678,RISCY-b,3,5,0.7,3,4,1
3650-RISCY-b-3-c5-u0.9-m2-p8-f0,3650,RISCY-b,3,5,0.9,2,8,0
3575-RISCY-b-3-c5-u0.75-m2-p4-f0,3575,RISCY-b,3,5,0.75,2,4,0
3460-RISCY-b-3-c2-u0.75-m3-p1-f1,3460,RISCY-b,3,2,0.75,3,1,1
3649-RISCY-b-3-c5-u0.9-m2-p7-f0,3649,RISCY-b,3,5,0.9,2,7,0
3754-RISCY-b-3-c5-u0.85-m3-p8-f1,3754,RISCY-b,3,5,0.85,3,8,1
3704-RISCY-b-3-c5-u0.75-m3-p6-f1,3704,RISCY-b,3,5,0.75,3,6,1
3381-RISCY-b-3-c2-u0.75-m1-p5-f0,3381,RISCY-b,3,2,0.75,1,5,0
3680-RISCY-b-3-c5-u0.7-m3-p6-f1,3680,RISCY-b,3,5,0.7,3,6,1
3708-RISCY-b-3-c5-u0.8-m1-p2-f1,3708,RISCY-b,3,5,0.8,1,2,1
3362-RISCY-b-3-c2-u0.7-m1-p1-f0,3362,RISCY-b,3,2,0.7,1,1,0
3509-RISCY-b-3-c2-u0.85-m3-p2-f1,3509,RISCY-b,3,2,0.85,3,2,1
3645-RISCY-b-3-c5-u0.9-m2-p3-f0,3645,RISCY-b,3,5,0.9,2,3,0
3451-RISCY-b-3-c2-u0.75-m1-p8-f1,3451,RISCY-b,3,2,0.75,1,8,1
6958-RISCY-FPU-b-3-c5-u0.75-m2-p8-f1,6958,RISCY-FPU-b,3,5,0.75,2,8,1
6918-RISCY-FPU-b-3-c5-u0.9-m3-p8-f0,6918,RISCY-FPU-b,3,5,0.9,3,8,0
6831-RISCY-FPU-b-3-c5-u0.75-m2-p1-f0,6831,RISCY-FPU-b,3,5,0.75,2,1,0
7096-RISCY-FPU-b-3-c20-u0.9-m2-p7-f1,7096,RISCY-FPU-b,3,20,0.9,2,7,1
6923-RISCY-FPU-b-3-c5-u0.7-m1-p5-f1,6923,RISCY-FPU-b,3,5,0.7,1,5,1
6711-RISCY-FPU-b-3-c2-u0.75-m2-p1-f1,6711,RISCY-FPU-b,3,2,0.75,2,1,1
6700-RISCY-FPU-b-3-c2-u0.7-m3-p6-f1,6700,RISCY-FPU-b,3,2,0.7,3,6,1
7054-RISCY-FPU-b-3-c20-u0.7-m2-p8-f1,7054,RISCY-FPU-b,3,20,0.7,2,8,1
7056-RISCY-FPU-b-3-c20-u0.75-m1-p2-f1,7056,RISCY-FPU-b,3,20,0.75,1,2,1
6903-RISCY-FPU-b-3-c5-u0.9-m2-p1-f0,6903,RISCY-FPU-b,3,5,0.9,2,1,0
6964-RISCY-FPU-b-3-c5-u0.75-m3-p6-f1,6964,RISCY-FPU-b,3,5,0.75,3,6,1
7087-RISCY-FPU-b-3-c20-u0.85-m1-p8-f1,7087,RISCY-FPU-b,3,20,0.85,1,8,1
6741-RISCY-FPU-b-3-c2-u0.8-m2-p7-f1,6741,RISCY-FPU-b,3,2,0.8,2,7,1
6961-RISCY-FPU-b-3-c5-u0.75-m3-p3-f1,6961,RISCY-FPU-b,3,5,0.75,3,3,1
6865-RISCY-FPU-b-3-c5-u0.8-m3-p3-f0,6865,RISCY-FPU-b,3,5,0.8,3,3,0
6847-RISCY-FPU-b-3-c5-u0.8-m1-p1-f0,6847,RISCY-FPU-b,3,5,0.8,1,1,0
6881-RISCY-FPU-b-3-c5-u0.85-m2-p3-f0,6881,RISCY-FPU-b,3,5,0.85,2,3,0
6838-RISCY-FPU-b-3-c5-u0.75-m2-p8-f0,6838,RISCY-FPU-b,3,5,0.75,2,8,0
6718-RISCY-FPU-b-3-c2-u0.75-m2-p8-f1,6718,RISCY-FPU-b,3,2,0.75,2,8,1
6804-RISCY-FPU-b-3-c5-u0.7-m1-p6-f0,6804,RISCY-FPU-b,3,5,0.7,1,6,0
6811-RISCY-FPU-b-3-c5-u0.7-m2-p5-f0,6811,RISCY-FPU-b,3,5,0.7,2,5,0
6971-RISCY-FPU-b-3-c5-u0.8-m1-p5-f1,6971,RISCY-FPU-b,3,5,0.8,1,5,1
6824-RISCY-FPU-b-3-c5-u0.75-m1-p2-f0,6824,RISCY-FPU-b,3,5,0.75,1,2,0
6934-RISCY-FPU-b-3-c5-u0.7-m2-p8-f1,6934,RISCY-FPU-b,3,5,0.7,2,8,1
6935-RISCY-FPU-b-3-c5-u0.7-m3-p1-f1,6935,RISCY-FPU-b,3,5,0.7,3,1,1
7052-RISCY-FPU-b-3-c20-u0.7-m2-p6-f1,7052,RISCY-FPU-b,3,20,0.7,2,6,1
6933-RISCY-FPU-b-3-c5-u0.7-m2-p7-f1,6933,RISCY-FPU-b,3,5,0.7,2,7,1
6889-RISCY-FPU-b-3-c5-u0.85-m3-p3-f0,6889,RISCY-FPU-b,3,5,0.85,3,3,0
6709-RISCY-FPU-b-3-c2-u0.75-m1-p7-f1,6709,RISCY-FPU-b,3,2,0.75,1,7,1
7004-RISCY-FPU-b-3-c5-u0.85-m2-p6-f1,7004,RISCY-FPU-b,3,5,0.85,2,6,1
6797-RISCY-FPU-b-3-c2-u0.9-m3-p7-f1,6797,RISCY-FPU-b,3,2,0.9,3,7,1
6916-RISCY-FPU-b-3-c5-u0.9-m3-p6-f0,6916,RISCY-FPU-b,3,5,0.9,3,6,0
6886-RISCY-FPU-b-3-c5-u0.85-m2-p8-f0,6886,RISCY-FPU-b,3,5,0.85,2,8,0
6984-RISCY-FPU-b-3-c5-u0.8-m3-p2-f1,6984,RISCY-FPU-b,3,5,0.8,3,2,1
7028-RISCY-FPU-b-3-c5-u0.9-m2-p6-f1,7028,RISCY-FPU-b,3,5,0.9,2,6,1
7024-RISCY-FPU-b-3-c5-u0.9-m2-p2-f1,7024,RISCY-FPU-b,3,5,0.9,2,2,1
7015-RISCY-FPU-b-3-c5-u0.9-m1-p1-f1,7015,RISCY-FPU-b,3,5,0.9,1,1,1
7069-RISCY-FPU-b-3-c20-u0.75-m2-p8-f1,7069,RISCY-FPU-b,3,20,0.75,2,8,1
6805-RISCY-FPU-b-3-c5-u0.7-m1-p7-f0,6805,RISCY-FPU-b,3,5,0.7,1,7,0
6792-RISCY-FPU-b-3-c2-u0.9-m3-p2-f1,6792,RISCY-FPU-b,3,2,0.9,3,2,1
7051-RISCY-FPU-b-3-c20-u0.7-m2-p5-f1,7051,RISCY-FPU-b,3,20,0.7,2,5,1
7014-RISCY-FPU-b-3-c5-u0.85-m3-p8-f1,7014,RISCY-FPU-b,3,5,0.85,3,8,1
6878-RISCY-FPU-b-3-c5-u0.85-m1-p8-f0,6878,RISCY-FPU-b,3,5,0.85,1,8,0
6761-RISCY-FPU-b-3-c2-u0.85-m2-p3-f1,6761,RISCY-FPU-b,3,2,0.85,2,3,1
6957-RISCY-FPU-b-3-c5-u0.75-m2-p7-f1,6957,RISCY-FPU-b,3,5,0.75,2,7,1
7036-RISCY-FPU-b-3-c5-u0.9-m3-p6-f1,7036,RISCY-FPU-b,3,5,0.9,3,6,1
6822-RISCY-FPU-b-3-c5-u0.7-m3-p8-f0,6822,RISCY-FPU-b,3,5,0.7,3,8,0
6951-RISCY-FPU-b-3-c5-u0.75-m2-p1-f1,6951,RISCY-FPU-b,3,5,0.75,2,1,1
6734-RISCY-FPU-b-3-c2-u0.8-m1-p8-f1,6734,RISCY-FPU-b,3,2,0.8,1,8,1
6988-RISCY-FPU-b-3-c5-u0.8-m3-p6-f1,6988,RISCY-FPU-b,3,5,0.8,3,6,1
6798-RISCY-FPU-b-3-c2-u0.9-m3-p8-f1,6798,RISCY-FPU-b,3,2,0.9,3,8,1
6742-RISCY-FPU-b-3-c2-u0.8-m2-p8-f1,6742,RISCY-FPU-b,3,2,0.8,2,8,1
7079-RISCY-FPU-b-3-c20-u0.8-m2-p7-f1,7079,RISCY-FPU-b,3,20,0.8,2,7,1
6859-RISCY-FPU-b-3-c5-u0.8-m2-p5-f0,6859,RISCY-FPU-b,3,5,0.8,2,5,0
7048-RISCY-FPU-b-3-c20-u0.7-m2-p2-f1,7048,RISCY-FPU-b,3,20,0.7,2,2,1
6980-RISCY-FPU-b-3-c5-u0.8-m2-p6-f1,6980,RISCY-FPU-b,3,5,0.8,2,6,1
6717-RISCY-FPU-b-3-c2-u0.75-m2-p7-f1,6717,RISCY-FPU-b,3,2,0.75,2,7,1
6995-RISCY-FPU-b-3-c5-u0.85-m1-p5-f1,6995,RISCY-FPU-b,3,5,0.85,1,5,1
6766-RISCY-FPU-b-3-c2-u0.85-m2-p8-f1,6766,RISCY-FPU-b,3,2,0.85,2,8,1
6996-RISCY-FPU-b-3-c5-u0.85-m1-p6-f1,6996,RISCY-FPU-b,3,5,0.85,1,6,1
7076-RISCY-FPU-b-3-c20-u0.8-m2-p2-f1,7076,RISCY-FPU-b,3,20,0.8,2,2,1
7026-RISCY-FPU-b-3-c5-u0.9-m2-p4-f1,7026,RISCY-FPU-b,3,5,0.9,2,4,1
6757-RISCY-FPU-b-3-c2-u0.85-m1-p7-f1,6757,RISCY-FPU-b,3,2,0.85,1,7,1
6738-RISCY-FPU-b-3-c2-u0.8-m2-p4-f1,6738,RISCY-FPU-b,3,2,0.8,2,4,1
6844-RISCY-FPU-b-3-c5-u0.75-m3-p6-f0,6844,RISCY-FPU-b,3,5,0.75,3,6,0
6777-RISCY-FPU-b-3-c2-u0.9-m1-p3-f1,6777,RISCY-FPU-b,3,2,0.9,1,3,1
6769-RISCY-FPU-b-3-c2-u0.85-m3-p3-f1,6769,RISCY-FPU-b,3,2,0.85,3,3,1
6924-RISCY-FPU-b-3-c5-u0.7-m1-p6-f1,6924,RISCY-FPU-b,3,5,0.7,1,6,1
6854-RISCY-FPU-b-3-c5-u0.8-m1-p8-f0,6854,RISCY-FPU-b,3,5,0.8,1,8,0
6778-RISCY-FPU-b-3-c2-u0.9-m1-p4-f1,6778,RISCY-FPU-b,3,2,0.9,1,4,1
6770-RISCY-FPU-b-3-c2-u0.85-m3-p4-f1,6770,RISCY-FPU-b,3,2,0.85,3,4,1
6944-RISCY-FPU-b-3-c5-u0.75-m1-p2-f1,6944,RISCY-FPU-b,3,5,0.75,1,2,1
6710-RISCY-FPU-b-3-c2-u0.75-m1-p8-f1,6710,RISCY-FPU-b,3,2,0.75,1,8,1
6826-RISCY-FPU-b-3-c5-u0.75-m1-p4-f0,6826,RISCY-FPU-b,3,5,0.75,1,4,0
6725-RISCY-FPU-b-3-c2-u0.75-m3-p7-f1,6725,RISCY-FPU-b,3,2,0.75,3,7,1
7017-RISCY-FPU-b-3-c5-u0.9-m1-p3-f1,7017,RISCY-FPU-b,3,5,0.9,1,3,1
6893-RISCY-FPU-b-3-c5-u0.85-m3-p7-f0,6893,RISCY-FPU-b,3,5,0.85,3,7,0
6816-RISCY-FPU-b-3-c5-u0.7-m3-p2-f0,6816,RISCY-FPU-b,3,5,0.7,3,2,0
6694-RISCY-FPU-b-3-c2-u0.7-m2-p7-f1,6694,RISCY-FPU-b,3,2,0.7,2,7,1
6943-RISCY-FPU-b-3-c5-u0.75-m1-p1-f1,6943,RISCY-FPU-b,3,5,0.75,1,1,1
7057-RISCY-FPU-b-3-c20-u0.75-m1-p3-f1,7057,RISCY-FPU-b,3,20,0.75,1,3,1
6853-RISCY-FPU-b-3-c5-u0.8-m1-p7-f0,6853,RISCY-FPU-b,3,5,0.8,1,7,0
7060-RISCY-FPU-b-3-c20-u0.75-m1-p6-f1,7060,RISCY-FPU-b,3,20,0.75,1,6,1
7070-RISCY-FPU-b-3-c20-u0.8-m1-p1-f1,7070,RISCY-FPU-b,3,20,0.8,1,1,1
6730-RISCY-FPU-b-3-c2-u0.8-m1-p4-f1,6730,RISCY-FPU-b,3,2,0.8,1,4,1
7016-RISCY-FPU-b-3-c5-u0.9-m1-p2-f1,7016,RISCY-FPU-b,3,5,0.9,1,2,1
6836-RISCY-FPU-b-3-c5-u0.75-m2-p6-f0,6836,RISCY-FPU-b,3,5,0.75,2,6,0
6940-RISCY-FPU-b-3-c5-u0.7-m3-p6-f1,6940,RISCY-FPU-b,3,5,0.7,3,6,1
6828-RISCY-FPU-b-3-c5-u0.75-m1-p6-f0,6828,RISCY-FPU-b,3,5,0.75,1,6,0
6785-RISCY-FPU-b-3-c2-u0.9-m2-p3-f1,6785,RISCY-FPU-b,3,2,0.9,2,3,1
6736-RISCY-FPU-b-3-c2-u0.8-m2-p2-f1,6736,RISCY-FPU-b,3,2,0.8,2,2,1
6908-RISCY-FPU-b-3-c5-u0.9-m2-p6-f0,6908,RISCY-FPU-b,3,5,0.9,2,6,0
6812-RISCY-FPU-b-3-c5-u0.7-m2-p6-f0,6812,RISCY-FPU-b,3,5,0.7,2,6,0
7093-RISCY-FPU-b-3-c20-u0.9-m1-p2-f1,7093,RISCY-FPU-b,3,20,0.9,1,2,1
6789-RISCY-FPU-b-3-c2-u0.9-m2-p7-f1,6789,RISCY-FPU-b,3,2,0.9,2,7,1
6809-RISCY-FPU-b-3-c5-u0.7-m2-p3-f0,6809,RISCY-FPU-b,3,5,0.7,2,3,0
7034-RISCY-FPU-b-3-c5-u0.9-m3-p4-f1,7034,RISCY-FPU-b,3,5,0.9,3,4,1
6919-RISCY-FPU-b-3-c5-u0.7-m1-p1-f1,6919,RISCY-FPU-b,3,5,0.7,1,1,1
6978-RISCY-FPU-b-3-c5-u0.8-m2-p4-f1,6978,RISCY-FPU-b,3,5,0.8,2,4,1
7030-RISCY-FPU-b-3-c5-u0.9-m2-p8-f1,7030,RISCY-FPU-b,3,5,0.9,2,8,1
6959-RISCY-FPU-b-3-c5-u0.75-m3-p1-f1,6959,RISCY-FPU-b,3,5,0.75,3,1,1
7008-RISCY-FPU-b-3-c5-u0.85-m3-p2-f1,7008,RISCY-FPU-b,3,5,0.85,3,2,1
6992-RISCY-FPU-b-3-c5-u0.85-m1-p2-f1,6992,RISCY-FPU-b,3,5,0.85,1,2,1
6926-RISCY-FPU-b-3-c5-u0.7-m1-p8-f1,6926,RISCY-FPU-b,3,5,0.7,1,8,1
6985-RISCY-FPU-b-3-c5-u0.8-m3-p3-f1,6985,RISCY-FPU-b,3,5,0.8,3,3,1
6884-RISCY-FPU-b-3-c5-u0.85-m2-p6-f0,6884,RISCY-FPU-b,3,5,0.85,2,6,0
7055-RISCY-FPU-b-3-c20-u0.75-m1-p1-f1,7055,RISCY-FPU-b,3,20,0.75,1,1,1
7021-RISCY-FPU-b-3-c5-u0.9-m1-p7-f1,7021,RISCY-FPU-b,3,5,0.9,1,7,1
6948-RISCY-FPU-b-3-c5-u0.75-m1-p6-f1,6948,RISCY-FPU-b,3,5,0.75,1,6,1
6697-RISCY-FPU-b-3-c2-u0.7-m3-p3-f1,6697,RISCY-FPU-b,3,2,0.7,3,3,1
7009-RISCY-FPU-b-3-c5-u0.85-m3-p3-f1,7009,RISCY-FPU-b,3,5,0.85,3,3,1
6915-RISCY-FPU-b-3-c5-u0.9-m3-p5-f0,6915,RISCY-FPU-b,3,5,0.9,3,5,0
6705-RISCY-FPU-b-3-c2-u0.75-m1-p3-f1,6705,RISCY-FPU-b,3,2,0.75,1,3,1
7068-RISCY-FPU-b-3-c20-u0.75-m2-p7-f1,7068,RISCY-FPU-b,3,20,0.75,2,7,1
6684-RISCY-FPU-b-3-c2-u0.7-m1-p5-f1,6684,RISCY-FPU-b,3,2,0.7,1,5,1
6795-RISCY-FPU-b-3-c2-u0.9-m3-p5-f1,6795,RISCY-FPU-b,3,2,0.9,3,5,1
6966-RISCY-FPU-b-3-c5-u0.75-m3-p8-f1,6966,RISCY-FPU-b,3,5,0.75,3,8,1
6755-RISCY-FPU-b-3-c2-u0.85-m1-p5-f1,6755,RISCY-FPU-b,3,2,0.85,1,5,1
7018-RISCY-FPU-b-3-c5-u0.9-m1-p4-f1,7018,RISCY-FPU-b,3,5,0.9,1,4,1
6899-RISCY-FPU-b-3-c5-u0.9-m1-p5-f0,6899,RISCY-FPU-b,3,5,0.9,1,5,0
6960-RISCY-FPU-b-3-c5-u0.75-m3-p2-f1,6960,RISCY-FPU-b,3,5,0.75,3,2,1
6885-RISCY-FPU-b-3-c5-u0.85-m2-p7-f0,6885,RISCY-FPU-b,3,5,0.85,2,7,0
6680-RISCY-FPU-b-3-c2-u0.7-m1-p1-f1,6680,RISCY-FPU-b,3,2,0.7,1,1,1
6883-RISCY-FPU-b-3-c5-u0.85-m2-p5-f0,6883,RISCY-FPU-b,3,5,0.85,2,5,0
7049-RISCY-FPU-b-3-c20-u0.7-m2-p3-f1,7049,RISCY-FPU-b,3,20,0.7,2,3,1
6927-RISCY-FPU-b-3-c5-u0.7-m2-p1-f1,6927,RISCY-FPU-b,3,5,0.7,2,1,1
7082-RISCY-FPU-b-3-c20-u0.85-m1-p2-f1,7082,RISCY-FPU-b,3,20,0.85,1,2,1
6891-RISCY-FPU-b-3-c5-u0.85-m3-p5-f0,6891,RISCY-FPU-b,3,5,0.85,3,5,0
6877-RISCY-FPU-b-3-c5-u0.85-m1-p7-f0,6877,RISCY-FPU-b,3,5,0.85,1,7,0
6993-RISCY-FPU-b-3-c5-u0.85-m1-p3-f1,6993,RISCY-FPU-b,3,5,0.85,1,3,1
6956-RISCY-FPU-b-3-c5-u0.75-m2-p6-f1,6956,RISCY-FPU-b,3,5,0.75,2,6,1
6872-RISCY-FPU-b-3-c5-u0.85-m1-p2-f0,6872,RISCY-FPU-b,3,5,0.85,1,2,0
6740-RISCY-FPU-b-3-c2-u0.8-m2-p6-f1,6740,RISCY-FPU-b,3,2,0.8,2,6,1
6833-RISCY-FPU-b-3-c5-u0.75-m2-p3-f0,6833,RISCY-FPU-b,3,5,0.75,2,3,0
6862-RISCY-FPU-b-3-c5-u0.8-m2-p8-f0,6862,RISCY-FPU-b,3,5,0.8,2,8,0
6856-RISCY-FPU-b-3-c5-u0.8-m2-p2-f0,6856,RISCY-FPU-b,3,5,0.8,2,2,0
6808-RISCY-FPU-b-3-c5-u0.7-m2-p2-f0,6808,RISCY-FPU-b,3,5,0.7,2,2,0
6950-RISCY-FPU-b-3-c5-u0.75-m1-p8-f1,6950,RISCY-FPU-b,3,5,0.75,1,8,1
7032-RISCY-FPU-b-3-c5-u0.9-m3-p2-f1,7032,RISCY-FPU-b,3,5,0.9,3,2,1
7033-RISCY-FPU-b-3-c5-u0.9-m3-p3-f1,7033,RISCY-FPU-b,3,5,0.9,3,3,1
6794-RISCY-FPU-b-3-c2-u0.9-m3-p4-f1,6794,RISCY-FPU-b,3,2,0.9,3,4,1
6682-RISCY-FPU-b-3-c2-u0.7-m1-p3-f1,6682,RISCY-FPU-b,3,2,0.7,1,3,1
6708-RISCY-FPU-b-3-c2-u0.75-m1-p6-f1,6708,RISCY-FPU-b,3,2,0.75,1,6,1
6936-RISCY-FPU-b-3-c5-u0.7-m3-p2-f1,6936,RISCY-FPU-b,3,5,0.7,3,2,1
6849-RISCY-FPU-b-3-c5-u0.8-m1-p3-f0,6849,RISCY-FPU-b,3,5,0.8,1,3,0
6942-RISCY-FPU-b-3-c5-u0.7-m3-p8-f1,6942,RISCY-FPU-b,3,5,0.7,3,8,1
6879-RISCY-FPU-b-3-c5-u0.85-m2-p1-f0,6879,RISCY-FPU-b,3,5,0.85,2,1,0
6720-RISCY-FPU-b-3-c2-u0.75-m3-p2-f1,6720,RISCY-FPU-b,3,2,0.75,3,2,1
6689-RISCY-FPU-b-3-c2-u0.7-m2-p2-f1,6689,RISCY-FPU-b,3,2,0.7,2,2,1
6772-RISCY-FPU-b-3-c2-u0.85-m3-p6-f1,6772,RISCY-FPU-b,3,2,0.85,3,6,1
6913-RISCY-FPU-b-3-c5-u0.9-m3-p3-f0,6913,RISCY-FPU-b,3,5,0.9,3,3,0
7000-RISCY-FPU-b-3-c5-u0.85-m2-p2-f1,7000,RISCY-FPU-b,3,5,0.85,2,2,1
6953-RISCY-FPU-b-3-c5-u0.75-m2-p3-f1,6953,RISCY-FPU-b,3,5,0.75,2,3,1
6850-RISCY-FPU-b-3-c5-u0.8-m1-p4-f0,6850,RISCY-FPU-b,3,5,0.8,1,4,0
6962-RISCY-FPU-b-3-c5-u0.75-m3-p4-f1,6962,RISCY-FPU-b,3,5,0.75,3,4,1
6875-RISCY-FPU-b-3-c5-u0.85-m1-p5-f0,6875,RISCY-FPU-b,3,5,0.85,1,5,0
6932-RISCY-FPU-b-3-c5-u0.7-m2-p6-f1,6932,RISCY-FPU-b,3,5,0.7,2,6,1
6724-RISCY-FPU-b-3-c2-u0.75-m3-p6-f1,6724,RISCY-FPU-b,3,2,0.75,3,6,1
6973-RISCY-FPU-b-3-c5-u0.8-m1-p7-f1,6973,RISCY-FPU-b,3,5,0.8,1,7,1
7012-RISCY-FPU-b-3-c5-u0.85-m3-p6-f1,7012,RISCY-FPU-b,3,5,0.85,3,6,1
6829-RISCY-FPU-b-3-c5-u0.75-m1-p7-f0,6829,RISCY-FPU-b,3,5,0.75,1,7,0
7038-RISCY-FPU-b-3-c5-u0.9-m3-p8-f1,7038,RISCY-FPU-b,3,5,0.9,3,8,1
6910-RISCY-FPU-b-3-c5-u0.9-m2-p8-f0,6910,RISCY-FPU-b,3,5,0.9,2,8,0
6837-RISCY-FPU-b-3-c5-u0.75-m2-p7-f0,6837,RISCY-FPU-b,3,5,0.75,2,7,0
6922-RISCY-FPU-b-3-c5-u0.7-m1-p4-f1,6922,RISCY-FPU-b,3,5,0.7,1,4,1
6810-RISCY-FPU-b-3-c5-u0.7-m2-p4-f0,6810,RISCY-FPU-b,3,5,0.7,2,4,0
6912-RISCY-FPU-b-3-c5-u0.9-m3-p2-f0,6912,RISCY-FPU-b,3,5,0.9,3,2,0
6906-RISCY-FPU-b-3-c5-u0.9-m2-p4-f0,6906,RISCY-FPU-b,3,5,0.9,2,4,0
6939-RISCY-FPU-b-3-c5-u0.7-m3-p5-f1,6939,RISCY-FPU-b,3,5,0.7,3,5,1
7095-RISCY-FPU-b-3-c20-u0.9-m1-p6-f1,7095,RISCY-FPU-b,3,20,0.9,1,6,1
6901-RISCY-FPU-b-3-c5-u0.9-m1-p7-f0,6901,RISCY-FPU-b,3,5,0.9,1,7,0
6839-RISCY-FPU-b-3-c5-u0.75-m3-p1-f0,6839,RISCY-FPU-b,3,5,0.75,3,1,0
7007-RISCY-FPU-b-3-c5-u0.85-m3-p1-f1,7007,RISCY-FPU-b,3,5,0.85,3,1,1
6999-RISCY-FPU-b-3-c5-u0.85-m2-p1-f1,6999,RISCY-FPU-b,3,5,0.85,2,1,1
7047-RISCY-FPU-b-3-c20-u0.7-m2-p1-f1,7047,RISCY-FPU-b,3,20,0.7,2,1,1
6779-RISCY-FPU-b-3-c2-u0.9-m1-p5-f1,6779,RISCY-FPU-b,3,2,0.9,1,5,1
6979-RISCY-FPU-b-3-c5-u0.8-m2-p5-f1,6979,RISCY-FPU-b,3,5,0.8,2,5,1
6693-RISCY-FPU-b-3-c2-u0.7-m2-p6-f1,6693,RISCY-FPU-b,3,2,0.7,2,6,1
6681-RISCY-FPU-b-3-c2-u0.7-m1-p2-f1,6681,RISCY-FPU-b,3,2,0.7,1,2,1
6744-RISCY-FPU-b-3-c2-u0.8-m3-p2-f1,6744,RISCY-FPU-b,3,2,0.8,3,2,1
6900-RISCY-FPU-b-3-c5-u0.9-m1-p6-f0,6900,RISCY-FPU-b,3,5,0.9,1,6,0
7077-RISCY-FPU-b-3-c20-u0.8-m2-p5-f1,7077,RISCY-FPU-b,3,20,0.8,2,5,1
6867-RISCY-FPU-b-3-c5-u0.8-m3-p5-f0,6867,RISCY-FPU-b,3,5,0.8,3,5,0
6989-RISCY-FPU-b-3-c5-u0.8-m3-p7-f1,6989,RISCY-FPU-b,3,5,0.8,3,7,1
6917-RISCY-FPU-b-3-c5-u0.9-m3-p7-f0,6917,RISCY-FPU-b,3,5,0.9,3,7,0
6834-RISCY-FPU-b-3-c5-u0.75-m2-p4-f0,6834,RISCY-FPU-b,3,5,0.75,2,4,0
6967-RISCY-FPU-b-3-c5-u0.8-m1-p1-f1,6967,RISCY-FPU-b,3,5,0.8,1,1,1
7078-RISCY-FPU-b-3-c20-u0.8-m2-p6-f1,7078,RISCY-FPU-b,3,20,0.8,2,6,1
7080-RISCY-FPU-b-3-c20-u0.8-m2-p8-f1,7080,RISCY-FPU-b,3,20,0.8,2,8,1
6774-RISCY-FPU-b-3-c2-u0.85-m3-p8-f1,6774,RISCY-FPU-b,3,2,0.85,3,8,1
7090-RISCY-FPU-b-3-c20-u0.85-m2-p7-f1,7090,RISCY-FPU-b,3,20,0.85,2,7,1
6937-RISCY-FPU-b-3-c5-u0.7-m3-p3-f1,6937,RISCY-FPU-b,3,5,0.7,3,3,1
6793-RISCY-FPU-b-3-c2-u0.9-m3-p3-f1,6793,RISCY-FPU-b,3,2,0.9,3,3,1
7061-RISCY-FPU-b-3-c20-u0.75-m1-p7-f1,7061,RISCY-FPU-b,3,20,0.75,1,7,1
7043-RISCY-FPU-b-3-c20-u0.7-m1-p5-f1,7043,RISCY-FPU-b,3,20,0.7,1,5,1
6723-RISCY-FPU-b-3-c2-u0.75-m3-p5-f1,6723,RISCY-FPU-b,3,2,0.75,3,5,1
6820-RISCY-FPU-b-3-c5-u0.7-m3-p6-f0,6820,RISCY-FPU-b,3,5,0.7,3,6,0
6799-RISCY-FPU-b-3-c5-u0.7-m1-p1-f0,6799,RISCY-FPU-b,3,5,0.7,1,1,0
6771-RISCY-FPU-b-3-c2-u0.85-m3-p5-f1,6771,RISCY-FPU-b,3,2,0.85,3,5,1
7022-RISCY-FPU-b-3-c5-u0.9-m1-p8-f1,7022,RISCY-FPU-b,3,5,0.9,1,8,1
6760-RISCY-FPU-b-3-c2-u0.85-m2-p2-f1,6760,RISCY-FPU-b,3,2,0.85,2,2,1
6801-RISCY-FPU-b-3-c5-u0.7-m1-p3-f0,6801,RISCY-FPU-b,3,5,0.7,1,3,0
6974-RISCY-FPU-b-3-c5-u0.8-m1-p8-f1,6974,RISCY-FPU-b,3,5,0.8,1,8,1
6714-RISCY-FPU-b-3-c2-u0.75-m2-p4-f1,6714,RISCY-FPU-b,3,2,0.75,2,4,1
6968-RISCY-FPU-b-3-c5-u0.8-m1-p2-f1,6968,RISCY-FPU-b,3,5,0.8,1,2,1
6786-RISCY-FPU-b-3-c2-u0.9-m2-p4-f1,6786,RISCY-FPU-b,3,2,0.9,2,4,1
6753-RISCY-FPU-b-3-c2-u0.85-m1-p3-f1,6753,RISCY-FPU-b,3,2,0.85,1,3,1
6690-RISCY-FPU-b-3-c2-u0.7-m2-p3-f1,6690,RISCY-FPU-b,3,2,0.7,2,3,1
6965-RISCY-FPU-b-3-c5-u0.75-m3-p7-f1,6965,RISCY-FPU-b,3,5,0.75,3,7,1
6907-RISCY-FPU-b-3-c5-u0.9-m2-p5-f0,6907,RISCY-FPU-b,3,5,0.9,2,5,0
6703-RISCY-FPU-b-3-c2-u0.75-m1-p1-f1,6703,RISCY-FPU-b,3,2,0.75,1,1,1
6977-RISCY-FPU-b-3-c5-u0.8-m2-p3-f1,6977,RISCY-FPU-b,3,5,0.8,2,3,1
6990-RISCY-FPU-b-3-c5-u0.8-m3-p8-f1,6990,RISCY-FPU-b,3,5,0.8,3,8,1
6864-RISCY-FPU-b-3-c5-u0.8-m3-p2-f0,6864,RISCY-FPU-b,3,5,0.8,3,2,0
6860-RISCY-FPU-b-3-c5-u0.8-m2-p6-f0,6860,RISCY-FPU-b,3,5,0.8,2,6,0
6846-RISCY-FPU-b-3-c5-u0.75-m3-p8-f0,6846,RISCY-FPU-b,3,5,0.75,3,8,0
7058-RISCY-FPU-b-3-c20-u0.75-m1-p4-f1,7058,RISCY-FPU-b,3,20,0.75,1,4,1
6869-RISCY-FPU-b-3-c5-u0.8-m3-p7-f0,6869,RISCY-FPU-b,3,5,0.8,3,7,0
6788-RISCY-FPU-b-3-c2-u0.9-m2-p6-f1,6788,RISCY-FPU-b,3,2,0.9,2,6,1
6814-RISCY-FPU-b-3-c5-u0.7-m2-p8-f0,6814,RISCY-FPU-b,3,5,0.7,2,8,0
7041-RISCY-FPU-b-3-c20-u0.7-m1-p3-f1,7041,RISCY-FPU-b,3,20,0.7,1,3,1
6981-RISCY-FPU-b-3-c5-u0.8-m2-p7-f1,6981,RISCY-FPU-b,3,5,0.8,2,7,1
7064-RISCY-FPU-b-3-c20-u0.75-m2-p2-f1,7064,RISCY-FPU-b,3,20,0.75,2,2,1
6972-RISCY-FPU-b-3-c5-u0.8-m1-p6-f1,6972,RISCY-FPU-b,3,5,0.8,1,6,1
6866-RISCY-FPU-b-3-c5-u0.8-m3-p4-f0,6866,RISCY-FPU-b,3,5,0.8,3,4,0
6987-RISCY-FPU-b-3-c5-u0.8-m3-p5-f1,6987,RISCY-FPU-b,3,5,0.8,3,5,1
7010-RISCY-FPU-b-3-c5-u0.85-m3-p4-f1,7010,RISCY-FPU-b,3,5,0.85,3,4,1
6986-RISCY-FPU-b-3-c5-u0.8-m3-p4-f1,6986,RISCY-FPU-b,3,5,0.8,3,4,1
6925-RISCY-FPU-b-3-c5-u0.7-m1-p7-f1,6925,RISCY-FPU-b,3,5,0.7,1,7,1
6765-RISCY-FPU-b-3-c2-u0.85-m2-p7-f1,6765,RISCY-FPU-b,3,2,0.85,2,7,1
6823-RISCY-FPU-b-3-c5-u0.75-m1-p1-f0,6823,RISCY-FPU-b,3,5,0.75,1,1,0
6818-RISCY-FPU-b-3-c5-u0.7-m3-p4-f0,6818,RISCY-FPU-b,3,5,0.7,3,4,0
7066-RISCY-FPU-b-3-c20-u0.75-m2-p5-f1,7066,RISCY-FPU-b,3,20,0.75,2,5,1
7088-RISCY-FPU-b-3-c20-u0.85-m2-p5-f1,7088,RISCY-FPU-b,3,20,0.85,2,5,1
7002-RISCY-FPU-b-3-c5-u0.85-m2-p4-f1,7002,RISCY-FPU-b,3,5,0.85,2,4,1
6737-RISCY-FPU-b-3-c2-u0.8-m2-p3-f1,6737,RISCY-FPU-b,3,2,0.8,2,3,1
7025-RISCY-FPU-b-3-c5-u0.9-m2-p3-f1,7025,RISCY-FPU-b,3,5,0.9,2,3,1
7003-RISCY-FPU-b-3-c5-u0.85-m2-p5-f1,7003,RISCY-FPU-b,3,5,0.85,2,5,1
6982-RISCY-FPU-b-3-c5-u0.8-m2-p8-f1,6982,RISCY-FPU-b,3,5,0.8,2,8,1
7092-RISCY-FPU-b-3-c20-u0.9-m1-p1-f1,7092,RISCY-FPU-b,3,20,0.9,1,1,1
6733-RISCY-FPU-b-3-c2-u0.8-m1-p7-f1,6733,RISCY-FPU-b,3,2,0.8,1,7,1
7029-RISCY-FPU-b-3-c5-u0.9-m2-p7-f1,7029,RISCY-FPU-b,3,5,0.9,2,7,1
7089-RISCY-FPU-b-3-c20-u0.85-m2-p6-f1,7089,RISCY-FPU-b,3,20,0.85,2,6,1
6707-RISCY-FPU-b-3-c2-u0.75-m1-p5-f1,6707,RISCY-FPU-b,3,2,0.75,1,5,1
6763-RISCY-FPU-b-3-c2-u0.85-m2-p5-f1,6763,RISCY-FPU-b,3,2,0.85,2,5,1
6998-RISCY-FPU-b-3-c5-u0.85-m1-p8-f1,6998,RISCY-FPU-b,3,5,0.85,1,8,1
6687-RISCY-FPU-b-3-c2-u0.7-m1-p8-f1,6687,RISCY-FPU-b,3,2,0.7,1,8,1
6791-RISCY-FPU-b-3-c2-u0.9-m3-p1-f1,6791,RISCY-FPU-b,3,2,0.9,3,1,1
6930-RISCY-FPU-b-3-c5-u0.7-m2-p4-f1,6930,RISCY-FPU-b,3,5,0.7,2,4,1
6976-RISCY-FPU-b-3-c5-u0.8-m2-p2-f1,6976,RISCY-FPU-b,3,5,0.8,2,2,1
6895-RISCY-FPU-b-3-c5-u0.9-m1-p1-f0,6895,RISCY-FPU-b,3,5,0.9,1,1,0
6716-RISCY-FPU-b-3-c2-u0.75-m2-p6-f1,6716,RISCY-FPU-b,3,2,0.75,2,6,1
6946-RISCY-FPU-b-3-c5-u0.75-m1-p4-f1,6946,RISCY-FPU-b,3,5,0.75,1,4,1
6848-RISCY-FPU-b-3-c5-u0.8-m1-p2-f0,6848,RISCY-FPU-b,3,5,0.8,1,2,0
6695-RISCY-FPU-b-3-c2-u0.7-m3-p1-f1,6695,RISCY-FPU-b,3,2,0.7,3,1,1
7001-RISCY-FPU-b-3-c5-u0.85-m2-p3-f1,7001,RISCY-FPU-b,3,5,0.85,2,3,1
6686-RISCY-FPU-b-3-c2-u0.7-m1-p7-f1,6686,RISCY-FPU-b,3,2,0.7,1,7,1
7083-RISCY-FPU-b-3-c20-u0.85-m1-p3-f1,7083,RISCY-FPU-b,3,20,0.85,1,3,1
6945-RISCY-FPU-b-3-c5-u0.75-m1-p3-f1,6945,RISCY-FPU-b,3,5,0.75,1,3,1
6997-RISCY-FPU-b-3-c5-u0.85-m1-p7-f1,6997,RISCY-FPU-b,3,5,0.85,1,7,1
6743-RISCY-FPU-b-3-c2-u0.8-m3-p1-f1,6743,RISCY-FPU-b,3,2,0.8,3,1,1
6773-RISCY-FPU-b-3-c2-u0.85-m3-p7-f1,6773,RISCY-FPU-b,3,2,0.85,3,7,1
6698-RISCY-FPU-b-3-c2-u0.7-m3-p4-f1,6698,RISCY-FPU-b,3,2,0.7,3,4,1
6842-RISCY-FPU-b-3-c5-u0.75-m3-p4-f0,6842,RISCY-FPU-b,3,5,0.75,3,4,0
7005-RISCY-FPU-b-3-c5-u0.85-m2-p7-f1,7005,RISCY-FPU-b,3,5,0.85,2,7,1
6876-RISCY-FPU-b-3-c5-u0.85-m1-p6-f0,6876,RISCY-FPU-b,3,5,0.85,1,6,0
6894-RISCY-FPU-b-3-c5-u0.85-m3-p8-f0,6894,RISCY-FPU-b,3,5,0.85,3,8,0
6706-RISCY-FPU-b-3-c2-u0.75-m1-p4-f1,6706,RISCY-FPU-b,3,2,0.75,1,4,1
6685-RISCY-FPU-b-3-c2-u0.7-m1-p6-f1,6685,RISCY-FPU-b,3,2,0.7,1,6,1
6726-RISCY-FPU-b-3-c2-u0.75-m3-p8-f1,6726,RISCY-FPU-b,3,2,0.75,3,8,1
6929-RISCY-FPU-b-3-c5-u0.7-m2-p3-f1,6929,RISCY-FPU-b,3,5,0.7,2,3,1
7046-RISCY-FPU-b-3-c20-u0.7-m1-p8-f1,7046,RISCY-FPU-b,3,20,0.7,1,8,1
6835-RISCY-FPU-b-3-c5-u0.75-m2-p5-f0,6835,RISCY-FPU-b,3,5,0.75,2,5,0
6821-RISCY-FPU-b-3-c5-u0.7-m3-p7-f0,6821,RISCY-FPU-b,3,5,0.7,3,7,0
6873-RISCY-FPU-b-3-c5-u0.85-m1-p3-f0,6873,RISCY-FPU-b,3,5,0.85,1,3,0
6975-RISCY-FPU-b-3-c5-u0.8-m2-p1-f1,6975,RISCY-FPU-b,3,5,0.8,2,1,1
7040-RISCY-FPU-b-3-c20-u0.7-m1-p2-f1,7040,RISCY-FPU-b,3,20,0.7,1,2,1
6892-RISCY-FPU-b-3-c5-u0.85-m3-p6-f0,6892,RISCY-FPU-b,3,5,0.85,3,6,0
6898-RISCY-FPU-b-3-c5-u0.9-m1-p4-f0,6898,RISCY-FPU-b,3,5,0.9,1,4,0
7065-RISCY-FPU-b-3-c20-u0.75-m2-p4-f1,7065,RISCY-FPU-b,3,20,0.75,2,4,1
7006-RISCY-FPU-b-3-c5-u0.85-m2-p8-f1,7006,RISCY-FPU-b,3,5,0.85,2,8,1
6902-RISCY-FPU-b-3-c5-u0.9-m1-p8-f0,6902,RISCY-FPU-b,3,5,0.9,1,8,0
6699-RISCY-FPU-b-3-c2-u0.7-m3-p5-f1,6699,RISCY-FPU-b,3,2,0.7,3,5,1
6696-RISCY-FPU-b-3-c2-u0.7-m3-p2-f1,6696,RISCY-FPU-b,3,2,0.7,3,2,1
6749-RISCY-FPU-b-3-c2-u0.8-m3-p7-f1,6749,RISCY-FPU-b,3,2,0.8,3,7,1
6802-RISCY-FPU-b-3-c5-u0.7-m1-p4-f0,6802,RISCY-FPU-b,3,5,0.7,1,4,0
6841-RISCY-FPU-b-3-c5-u0.75-m3-p3-f0,6841,RISCY-FPU-b,3,5,0.75,3,3,0
7072-RISCY-FPU-b-3-c20-u0.8-m1-p4-f1,7072,RISCY-FPU-b,3,20,0.8,1,4,1
6762-RISCY-FPU-b-3-c2-u0.85-m2-p4-f1,6762,RISCY-FPU-b,3,2,0.85,2,4,1
6739-RISCY-FPU-b-3-c2-u0.8-m2-p5-f1,6739,RISCY-FPU-b,3,2,0.8,2,5,1
6858-RISCY-FPU-b-3-c5-u0.8-m2-p4-f0,6858,RISCY-FPU-b,3,5,0.8,2,4,0
6888-RISCY-FPU-b-3-c5-u0.85-m3-p2-f0,6888,RISCY-FPU-b,3,5,0.85,3,2,0
6747-RISCY-FPU-b-3-c2-u0.8-m3-p5-f1,6747,RISCY-FPU-b,3,2,0.8,3,5,1
6731-RISCY-FPU-b-3-c2-u0.8-m1-p5-f1,6731,RISCY-FPU-b,3,2,0.8,1,5,1
6767-RISCY-FPU-b-3-c2-u0.85-m3-p1-f1,6767,RISCY-FPU-b,3,2,0.85,3,1,1
6954-RISCY-FPU-b-3-c5-u0.75-m2-p4-f1,6954,RISCY-FPU-b,3,5,0.75,2,4,1
6870-RISCY-FPU-b-3-c5-u0.8-m3-p8-f0,6870,RISCY-FPU-b,3,5,0.8,3,8,0
6952-RISCY-FPU-b-3-c5-u0.75-m2-p2-f1,6952,RISCY-FPU-b,3,5,0.75,2,2,1
7084-RISCY-FPU-b-3-c20-u0.85-m1-p4-f1,7084,RISCY-FPU-b,3,20,0.85,1,4,1
6745-RISCY-FPU-b-3-c2-u0.8-m3-p3-f1,6745,RISCY-FPU-b,3,2,0.8,3,3,1
6991-RISCY-FPU-b-3-c5-u0.85-m1-p1-f1,6991,RISCY-FPU-b,3,5,0.85,1,1,1
6768-RISCY-FPU-b-3-c2-u0.85-m3-p2-f1,6768,RISCY-FPU-b,3,2,0.85,3,2,1
7059-RISCY-FPU-b-3-c20-u0.75-m1-p5-f1,7059,RISCY-FPU-b,3,20,0.75,1,5,1
6947-RISCY-FPU-b-3-c5-u0.75-m1-p5-f1,6947,RISCY-FPU-b,3,5,0.75,1,5,1
7071-RISCY-FPU-b-3-c20-u0.8-m1-p2-f1,7071,RISCY-FPU-b,3,20,0.8,1,2,1
6807-RISCY-FPU-b-3-c5-u0.7-m2-p1-f0,6807,RISCY-FPU-b,3,5,0.7,2,1,0
7023-RISCY-FPU-b-3-c5-u0.9-m2-p1-f1,7023,RISCY-FPU-b,3,5,0.9,2,1,1
6806-RISCY-FPU-b-3-c5-u0.7-m1-p8-f0,6806,RISCY-FPU-b,3,5,0.7,1,8,0
6790-RISCY-FPU-b-3-c2-u0.9-m2-p8-f1,6790,RISCY-FPU-b,3,2,0.9,2,8,1
7086-RISCY-FPU-b-3-c20-u0.85-m1-p6-f1,7086,RISCY-FPU-b,3,20,0.85,1,6,1
6882-RISCY-FPU-b-3-c5-u0.85-m2-p4-f0,6882,RISCY-FPU-b,3,5,0.85,2,4,0
7091-RISCY-FPU-b-3-c20-u0.85-m2-p8-f1,7091,RISCY-FPU-b,3,20,0.85,2,8,1
6827-RISCY-FPU-b-3-c5-u0.75-m1-p5-f0,6827,RISCY-FPU-b,3,5,0.75,1,5,0
6732-RISCY-FPU-b-3-c2-u0.8-m1-p6-f1,6732,RISCY-FPU-b,3,2,0.8,1,6,1
7073-RISCY-FPU-b-3-c20-u0.8-m1-p5-f1,7073,RISCY-FPU-b,3,20,0.8,1,5,1
6813-RISCY-FPU-b-3-c5-u0.7-m2-p7-f0,6813,RISCY-FPU-b,3,5,0.7,2,7,0
7063-RISCY-FPU-b-3-c20-u0.75-m2-p1-f1,7063,RISCY-FPU-b,3,20,0.75,2,1,1
6780-RISCY-FPU-b-3-c2-u0.9-m1-p6-f1,6780,RISCY-FPU-b,3,2,0.9,1,6,1
6994-RISCY-FPU-b-3-c5-u0.85-m1-p4-f1,6994,RISCY-FPU-b,3,5,0.85,1,4,1
6817-RISCY-FPU-b-3-c5-u0.7-m3-p3-f0,6817,RISCY-FPU-b,3,5,0.7,3,3,0
7085-RISCY-FPU-b-3-c20-u0.85-m1-p5-f1,7085,RISCY-FPU-b,3,20,0.85,1,5,1
7035-RISCY-FPU-b-3-c5-u0.9-m3-p5-f1,7035,RISCY-FPU-b,3,5,0.9,3,5,1
6852-RISCY-FPU-b-3-c5-u0.8-m1-p6-f0,6852,RISCY-FPU-b,3,5,0.8,1,6,0
6874-RISCY-FPU-b-3-c5-u0.85-m1-p4-f0,6874,RISCY-FPU-b,3,5,0.85,1,4,0
6776-RISCY-FPU-b-3-c2-u0.9-m1-p2-f1,6776,RISCY-FPU-b,3,2,0.9,1,2,1
6970-RISCY-FPU-b-3-c5-u0.8-m1-p4-f1,6970,RISCY-FPU-b,3,5,0.8,1,4,1
6735-RISCY-FPU-b-3-c2-u0.8-m2-p1-f1,6735,RISCY-FPU-b,3,2,0.8,2,1,1
6787-RISCY-FPU-b-3-c2-u0.9-m2-p5-f1,6787,RISCY-FPU-b,3,2,0.9,2,5,1
6752-RISCY-FPU-b-3-c2-u0.85-m1-p2-f1,6752,RISCY-FPU-b,3,2,0.85,1,2,1
6758-RISCY-FPU-b-3-c2-u0.85-m1-p8-f1,6758,RISCY-FPU-b,3,2,0.85,1,8,1
7044-RISCY-FPU-b-3-c20-u0.7-m1-p6-f1,7044,RISCY-FPU-b,3,20,0.7,1,6,1
6800-RISCY-FPU-b-3-c5-u0.7-m1-p2-f0,6800,RISCY-FPU-b,3,5,0.7,1,2,0
6701-RISCY-FPU-b-3-c2-u0.7-m3-p7-f1,6701,RISCY-FPU-b,3,2,0.7,3,7,1
7042-RISCY-FPU-b-3-c20-u0.7-m1-p4-f1,7042,RISCY-FPU-b,3,20,0.7,1,4,1
6911-RISCY-FPU-b-3-c5-u0.9-m3-p1-f0,6911,RISCY-FPU-b,3,5,0.9,3,1,0
6855-RISCY-FPU-b-3-c5-u0.8-m2-p1-f0,6855,RISCY-FPU-b,3,5,0.8,2,1,0
6796-RISCY-FPU-b-3-c2-u0.9-m3-p6-f1,6796,RISCY-FPU-b,3,2,0.9,3,6,1
6712-RISCY-FPU-b-3-c2-u0.75-m2-p2-f1,6712,RISCY-FPU-b,3,2,0.75,2,2,1
6931-RISCY-FPU-b-3-c5-u0.7-m2-p5-f1,6931,RISCY-FPU-b,3,5,0.7,2,5,1
6904-RISCY-FPU-b-3-c5-u0.9-m2-p2-f0,6904,RISCY-FPU-b,3,5,0.9,2,2,0
6880-RISCY-FPU-b-3-c5-u0.85-m2-p2-f0,6880,RISCY-FPU-b,3,5,0.85,2,2,0
6983-RISCY-FPU-b-3-c5-u0.8-m3-p1-f1,6983,RISCY-FPU-b,3,5,0.8,3,1,1
6861-RISCY-FPU-b-3-c5-u0.8-m2-p7-f0,6861,RISCY-FPU-b,3,5,0.8,2,7,0
6722-RISCY-FPU-b-3-c2-u0.75-m3-p4-f1,6722,RISCY-FPU-b,3,2,0.75,3,4,1
7081-RISCY-FPU-b-3-c20-u0.85-m1-p1-f1,7081,RISCY-FPU-b,3,20,0.85,1,1,1
6783-RISCY-FPU-b-3-c2-u0.9-m2-p1-f1,6783,RISCY-FPU-b,3,2,0.9,2,1,1
7019-RISCY-FPU-b-3-c5-u0.9-m1-p5-f1,7019,RISCY-FPU-b,3,5,0.9,1,5,1
6764-RISCY-FPU-b-3-c2-u0.85-m2-p6-f1,6764,RISCY-FPU-b,3,2,0.85,2,6,1
6702-RISCY-FPU-b-3-c2-u0.7-m3-p8-f1,6702,RISCY-FPU-b,3,2,0.7,3,8,1
7031-RISCY-FPU-b-3-c5-u0.9-m3-p1-f1,7031,RISCY-FPU-b,3,5,0.9,3,1,1
6748-RISCY-FPU-b-3-c2-u0.8-m3-p6-f1,6748,RISCY-FPU-b,3,2,0.8,3,6,1
6909-RISCY-FPU-b-3-c5-u0.9-m2-p7-f0,6909,RISCY-FPU-b,3,5,0.9,2,7,0
6729-RISCY-FPU-b-3-c2-u0.8-m1-p3-f1,6729,RISCY-FPU-b,3,2,0.8,1,3,1
6746-RISCY-FPU-b-3-c2-u0.8-m3-p4-f1,6746,RISCY-FPU-b,3,2,0.8,3,4,1
6692-RISCY-FPU-b-3-c2-u0.7-m2-p5-f1,6692,RISCY-FPU-b,3,2,0.7,2,5,1
7039-RISCY-FPU-b-3-c20-u0.7-m1-p1-f1,7039,RISCY-FPU-b,3,20,0.7,1,1,1
6803-RISCY-FPU-b-3-c5-u0.7-m1-p5-f0,6803,RISCY-FPU-b,3,5,0.7,1,5,0
6683-RISCY-FPU-b-3-c2-u0.7-m1-p4-f1,6683,RISCY-FPU-b,3,2,0.7,1,4,1
6728-RISCY-FPU-b-3-c2-u0.8-m1-p2-f1,6728,RISCY-FPU-b,3,2,0.8,1,2,1
6840-RISCY-FPU-b-3-c5-u0.75-m3-p2-f0,6840,RISCY-FPU-b,3,5,0.75,3,2,0
6751-RISCY-FPU-b-3-c2-u0.85-m1-p1-f1,6751,RISCY-FPU-b,3,2,0.85,1,1,1
6863-RISCY-FPU-b-3-c5-u0.8-m3-p1-f0,6863,RISCY-FPU-b,3,5,0.8,3,1,0
6750-RISCY-FPU-b-3-c2-u0.8-m3-p8-f1,6750,RISCY-FPU-b,3,2,0.8,3,8,1
6775-RISCY-FPU-b-3-c2-u0.9-m1-p1-f1,6775,RISCY-FPU-b,3,2,0.9,1,1,1
7027-RISCY-FPU-b-3-c5-u0.9-m2-p5-f1,7027,RISCY-FPU-b,3,5,0.9,2,5,1
6890-RISCY-FPU-b-3-c5-u0.85-m3-p4-f0,6890,RISCY-FPU-b,3,5,0.85,3,4,0
7074-RISCY-FPU-b-3-c20-u0.8-m1-p7-f1,7074,RISCY-FPU-b,3,20,0.8,1,7,1
6851-RISCY-FPU-b-3-c5-u0.8-m1-p5-f0,6851,RISCY-FPU-b,3,5,0.8,1,5,0
6825-RISCY-FPU-b-3-c5-u0.75-m1-p3-f0,6825,RISCY-FPU-b,3,5,0.75,1,3,0
6782-RISCY-FPU-b-3-c2-u0.9-m1-p8-f1,6782,RISCY-FPU-b,3,2,0.9,1,8,1
7067-RISCY-FPU-b-3-c20-u0.75-m2-p6-f1,7067,RISCY-FPU-b,3,20,0.75,2,6,1
6719-RISCY-FPU-b-3-c2-u0.75-m3-p1-f1,6719,RISCY-FPU-b,3,2,0.75,3,1,1
6759-RISCY-FPU-b-3-c2-u0.85-m2-p1-f1,6759,RISCY-FPU-b,3,2,0.85,2,1,1
6969-RISCY-FPU-b-3-c5-u0.8-m1-p3-f1,6969,RISCY-FPU-b,3,5,0.8,1,3,1
6727-RISCY-FPU-b-3-c2-u0.8-m1-p1-f1,6727,RISCY-FPU-b,3,2,0.8,1,1,1
6949-RISCY-FPU-b-3-c5-u0.75-m1-p7-f1,6949,RISCY-FPU-b,3,5,0.75,1,7,1
6920-RISCY-FPU-b-3-c5-u0.7-m1-p2-f1,6920,RISCY-FPU-b,3,5,0.7,1,2,1
7045-RISCY-FPU-b-3-c20-u0.7-m1-p7-f1,7045,RISCY-FPU-b,3,20,0.7,1,7,1
6715-RISCY-FPU-b-3-c2-u0.75-m2-p5-f1,6715,RISCY-FPU-b,3,2,0.75,2,5,1
6857-RISCY-FPU-b-3-c5-u0.8-m2-p3-f0,6857,RISCY-FPU-b,3,5,0.8,2,3,0
6897-RISCY-FPU-b-3-c5-u0.9-m1-p3-f0,6897,RISCY-FPU-b,3,5,0.9,1,3,0
6843-RISCY-FPU-b-3-c5-u0.75-m3-p5-f0,6843,RISCY-FPU-b,3,5,0.75,3,5,0
6830-RISCY-FPU-b-3-c5-u0.75-m1-p8-f0,6830,RISCY-FPU-b,3,5,0.75,1,8,0
6928-RISCY-FPU-b-3-c5-u0.7-m2-p2-f1,6928,RISCY-FPU-b,3,5,0.7,2,2,1
6819-RISCY-FPU-b-3-c5-u0.7-m3-p5-f0,6819,RISCY-FPU-b,3,5,0.7,3,5,0
7013-RISCY-FPU-b-3-c5-u0.85-m3-p7-f1,7013,RISCY-FPU-b,3,5,0.85,3,7,1
6815-RISCY-FPU-b-3-c5-u0.7-m3-p1-f0,6815,RISCY-FPU-b,3,5,0.7,3,1,0
7050-RISCY-FPU-b-3-c20-u0.7-m2-p4-f1,7050,RISCY-FPU-b,3,20,0.7,2,4,1
6905-RISCY-FPU-b-3-c5-u0.9-m2-p3-f0,6905,RISCY-FPU-b,3,5,0.9,2,3,0
7094-RISCY-FPU-b-3-c20-u0.9-m1-p5-f1,7094,RISCY-FPU-b,3,20,0.9,1,5,1
7011-RISCY-FPU-b-3-c5-u0.85-m3-p5-f1,7011,RISCY-FPU-b,3,5,0.85,3,5,1
6868-RISCY-FPU-b-3-c5-u0.8-m3-p6-f0,6868,RISCY-FPU-b,3,5,0.8,3,6,0
6713-RISCY-FPU-b-3-c2-u0.75-m2-p3-f1,6713,RISCY-FPU-b,3,2,0.75,2,3,1
6896-RISCY-FPU-b-3-c5-u0.9-m1-p2-f0,6896,RISCY-FPU-b,3,5,0.9,1,2,0
6914-RISCY-FPU-b-3-c5-u0.9-m3-p4-f0,6914,RISCY-FPU-b,3,5,0.9,3,4,0
6871-RISCY-FPU-b-3-c5-u0.85-m1-p1-f0,6871,RISCY-FPU-b,3,5,0.85,1,1,0
7075-RISCY-FPU-b-3-c20-u0.8-m1-p8-f1,7075,RISCY-FPU-b,3,20,0.8,1,8,1
6887-RISCY-FPU-b-3-c5-u0.85-m3-p1-f0,6887,RISCY-FPU-b,3,5,0.85,3,1,0
6721-RISCY-FPU-b-3-c2-u0.75-m3-p3-f1,6721,RISCY-FPU-b,3,2,0.75,3,3,1
7037-RISCY-FPU-b-3-c5-u0.9-m3-p7-f1,7037,RISCY-FPU-b,3,5,0.9,3,7,1
6754-RISCY-FPU-b-3-c2-u0.85-m1-p4-f1,6754,RISCY-FPU-b,3,2,0.85,1,4,1
6941-RISCY-FPU-b-3-c5-u0.7-m3-p7-f1,6941,RISCY-FPU-b,3,5,0.7,3,7,1
6938-RISCY-FPU-b-3-c5-u0.7-m3-p4-f1,6938,RISCY-FPU-b,3,5,0.7,3,4,1
6845-RISCY-FPU-b-3-c5-u0.75-m3-p7-f0,6845,RISCY-FPU-b,3,5,0.75,3,7,0
6691-RISCY-FPU-b-3-c2-u0.7-m2-p4-f1,6691,RISCY-FPU-b,3,2,0.7,2,4,1
6784-RISCY-FPU-b-3-c2-u0.9-m2-p2-f1,6784,RISCY-FPU-b,3,2,0.9,2,2,1
6921-RISCY-FPU-b-3-c5-u0.7-m1-p3-f1,6921,RISCY-FPU-b,3,5,0.7,1,3,1
6688-RISCY-FPU-b-3-c2-u0.7-m2-p1-f1,6688,RISCY-FPU-b,3,2,0.7,2,1,1
6955-RISCY-FPU-b-3-c5-u0.75-m2-p5-f1,6955,RISCY-FPU-b,3,5,0.75,2,5,1
7020-RISCY-FPU-b-3-c5-u0.9-m1-p6-f1,7020,RISCY-FPU-b,3,5,0.9,1,6,1
6963-RISCY-FPU-b-3-c5-u0.75-m3-p5-f1,6963,RISCY-FPU-b,3,5,0.75,3,5,1
6832-RISCY-FPU-b-3-c5-u0.75-m2-p2-f0,6832,RISCY-FPU-b,3,5,0.75,2,2,0
6756-RISCY-FPU-b-3-c2-u0.85-m1-p6-f1,6756,RISCY-FPU-b,3,2,0.85,1,6,1
7062-RISCY-FPU-b-3-c20-u0.75-m1-p8-f1,7062,RISCY-FPU-b,3,20,0.75,1,8,1
6781-RISCY-FPU-b-3-c2-u0.9-m1-p7-f1,6781,RISCY-FPU-b,3,2,0.9,1,7,1
7053-RISCY-FPU-b-3-c20-u0.7-m2-p7-f1,7053,RISCY-FPU-b,3,20,0.7,2,7,1
6704-RISCY-FPU-b-3-c2-u0.75-m1-p2-f1,6704,RISCY-FPU-b,3,2,0.75,1,2,1
1131-RISCY-a-2-c5-u0.8-m1-p4-f1,1131,RISCY-a,2,5,0.8,1,4,1
954-RISCY-a-2-c2-u0.9-m3-p4-f1,954,RISCY-a,2,2,0.9,3,4,1
1046-RISCY-a-2-c5-u0.8-m4-p1-f0,1046,RISCY-a,2,5,0.8,4,1,0
1259-RISCY-a-2-c20-u0.7-m1-p1-f1,1259,RISCY-a,2,20,0.7,1,1,1
1263-RISCY-a-2-c20-u0.7-m1-p5-f1,1263,RISCY-a,2,20,0.7,1,5,1
1228-RISCY-a-2-c20-u0.75-m2-p2-f0,1228,RISCY-a,2,20,0.75,2,2,0
1344-RISCY-a-2-c20-u0.85-m2-p7-f1,1344,RISCY-a,2,20,0.85,2,7,1
1066-RISCY-a-2-c5-u0.85-m2-p5-f0,1066,RISCY-a,2,5,0.85,2,5,0
1354-RISCY-a-2-c20-u0.9-m1-p1-f1,1354,RISCY-a,2,20,0.9,1,1,1
1188-RISCY-a-2-c5-u0.9-m2-p6-f1,1188,RISCY-a,2,5,0.9,2,6,1
976-RISCY-a-2-c5-u0.7-m2-p8-f0,976,RISCY-a,2,5,0.7,2,8,0
789-RISCY-a-2-c2-u0.75-m3-p6-f0,789,RISCY-a,2,2,0.75,3,6,0
917-RISCY-a-2-c2-u0.85-m1-p6-f1,917,RISCY-a,2,2,0.85,1,6,1
1103-RISCY-a-2-c5-u0.7-m3-p8-f1,1103,RISCY-a,2,5,0.7,3,8,1
880-RISCY-a-2-c2-u0.75-m3-p1-f1,880,RISCY-a,2,2,0.75,3,1,1
1042-RISCY-a-2-c5-u0.8-m3-p5-f0,1042,RISCY-a,2,5,0.8,3,5,0
980-RISCY-a-2-c5-u0.7-m3-p6-f0,980,RISCY-a,2,5,0.7,3,6,0
1040-RISCY-a-2-c5-u0.8-m3-p1-f0,1040,RISCY-a,2,5,0.8,3,1,0
940-RISCY-a-2-c2-u0.9-m1-p5-f1,940,RISCY-a,2,2,0.9,1,5,1
876-RISCY-a-2-c2-u0.75-m2-p5-f1,876,RISCY-a,2,2,0.75,2,5,1
826-RISCY-a-2-c2-u0.8-m4-p8-f0,826,RISCY-a,2,2,0.8,4,8,0
1076-RISCY-a-2-c5-u0.85-m4-p7-f0,1076,RISCY-a,2,5,0.85,4,7,0
1061-RISCY-a-2-c5-u0.85-m1-p8-f0,1061,RISCY-a,2,5,0.85,1,8,0
915-RISCY-a-2-c2-u0.85-m1-p4-f1,915,RISCY-a,2,2,0.85,1,4,1
1122-RISCY-a-2-c5-u0.75-m3-p3-f1,1122,RISCY-a,2,5,0.75,3,3,1
1357-RISCY-a-2-c20-u0.9-m2-p3-f1,1357,RISCY-a,2,20,0.9,2,3,1
1350-RISCY-a-2-c20-u0.85-m3-p5-f1,1350,RISCY-a,2,20,0.85,3,5,1
1136-RISCY-a-2-c5-u0.8-m2-p1-f1,1136,RISCY-a,2,5,0.8,2,1,1
1218-RISCY-a-2-c20-u0.7-m3-p8-f0,1218,RISCY-a,2,20,0.7,3,8,0
1211-RISCY-a-2-c20-u0.7-m2-p8-f0,1211,RISCY-a,2,20,0.7,2,8,0
743-RISCY-a-2-c2-u0.7-m1-p7-f0,743,RISCY-a,2,2,0.7,1,7,0
1181-RISCY-a-2-c5-u0.9-m1-p7-f1,1181,RISCY-a,2,5,0.9,1,7,1
1299-RISCY-a-2-c20-u0.75-m3-p1-f1,1299,RISCY-a,2,20,0.75,3,1,1
1235-RISCY-a-2-c20-u0.75-m3-p1-f0,1235,RISCY-a,2,20,0.75,3,1,0
1118-RISCY-a-2-c5-u0.75-m2-p7-f1,1118,RISCY-a,2,5,0.75,2,7,1
956-RISCY-a-2-c2-u0.9-m3-p6-f1,956,RISCY-a,2,2,0.9,3,6,1
1157-RISCY-a-2-c5-u0.85-m1-p6-f1,1157,RISCY-a,2,5,0.85,1,6,1
1206-RISCY-a-2-c20-u0.7-m2-p2-f0,1206,RISCY-a,2,20,0.7,2,2,0
1129-RISCY-a-2-c5-u0.8-m1-p2-f1,1129,RISCY-a,2,5,0.8,1,2,1
1346-RISCY-a-2-c20-u0.85-m3-p1-f1,1346,RISCY-a,2,20,0.85,3,1,1
987-RISCY-a-2-c5-u0.7-m4-p4-f0,987,RISCY-a,2,5,0.7,4,4,0
1331-RISCY-a-2-c20-u0.85-m1-p2-f1,1331,RISCY-a,2,20,0.85,1,2,1
1029-RISCY-a-2-c5-u0.8-m1-p7-f0,1029,RISCY-a,2,5,0.8,1,7,0
1007-RISCY-a-2-c5-u0.75-m2-p8-f0,1007,RISCY-a,2,5,0.75,2,8,0
1279-RISCY-a-2-c20-u0.7-m3-p5-f1,1279,RISCY-a,2,20,0.7,3,5,1
904-RISCY-a-2-c2-u0.8-m3-p1-f1,904,RISCY-a,2,2,0.8,3,1,1
899-RISCY-a-2-c2-u0.8-m2-p4-f1,899,RISCY-a,2,2,0.8,2,4,1
747-RISCY-a-2-c2-u0.7-m2-p4-f0,747,RISCY-a,2,2,0.7,2,4,0
1257-RISCY-a-2-c20-u0.85-m3-p7-f0,1257,RISCY-a,2,20,0.85,3,7,0
1361-RISCY-a-2-c20-u0.9-m2-p7-f1,1361,RISCY-a,2,20,0.9,2,7,1
783-RISCY-a-2-c2-u0.75-m3-p1-f0,783,RISCY-a,2,2,0.75,3,1,0
1329-RISCY-a-2-c20-u0.8-m3-p8-f1,1329,RISCY-a,2,20,0.8,3,8,1
752-RISCY-a-2-c2-u0.7-m3-p2-f0,752,RISCY-a,2,2,0.7,3,2,0
979-RISCY-a-2-c5-u0.7-m3-p5-f0,979,RISCY-a,2,5,0.7,3,5,0
1210-RISCY-a-2-c20-u0.7-m2-p7-f0,1210,RISCY-a,2,20,0.7,2,7,0
1165-RISCY-a-2-c5-u0.85-m2-p6-f1,1165,RISCY-a,2,5,0.85,2,6,1
918-RISCY-a-2-c2-u0.85-m1-p7-f1,918,RISCY-a,2,2,0.85,1,7,1
1000-RISCY-a-2-c5-u0.75-m2-p1-f0,1000,RISCY-a,2,5,0.75,2,1,0
802-RISCY-a-2-c2-u0.8-m1-p3-f0,802,RISCY-a,2,2,0.8,1,3,0
1283-RISCY-a-2-c20-u0.75-m1-p1-f1,1283,RISCY-a,2,20,0.75,1,1,1
920-RISCY-a-2-c2-u0.85-m2-p1-f1,920,RISCY-a,2,2,0.85,2,1,1
765-RISCY-a-2-c2-u0.7-m4-p7-f0,765,RISCY-a,2,2,0.7,4,7,0
879-RISCY-a-2-c2-u0.75-m2-p8-f1,879,RISCY-a,2,2,0.75,2,8,1
942-RISCY-a-2-c2-u0.9-m1-p8-f1,942,RISCY-a,2,2,0.9,1,8,1
837-RISCY-a-2-c2-u0.85-m4-p6-f0,837,RISCY-a,2,2,0.85,4,6,0
817-RISCY-a-2-c2-u0.8-m3-p7-f0,817,RISCY-a,2,2,0.8,3,7,0
853-RISCY-a-2-c2-u0.7-m2-p6-f1,853,RISCY-a,2,2,0.7,2,6,1
1062-RISCY-a-2-c5-u0.85-m2-p1-f0,1062,RISCY-a,2,5,0.85,2,1,0
1358-RISCY-a-2-c20-u0.9-m2-p4-f1,1358,RISCY-a,2,20,0.9,2,4,1
1001-RISCY-a-2-c5-u0.75-m2-p2-f0,1001,RISCY-a,2,5,0.75,2,2,0
1281-RISCY-a-2-c20-u0.7-m3-p7-f1,1281,RISCY-a,2,20,0.7,3,7,1
1069-RISCY-a-2-c5-u0.85-m2-p8-f0,1069,RISCY-a,2,5,0.85,2,8,0
948-RISCY-a-2-c2-u0.9-m2-p6-f1,948,RISCY-a,2,2,0.9,2,6,1
1009-RISCY-a-2-c5-u0.75-m3-p4-f0,1009,RISCY-a,2,5,0.75,3,4,0
1362-RISCY-a-2-c20-u0.9-m3-p1-f1,1362,RISCY-a,2,20,0.9,3,1,1
865-RISCY-a-2-c2-u0.75-m1-p2-f1,865,RISCY-a,2,2,0.75,1,2,1
784-RISCY-a-2-c2-u0.75-m3-p2-f0,784,RISCY-a,2,2,0.75,3,2,0
1150-RISCY-a-2-c5-u0.8-m3-p7-f1,1150,RISCY-a,2,5,0.8,3,7,1
828-RISCY-a-2-c2-u0.85-m1-p5-f0,828,RISCY-a,2,2,0.85,1,5,0
756-RISCY-a-2-c2-u0.7-m3-p6-f0,756,RISCY-a,2,2,0.7,3,6,0
835-RISCY-a-2-c2-u0.85-m4-p4-f0,835,RISCY-a,2,2,0.85,4,4,0
1226-RISCY-a-2-c20-u0.75-m1-p8-f0,1226,RISCY-a,2,20,0.75,1,8,0
1367-RISCY-a-2-c20-u0.9-m3-p7-f1,1367,RISCY-a,2,20,0.9,3,7,1
1252-RISCY-a-2-c20-u0.8-m2-p8-f0,1252,RISCY-a,2,20,0.8,2,8,0
1074-RISCY-a-2-c5-u0.85-m4-p5-f0,1074,RISCY-a,2,5,0.85,4,5,0
750-RISCY-a-2-c2-u0.7-m2-p7-f0,750,RISCY-a,2,2,0.7,2,7,0
937-RISCY-a-2-c2-u0.9-m1-p2-f1,937,RISCY-a,2,2,0.9,1,2,1
869-RISCY-a-2-c2-u0.75-m1-p6-f1,869,RISCY-a,2,2,0.75,1,6,1
823-RISCY-a-2-c2-u0.8-m4-p5-f0,823,RISCY-a,2,2,0.8,4,5,0
1212-RISCY-a-2-c20-u0.7-m3-p1-f0,1212,RISCY-a,2,20,0.7,3,1,0
1195-RISCY-a-2-c5-u0.9-m3-p5-f1,1195,RISCY-a,2,5,0.9,3,5,1
890-RISCY-a-2-c2-u0.8-m1-p3-f1,890,RISCY-a,2,2,0.8,1,3,1
1084-RISCY-a-2-c5-u0.7-m1-p5-f1,1084,RISCY-a,2,5,0.7,1,5,1
872-RISCY-a-2-c2-u0.75-m2-p1-f1,872,RISCY-a,2,2,0.75,2,1,1
1088-RISCY-a-2-c5-u0.7-m2-p1-f1,1088,RISCY-a,2,5,0.7,2,1,1
775-RISCY-a-2-c2-u0.75-m1-p8-f0,775,RISCY-a,2,2,0.75,1,8,0
1065-RISCY-a-2-c5-u0.85-m2-p4-f0,1065,RISCY-a,2,5,0.85,2,4,0
1055-RISCY-a-2-c5-u0.85-m1-p2-f0,1055,RISCY-a,2,5,0.85,1,2,0
856-RISCY-a-2-c2-u0.7-m3-p1-f1,856,RISCY-a,2,2,0.7,3,1,1
1242-RISCY-a-2-c20-u0.8-m1-p4-f0,1242,RISCY-a,2,20,0.8,1,4,0
891-RISCY-a-2-c2-u0.8-m1-p4-f1,891,RISCY-a,2,2,0.8,1,4,1
867-RISCY-a-2-c2-u0.75-m1-p4-f1,867,RISCY-a,2,2,0.75,1,4,1
909-RISCY-a-2-c2-u0.8-m3-p6-f1,909,RISCY-a,2,2,0.8,3,6,1
1189-RISCY-a-2-c5-u0.9-m2-p7-f1,1189,RISCY-a,2,5,0.9,2,7,1
816-RISCY-a-2-c2-u0.8-m3-p6-f0,816,RISCY-a,2,2,0.8,3,6,0
1153-RISCY-a-2-c5-u0.85-m1-p2-f1,1153,RISCY-a,2,5,0.85,1,2,1
1360-RISCY-a-2-c20-u0.9-m2-p6-f1,1360,RISCY-a,2,20,0.9,2,6,1
1078-RISCY-a-2-c5-u0.9-m3-p6-f0,1078,RISCY-a,2,5,0.9,3,6,0
950-RISCY-a-2-c2-u0.9-m2-p8-f1,950,RISCY-a,2,2,0.9,2,8,1
1238-RISCY-a-2-c20-u0.75-m3-p5-f0,1238,RISCY-a,2,20,0.75,3,5,0
1333-RISCY-a-2-c20-u0.85-m1-p4-f1,1333,RISCY-a,2,20,0.85,1,4,1
774-RISCY-a-2-c2-u0.75-m1-p7-f0,774,RISCY-a,2,2,0.75,1,7,0
745-RISCY-a-2-c2-u0.7-m2-p1-f0,745,RISCY-a,2,2,0.7,2,1,0
985-RISCY-a-2-c5-u0.7-m4-p2-f0,985,RISCY-a,2,5,0.7,4,2,0
1285-RISCY-a-2-c20-u0.75-m1-p3-f1,1285,RISCY-a,2,20,0.75,1,3,1
1133-RISCY-a-2-c5-u0.8-m1-p6-f1,1133,RISCY-a,2,5,0.8,1,6,1
1044-RISCY-a-2-c5-u0.8-m3-p7-f0,1044,RISCY-a,2,5,0.8,3,7,0
1280-RISCY-a-2-c20-u0.7-m3-p6-f1,1280,RISCY-a,2,20,0.7,3,6,1
1290-RISCY-a-2-c20-u0.75-m1-p8-f1,1290,RISCY-a,2,20,0.75,1,8,1
777-RISCY-a-2-c2-u0.75-m2-p2-f0,777,RISCY-a,2,2,0.75,2,2,0
1323-RISCY-a-2-c20-u0.8-m3-p2-f1,1323,RISCY-a,2,20,0.8,3,2,1
1115-RISCY-a-2-c5-u0.75-m2-p4-f1,1115,RISCY-a,2,5,0.75,2,4,1
1120-RISCY-a-2-c5-u0.75-m3-p1-f1,1120,RISCY-a,2,5,0.75,3,1,1
1116-RISCY-a-2-c5-u0.75-m2-p5-f1,1116,RISCY-a,2,5,0.75,2,5,1
1123-RISCY-a-2-c5-u0.75-m3-p4-f1,1123,RISCY-a,2,5,0.75,3,4,1
1339-RISCY-a-2-c20-u0.85-m2-p2-f1,1339,RISCY-a,2,20,0.85,2,2,1
1064-RISCY-a-2-c5-u0.85-m2-p3-f0,1064,RISCY-a,2,5,0.85,2,3,0
796-RISCY-a-2-c2-u0.75-m4-p5-f0,796,RISCY-a,2,2,0.75,4,5,0
1364-RISCY-a-2-c20-u0.9-m3-p3-f1,1364,RISCY-a,2,20,0.9,3,3,1
767-RISCY-a-2-c2-u0.75-m1-p1-f0,767,RISCY-a,2,2,0.75,1,1,0
924-RISCY-a-2-c2-u0.85-m2-p5-f1,924,RISCY-a,2,2,0.85,2,5,1
845-RISCY-a-2-c2-u0.7-m1-p6-f1,845,RISCY-a,2,2,0.7,1,6,1
875-RISCY-a-2-c2-u0.75-m2-p4-f1,875,RISCY-a,2,2,0.75,2,4,1
1262-RISCY-a-2-c20-u0.7-m1-p4-f1,1262,RISCY-a,2,20,0.7,1,4,1
1184-RISCY-a-2-c5-u0.9-m2-p2-f1,1184,RISCY-a,2,5,0.9,2,2,1
1305-RISCY-a-2-c20-u0.75-m3-p7-f1,1305,RISCY-a,2,20,0.75,3,7,1
851-RISCY-a-2-c2-u0.7-m2-p4-f1,851,RISCY-a,2,2,0.7,2,4,1
969-RISCY-a-2-c5-u0.7-m2-p2-f0,969,RISCY-a,2,5,0.7,2,2,0
1232-RISCY-a-2-c20-u0.75-m2-p6-f0,1232,RISCY-a,2,20,0.75,2,6,0
1359-RISCY-a-2-c20-u0.9-m2-p5-f1,1359,RISCY-a,2,20,0.9,2,5,1
1197-RISCY-a-2-c5-u0.9-m3-p8-f1,1197,RISCY-a,2,5,0.9,3,8,1
771-RISCY-a-2-c2-u0.75-m1-p4-f0,771,RISCY-a,2,2,0.75,1,4,0
933-RISCY-a-2-c2-u0.85-m3-p6-f1,933,RISCY-a,2,2,0.85,3,6,1
1356-RISCY-a-2-c20-u0.9-m2-p1-f1,1356,RISCY-a,2,20,0.9,2,1,1
1176-RISCY-a-2-c5-u0.9-m1-p1-f1,1176,RISCY-a,2,5,0.9,1,1,1
1112-RISCY-a-2-c5-u0.75-m2-p1-f1,1112,RISCY-a,2,5,0.75,2,1,1
1149-RISCY-a-2-c5-u0.8-m3-p6-f1,1149,RISCY-a,2,5,0.8,3,6,1
794-RISCY-a-2-c2-u0.75-m4-p3-f0,794,RISCY-a,2,2,0.75,4,3,0
1349-RISCY-a-2-c20-u0.85-m3-p4-f1,1349,RISCY-a,2,20,0.85,3,4,1
1343-RISCY-a-2-c20-u0.85-m2-p6-f1,1343,RISCY-a,2,20,0.85,2,6,1
754-RISCY-a-2-c2-u0.7-m3-p4-f0,754,RISCY-a,2,2,0.7,3,4,0
1141-RISCY-a-2-c5-u0.8-m2-p6-f1,1141,RISCY-a,2,5,0.8,2,6,1
1264-RISCY-a-2-c20-u0.7-m1-p6-f1,1264,RISCY-a,2,20,0.7,1,6,1
1267-RISCY-a-2-c20-u0.7-m2-p1-f1,1267,RISCY-a,2,20,0.7,2,1,1
1015-RISCY-a-2-c5-u0.75-m4-p1-f0,1015,RISCY-a,2,5,0.75,4,1,0
1052-RISCY-a-2-c5-u0.8-m4-p7-f0,1052,RISCY-a,2,5,0.8,4,7,0
1045-RISCY-a-2-c5-u0.8-m3-p8-f0,1045,RISCY-a,2,5,0.8,3,8,0
1053-RISCY-a-2-c5-u0.8-m4-p8-f0,1053,RISCY-a,2,5,0.8,4,8,0
992-RISCY-a-2-c5-u0.75-m1-p1-f0,992,RISCY-a,2,5,0.75,1,1,0
994-RISCY-a-2-c5-u0.75-m1-p3-f0,994,RISCY-a,2,5,0.75,1,3,0
1025-RISCY-a-2-c5-u0.8-m1-p3-f0,1025,RISCY-a,2,5,0.8,1,3,0
1117-RISCY-a-2-c5-u0.75-m2-p6-f1,1117,RISCY-a,2,5,0.75,2,6,1
844-RISCY-a-2-c2-u0.7-m1-p5-f1,844,RISCY-a,2,2,0.7,1,5,1
1135-RISCY-a-2-c5-u0.8-m1-p8-f1,1135,RISCY-a,2,5,0.8,1,8,1
793-RISCY-a-2-c2-u0.75-m4-p2-f0,793,RISCY-a,2,2,0.75,4,2,0
893-RISCY-a-2-c2-u0.8-m1-p6-f1,893,RISCY-a,2,2,0.8,1,6,1
846-RISCY-a-2-c2-u0.7-m1-p7-f1,846,RISCY-a,2,2,0.7,1,7,1
741-RISCY-a-2-c2-u0.7-m1-p5-f0,741,RISCY-a,2,2,0.7,1,5,0
787-RISCY-a-2-c2-u0.75-m3-p4-f0,787,RISCY-a,2,2,0.75,3,4,0
1102-RISCY-a-2-c5-u0.7-m3-p7-f1,1102,RISCY-a,2,5,0.7,3,7,1
858-RISCY-a-2-c2-u0.7-m3-p3-f1,858,RISCY-a,2,2,0.7,3,3,1
1337-RISCY-a-2-c20-u0.85-m1-p8-f1,1337,RISCY-a,2,20,0.85,1,8,1
1310-RISCY-a-2-c20-u0.8-m1-p5-f1,1310,RISCY-a,2,20,0.8,1,5,1
1177-RISCY-a-2-c5-u0.9-m1-p3-f1,1177,RISCY-a,2,5,0.9,1,3,1
1198-RISCY-a-2-c20-u0.7-m1-p2-f0,1198,RISCY-a,2,20,0.7,1,2,0
1348-RISCY-a-2-c20-u0.85-m3-p3-f1,1348,RISCY-a,2,20,0.85,3,3,1
847-RISCY-a-2-c2-u0.7-m1-p8-f1,847,RISCY-a,2,2,0.7,1,8,1
970-RISCY-a-2-c5-u0.7-m2-p3-f0,970,RISCY-a,2,5,0.7,2,3,0
755-RISCY-a-2-c2-u0.7-m3-p5-f0,755,RISCY-a,2,2,0.7,3,5,0
1083-RISCY-a-2-c5-u0.7-m1-p4-f1,1083,RISCY-a,2,5,0.7,1,4,1
864-RISCY-a-2-c2-u0.75-m1-p1-f1,864,RISCY-a,2,2,0.75,1,1,1
964-RISCY-a-2-c5-u0.7-m1-p6-f0,964,RISCY-a,2,5,0.7,1,6,0
1220-RISCY-a-2-c20-u0.75-m1-p2-f0,1220,RISCY-a,2,20,0.75,1,2,0
1302-RISCY-a-2-c20-u0.75-m3-p4-f1,1302,RISCY-a,2,20,0.75,3,4,1
1178-RISCY-a-2-c5-u0.9-m1-p4-f1,1178,RISCY-a,2,5,0.9,1,4,1
1130-RISCY-a-2-c5-u0.8-m1-p3-f1,1130,RISCY-a,2,5,0.8,1,3,1
1190-RISCY-a-2-c5-u0.9-m2-p8-f1,1190,RISCY-a,2,5,0.9,2,8,1
1191-RISCY-a-2-c5-u0.9-m3-p1-f1,1191,RISCY-a,2,5,0.9,3,1,1
929-RISCY-a-2-c2-u0.85-m3-p2-f1,929,RISCY-a,2,2,0.85,3,2,1
1276-RISCY-a-2-c20-u0.7-m3-p2-f1,1276,RISCY-a,2,20,0.7,3,2,1
939-RISCY-a-2-c2-u0.9-m1-p4-f1,939,RISCY-a,2,2,0.9,1,4,1
1049-RISCY-a-2-c5-u0.8-m4-p4-f0,1049,RISCY-a,2,5,0.8,4,4,0
1294-RISCY-a-2-c20-u0.75-m2-p4-f1,1294,RISCY-a,2,20,0.75,2,4,1
866-RISCY-a-2-c2-u0.75-m1-p3-f1,866,RISCY-a,2,2,0.75,1,3,1
1313-RISCY-a-2-c20-u0.8-m1-p8-f1,1313,RISCY-a,2,20,0.8,1,8,1
900-RISCY-a-2-c2-u0.8-m2-p5-f1,900,RISCY-a,2,2,0.8,2,5,1
997-RISCY-a-2-c5-u0.75-m1-p6-f0,997,RISCY-a,2,5,0.75,1,6,0
947-RISCY-a-2-c2-u0.9-m2-p5-f1,947,RISCY-a,2,2,0.9,2,5,1
849-RISCY-a-2-c2-u0.7-m2-p2-f1,849,RISCY-a,2,2,0.7,2,2,1
859-RISCY-a-2-c2-u0.7-m3-p4-f1,859,RISCY-a,2,2,0.7,3,4,1
1268-RISCY-a-2-c20-u0.7-m2-p2-f1,1268,RISCY-a,2,20,0.7,2,2,1
1266-RISCY-a-2-c20-u0.7-m1-p8-f1,1266,RISCY-a,2,20,0.7,1,8,1
838-RISCY-a-2-c2-u0.85-m4-p7-f0,838,RISCY-a,2,2,0.85,4,7,0
1161-RISCY-a-2-c5-u0.85-m2-p2-f1,1161,RISCY-a,2,5,0.85,2,2,1
1106-RISCY-a-2-c5-u0.75-m1-p3-f1,1106,RISCY-a,2,5,0.75,1,3,1
1026-RISCY-a-2-c5-u0.8-m1-p4-f0,1026,RISCY-a,2,5,0.8,1,4,0
810-RISCY-a-2-c2-u0.8-m2-p5-f0,810,RISCY-a,2,2,0.8,2,5,0
780-RISCY-a-2-c2-u0.75-m2-p5-f0,780,RISCY-a,2,2,0.75,2,5,0
1277-RISCY-a-2-c20-u0.7-m3-p3-f1,1277,RISCY-a,2,20,0.7,3,3,1
936-RISCY-a-2-c2-u0.9-m1-p1-f1,936,RISCY-a,2,2,0.9,1,1,1
1186-RISCY-a-2-c5-u0.9-m2-p4-f1,1186,RISCY-a,2,5,0.9,2,4,1
1085-RISCY-a-2-c5-u0.7-m1-p6-f1,1085,RISCY-a,2,5,0.7,1,6,1
1079-RISCY-a-2-c5-u0.9-m3-p8-f0,1079,RISCY-a,2,5,0.9,3,8,0
758-RISCY-a-2-c2-u0.7-m3-p8-f0,758,RISCY-a,2,2,0.7,3,8,0
1298-RISCY-a-2-c20-u0.75-m2-p8-f1,1298,RISCY-a,2,20,0.75,2,8,1
901-RISCY-a-2-c2-u0.8-m2-p6-f1,901,RISCY-a,2,2,0.8,2,6,1
1237-RISCY-a-2-c20-u0.75-m3-p3-f0,1237,RISCY-a,2,20,0.75,3,3,0
1004-RISCY-a-2-c5-u0.75-m2-p5-f0,1004,RISCY-a,2,5,0.75,2,5,0
1080-RISCY-a-2-c5-u0.7-m1-p1-f1,1080,RISCY-a,2,5,0.7,1,1,1
1020-RISCY-a-2-c5-u0.75-m4-p6-f0,1020,RISCY-a,2,5,0.75,4,6,0
1324-RISCY-a-2-c20-u0.8-m3-p3-f1,1324,RISCY-a,2,20,0.8,3,3,1
911-RISCY-a-2-c2-u0.8-m3-p8-f1,911,RISCY-a,2,2,0.8,3,8,1
1204-RISCY-a-2-c20-u0.7-m1-p8-f0,1204,RISCY-a,2,20,0.7,1,8,0
1174-RISCY-a-2-c5-u0.85-m3-p7-f1,1174,RISCY-a,2,5,0.85,3,7,1
759-RISCY-a-2-c2-u0.7-m4-p1-f0,759,RISCY-a,2,2,0.7,4,1,0
889-RISCY-a-2-c2-u0.8-m1-p2-f1,889,RISCY-a,2,2,0.8,1,2,1
1296-RISCY-a-2-c20-u0.75-m2-p6-f1,1296,RISCY-a,2,20,0.75,2,6,1
977-RISCY-a-2-c5-u0.7-m3-p1-f0,977,RISCY-a,2,5,0.7,3,1,0
857-RISCY-a-2-c2-u0.7-m3-p2-f1,857,RISCY-a,2,2,0.7,3,2,1
795-RISCY-a-2-c2-u0.75-m4-p4-f0,795,RISCY-a,2,2,0.75,4,4,0
1326-RISCY-a-2-c20-u0.8-m3-p5-f1,1326,RISCY-a,2,20,0.8,3,5,1
868-RISCY-a-2-c2-u0.75-m1-p5-f1,868,RISCY-a,2,2,0.75,1,5,1
1240-RISCY-a-2-c20-u0.8-m1-p1-f0,1240,RISCY-a,2,20,0.8,1,1,0
1031-RISCY-a-2-c5-u0.8-m2-p1-f0,1031,RISCY-a,2,5,0.8,2,1,0
1347-RISCY-a-2-c20-u0.85-m3-p2-f1,1347,RISCY-a,2,20,0.85,3,2,1
957-RISCY-a-2-c2-u0.9-m3-p7-f1,957,RISCY-a,2,2,0.9,3,7,1
763-RISCY-a-2-c2-u0.7-m4-p5-f0,763,RISCY-a,2,2,0.7,4,5,0
1203-RISCY-a-2-c20-u0.7-m1-p7-f0,1203,RISCY-a,2,20,0.7,1,7,0
945-RISCY-a-2-c2-u0.9-m2-p3-f1,945,RISCY-a,2,2,0.9,2,3,1
786-RISCY-a-2-c2-u0.75-m3-p3-f0,786,RISCY-a,2,2,0.75,3,3,0
1111-RISCY-a-2-c5-u0.75-m1-p8-f1,1111,RISCY-a,2,5,0.75,1,8,1
1056-RISCY-a-2-c5-u0.85-m1-p3-f0,1056,RISCY-a,2,5,0.85,1,3,0
806-RISCY-a-2-c2-u0.8-m1-p8-f0,806,RISCY-a,2,2,0.8,1,8,0
1109-RISCY-a-2-c5-u0.75-m1-p6-f1,1109,RISCY-a,2,5,0.75,1,6,1
739-RISCY-a-2-c2-u0.7-m1-p3-f0,739,RISCY-a,2,2,0.7,1,3,0
966-RISCY-a-2-c5-u0.7-m1-p8-f0,966,RISCY-a,2,5,0.7,1,8,0
1162-RISCY-a-2-c5-u0.85-m2-p3-f1,1162,RISCY-a,2,5,0.85,2,3,1
1127-RISCY-a-2-c5-u0.75-m3-p8-f1,1127,RISCY-a,2,5,0.75,3,8,1
1024-RISCY-a-2-c5-u0.8-m1-p2-f0,1024,RISCY-a,2,5,0.8,1,2,0
1054-RISCY-a-2-c5-u0.85-m1-p1-f0,1054,RISCY-a,2,5,0.85,1,1,0
751-RISCY-a-2-c2-u0.7-m3-p1-f0,751,RISCY-a,2,2,0.7,3,1,0
800-RISCY-a-2-c2-u0.8-m1-p1-f0,800,RISCY-a,2,2,0.8,1,1,0
1095-RISCY-a-2-c5-u0.7-m2-p8-f1,1095,RISCY-a,2,5,0.7,2,8,1
1057-RISCY-a-2-c5-u0.85-m1-p4-f0,1057,RISCY-a,2,5,0.85,1,4,0
978-RISCY-a-2-c5-u0.7-m3-p4-f0,978,RISCY-a,2,5,0.7,3,4,0
1193-RISCY-a-2-c5-u0.9-m3-p3-f1,1193,RISCY-a,2,5,0.9,3,3,1
943-RISCY-a-2-c2-u0.9-m2-p1-f1,943,RISCY-a,2,2,0.9,2,1,1
1216-RISCY-a-2-c20-u0.7-m3-p6-f0,1216,RISCY-a,2,20,0.7,3,6,0
1271-RISCY-a-2-c20-u0.7-m2-p5-f1,1271,RISCY-a,2,20,0.7,2,5,1
827-RISCY-a-2-c2-u0.85-m1-p1-f0,827,RISCY-a,2,2,0.85,1,1,0
808-RISCY-a-2-c2-u0.8-m2-p3-f0,808,RISCY-a,2,2,0.8,2,3,0
1167-RISCY-a-2-c5-u0.85-m2-p8-f1,1167,RISCY-a,2,5,0.85,2,8,1
996-RISCY-a-2-c5-u0.75-m1-p5-f0,996,RISCY-a,2,5,0.75,1,5,0
1038-RISCY-a-2-c5-u0.8-m2-p8-f0,1038,RISCY-a,2,5,0.8,2,8,0
850-RISCY-a-2-c2-u0.7-m2-p3-f1,850,RISCY-a,2,2,0.7,2,3,1
863-RISCY-a-2-c2-u0.7-m3-p8-f1,863,RISCY-a,2,2,0.7,3,8,1
1292-RISCY-a-2-c20-u0.75-m2-p2-f1,1292,RISCY-a,2,20,0.75,2,2,1
1336-RISCY-a-2-c20-u0.85-m1-p7-f1,1336,RISCY-a,2,20,0.85,1,7,1
1316-RISCY-a-2-c20-u0.8-m2-p3-f1,1316,RISCY-a,2,20,0.8,2,3,1
1274-RISCY-a-2-c20-u0.7-m2-p8-f1,1274,RISCY-a,2,20,0.7,2,8,1
1072-RISCY-a-2-c5-u0.85-m4-p3-f0,1072,RISCY-a,2,5,0.85,4,3,0
1163-RISCY-a-2-c5-u0.85-m2-p4-f1,1163,RISCY-a,2,5,0.85,2,4,1
907-RISCY-a-2-c2-u0.8-m3-p4-f1,907,RISCY-a,2,2,0.8,3,4,1
960-RISCY-a-2-c5-u0.7-m1-p2-f0,960,RISCY-a,2,5,0.7,1,2,0
1245-RISCY-a-2-c20-u0.8-m1-p7-f0,1245,RISCY-a,2,20,0.8,1,7,0
925-RISCY-a-2-c2-u0.85-m2-p6-f1,925,RISCY-a,2,2,0.85,2,6,1
973-RISCY-a-2-c5-u0.7-m2-p6-f0,973,RISCY-a,2,5,0.7,2,6,0
1073-RISCY-a-2-c5-u0.85-m4-p4-f0,1073,RISCY-a,2,5,0.85,4,4,0
998-RISCY-a-2-c5-u0.75-m1-p7-f0,998,RISCY-a,2,5,0.75,1,7,0
870-RISCY-a-2-c2-u0.75-m1-p7-f1,870,RISCY-a,2,2,0.75,1,7,1
941-RISCY-a-2-c2-u0.9-m1-p6-f1,941,RISCY-a,2,2,0.9,1,6,1
1207-RISCY-a-2-c20-u0.7-m2-p3-f0,1207,RISCY-a,2,20,0.7,2,3,0
1180-RISCY-a-2-c5-u0.9-m1-p6-f1,1180,RISCY-a,2,5,0.9,1,6,1
961-RISCY-a-2-c5-u0.7-m1-p3-f0,961,RISCY-a,2,5,0.7,1,3,0
1058-RISCY-a-2-c5-u0.85-m1-p5-f0,1058,RISCY-a,2,5,0.85,1,5,0
1295-RISCY-a-2-c20-u0.75-m2-p5-f1,1295,RISCY-a,2,20,0.75,2,5,1
746-RISCY-a-2-c2-u0.7-m2-p2-f0,746,RISCY-a,2,2,0.7,2,2,0
1217-RISCY-a-2-c20-u0.7-m3-p7-f0,1217,RISCY-a,2,20,0.7,3,7,0
1353-RISCY-a-2-c20-u0.85-m3-p8-f1,1353,RISCY-a,2,20,0.85,3,8,1
1256-RISCY-a-2-c20-u0.85-m3-p6-f0,1256,RISCY-a,2,20,0.85,3,6,0
1222-RISCY-a-2-c20-u0.75-m1-p4-f0,1222,RISCY-a,2,20,0.75,1,4,0
892-RISCY-a-2-c2-u0.8-m1-p5-f1,892,RISCY-a,2,2,0.8,1,5,1
1205-RISCY-a-2-c20-u0.7-m2-p1-f0,1205,RISCY-a,2,20,0.7,2,1,0
839-RISCY-a-2-c2-u0.85-m4-p8-f0,839,RISCY-a,2,2,0.85,4,8,0
1334-RISCY-a-2-c20-u0.85-m1-p5-f1,1334,RISCY-a,2,20,0.85,1,5,1
871-RISCY-a-2-c2-u0.75-m1-p8-f1,871,RISCY-a,2,2,0.75,1,8,1
935-RISCY-a-2-c2-u0.85-m3-p8-f1,935,RISCY-a,2,2,0.85,3,8,1
963-RISCY-a-2-c5-u0.7-m1-p5-f0,963,RISCY-a,2,5,0.7,1,5,0
1012-RISCY-a-2-c5-u0.75-m3-p7-f0,1012,RISCY-a,2,5,0.75,3,7,0
1196-RISCY-a-2-c5-u0.9-m3-p7-f1,1196,RISCY-a,2,5,0.9,3,7,1
1208-RISCY-a-2-c20-u0.7-m2-p5-f0,1208,RISCY-a,2,20,0.7,2,5,0
913-RISCY-a-2-c2-u0.85-m1-p2-f1,913,RISCY-a,2,2,0.85,1,2,1
1282-RISCY-a-2-c20-u0.7-m3-p8-f1,1282,RISCY-a,2,20,0.7,3,8,1
1260-RISCY-a-2-c20-u0.7-m1-p2-f1,1260,RISCY-a,2,20,0.7,1,2,1
1051-RISCY-a-2-c5-u0.8-m4-p6-f0,1051,RISCY-a,2,5,0.8,4,6,0
1250-RISCY-a-2-c20-u0.8-m2-p4-f0,1250,RISCY-a,2,20,0.8,2,4,0
1059-RISCY-a-2-c5-u0.85-m1-p6-f0,1059,RISCY-a,2,5,0.85,1,6,0
862-RISCY-a-2-c2-u0.7-m3-p7-f1,862,RISCY-a,2,2,0.7,3,7,1
1258-RISCY-a-2-c20-u0.85-m3-p8-f0,1258,RISCY-a,2,20,0.85,3,8,0
1081-RISCY-a-2-c5-u0.7-m1-p2-f1,1081,RISCY-a,2,5,0.7,1,2,1
1185-RISCY-a-2-c5-u0.9-m2-p3-f1,1185,RISCY-a,2,5,0.9,2,3,1
807-RISCY-a-2-c2-u0.8-m2-p2-f0,807,RISCY-a,2,2,0.8,2,2,0
834-RISCY-a-2-c2-u0.85-m4-p3-f0,834,RISCY-a,2,2,0.85,4,3,0
860-RISCY-a-2-c2-u0.7-m3-p5-f1,860,RISCY-a,2,2,0.7,3,5,1
841-RISCY-a-2-c2-u0.7-m1-p2-f1,841,RISCY-a,2,2,0.7,1,2,1
1140-RISCY-a-2-c5-u0.8-m2-p5-f1,1140,RISCY-a,2,5,0.8,2,5,1
1170-RISCY-a-2-c5-u0.85-m3-p3-f1,1170,RISCY-a,2,5,0.85,3,3,1
1125-RISCY-a-2-c5-u0.75-m3-p6-f1,1125,RISCY-a,2,5,0.75,3,6,1
958-RISCY-a-2-c2-u0.9-m3-p8-f1,958,RISCY-a,2,2,0.9,3,8,1
888-RISCY-a-2-c2-u0.8-m1-p1-f1,888,RISCY-a,2,2,0.8,1,1,1
1320-RISCY-a-2-c20-u0.8-m2-p7-f1,1320,RISCY-a,2,20,0.8,2,7,1
931-RISCY-a-2-c2-u0.85-m3-p4-f1,931,RISCY-a,2,2,0.85,3,4,1
1278-RISCY-a-2-c20-u0.7-m3-p4-f1,1278,RISCY-a,2,20,0.7,3,4,1
1156-RISCY-a-2-c5-u0.85-m1-p5-f1,1156,RISCY-a,2,5,0.85,1,5,1
1251-RISCY-a-2-c20-u0.8-m2-p6-f0,1251,RISCY-a,2,20,0.8,2,6,0
881-RISCY-a-2-c2-u0.75-m3-p2-f1,881,RISCY-a,2,2,0.75,3,2,1
852-RISCY-a-2-c2-u0.7-m2-p5-f1,852,RISCY-a,2,2,0.7,2,5,1
1143-RISCY-a-2-c5-u0.8-m2-p8-f1,1143,RISCY-a,2,5,0.8,2,8,1
912-RISCY-a-2-c2-u0.85-m1-p1-f1,912,RISCY-a,2,2,0.85,1,1,1
1030-RISCY-a-2-c5-u0.8-m1-p8-f0,1030,RISCY-a,2,5,0.8,1,8,0
1158-RISCY-a-2-c5-u0.85-m1-p7-f1,1158,RISCY-a,2,5,0.85,1,7,1
1172-RISCY-a-2-c5-u0.85-m3-p5-f1,1172,RISCY-a,2,5,0.85,3,5,1
819-RISCY-a-2-c2-u0.8-m4-p1-f0,819,RISCY-a,2,2,0.8,4,1,0
1224-RISCY-a-2-c20-u0.75-m1-p6-f0,1224,RISCY-a,2,20,0.75,1,6,0
1187-RISCY-a-2-c5-u0.9-m2-p5-f1,1187,RISCY-a,2,5,0.9,2,5,1
1351-RISCY-a-2-c20-u0.85-m3-p6-f1,1351,RISCY-a,2,20,0.85,3,6,1
1366-RISCY-a-2-c20-u0.9-m3-p6-f1,1366,RISCY-a,2,20,0.9,3,6,1
1341-RISCY-a-2-c20-u0.85-m2-p4-f1,1341,RISCY-a,2,20,0.85,2,4,1
946-RISCY-a-2-c2-u0.9-m2-p4-f1,946,RISCY-a,2,2,0.9,2,4,1
1010-RISCY-a-2-c5-u0.75-m3-p5-f0,1010,RISCY-a,2,5,0.75,3,5,0
1230-RISCY-a-2-c20-u0.75-m2-p4-f0,1230,RISCY-a,2,20,0.75,2,4,0
829-RISCY-a-2-c2-u0.85-m1-p6-f0,829,RISCY-a,2,2,0.85,1,6,0
824-RISCY-a-2-c2-u0.8-m4-p6-f0,824,RISCY-a,2,2,0.8,4,6,0
1070-RISCY-a-2-c5-u0.85-m4-p1-f0,1070,RISCY-a,2,5,0.85,4,1,0
1144-RISCY-a-2-c5-u0.8-m3-p1-f1,1144,RISCY-a,2,5,0.8,3,1,1
1332-RISCY-a-2-c20-u0.85-m1-p3-f1,1332,RISCY-a,2,20,0.85,1,3,1
1148-RISCY-a-2-c5-u0.8-m3-p5-f1,1148,RISCY-a,2,5,0.8,3,5,1
1300-RISCY-a-2-c20-u0.75-m3-p2-f1,1300,RISCY-a,2,20,0.75,3,2,1
874-RISCY-a-2-c2-u0.75-m2-p3-f1,874,RISCY-a,2,2,0.75,2,3,1
1155-RISCY-a-2-c5-u0.85-m1-p4-f1,1155,RISCY-a,2,5,0.85,1,4,1
1132-RISCY-a-2-c5-u0.8-m1-p5-f1,1132,RISCY-a,2,5,0.8,1,5,1
1287-RISCY-a-2-c20-u0.75-m1-p5-f1,1287,RISCY-a,2,20,0.75,1,5,1
1166-RISCY-a-2-c5-u0.85-m2-p7-f1,1166,RISCY-a,2,5,0.85,2,7,1
1269-RISCY-a-2-c20-u0.7-m2-p3-f1,1269,RISCY-a,2,20,0.7,2,3,1
1017-RISCY-a-2-c5-u0.75-m4-p3-f0,1017,RISCY-a,2,5,0.75,4,3,0
1033-RISCY-a-2-c5-u0.8-m2-p3-f0,1033,RISCY-a,2,5,0.8,2,3,0
738-RISCY-a-2-c2-u0.7-m1-p2-f0,738,RISCY-a,2,2,0.7,1,2,0
962-RISCY-a-2-c5-u0.7-m1-p4-f0,962,RISCY-a,2,5,0.7,1,4,0
906-RISCY-a-2-c2-u0.8-m3-p3-f1,906,RISCY-a,2,2,0.8,3,3,1
1311-RISCY-a-2-c20-u0.8-m1-p6-f1,1311,RISCY-a,2,20,0.8,1,6,1
821-RISCY-a-2-c2-u0.8-m4-p3-f0,821,RISCY-a,2,2,0.8,4,3,0
1168-RISCY-a-2-c5-u0.85-m3-p1-f1,1168,RISCY-a,2,5,0.85,3,1,1
744-RISCY-a-2-c2-u0.7-m1-p8-f0,744,RISCY-a,2,2,0.7,1,8,0
766-RISCY-a-2-c2-u0.7-m4-p8-f0,766,RISCY-a,2,2,0.7,4,8,0
1215-RISCY-a-2-c20-u0.7-m3-p5-f0,1215,RISCY-a,2,20,0.7,3,5,0
1179-RISCY-a-2-c5-u0.9-m1-p5-f1,1179,RISCY-a,2,5,0.9,1,5,1
1309-RISCY-a-2-c20-u0.8-m1-p4-f1,1309,RISCY-a,2,20,0.8,1,4,1
1328-RISCY-a-2-c20-u0.8-m3-p7-f1,1328,RISCY-a,2,20,0.8,3,7,1
1202-RISCY-a-2-c20-u0.7-m1-p6-f0,1202,RISCY-a,2,20,0.7,1,6,0
1297-RISCY-a-2-c20-u0.75-m2-p7-f1,1297,RISCY-a,2,20,0.75,2,7,1
1272-RISCY-a-2-c20-u0.7-m2-p6-f1,1272,RISCY-a,2,20,0.7,2,6,1
1244-RISCY-a-2-c20-u0.8-m1-p6-f0,1244,RISCY-a,2,20,0.8,1,6,0
830-RISCY-a-2-c2-u0.85-m1-p7-f0,830,RISCY-a,2,2,0.85,1,7,0
1365-RISCY-a-2-c20-u0.9-m3-p4-f1,1365,RISCY-a,2,20,0.9,3,4,1
981-RISCY-a-2-c5-u0.7-m3-p7-f0,981,RISCY-a,2,5,0.7,3,7,0
1293-RISCY-a-2-c20-u0.75-m2-p3-f1,1293,RISCY-a,2,20,0.75,2,3,1
1338-RISCY-a-2-c20-u0.85-m2-p1-f1,1338,RISCY-a,2,20,0.85,2,1,1
842-RISCY-a-2-c2-u0.7-m1-p3-f1,842,RISCY-a,2,2,0.7,1,3,1
820-RISCY-a-2-c2-u0.8-m4-p2-f0,820,RISCY-a,2,2,0.8,4,2,0
926-RISCY-a-2-c2-u0.85-m2-p7-f1,926,RISCY-a,2,2,0.85,2,7,1
873-RISCY-a-2-c2-u0.75-m2-p2-f1,873,RISCY-a,2,2,0.75,2,2,1
1035-RISCY-a-2-c5-u0.8-m2-p5-f0,1035,RISCY-a,2,5,0.8,2,5,0
938-RISCY-a-2-c2-u0.9-m1-p3-f1,938,RISCY-a,2,2,0.9,1,3,1
1090-RISCY-a-2-c5-u0.7-m2-p3-f1,1090,RISCY-a,2,5,0.7,2,3,1
1096-RISCY-a-2-c5-u0.7-m3-p1-f1,1096,RISCY-a,2,5,0.7,3,1,1
825-RISCY-a-2-c2-u0.8-m4-p7-f0,825,RISCY-a,2,2,0.8,4,7,0
1022-RISCY-a-2-c5-u0.75-m4-p8-f0,1022,RISCY-a,2,5,0.75,4,8,0
1105-RISCY-a-2-c5-u0.75-m1-p2-f1,1105,RISCY-a,2,5,0.75,1,2,1
1092-RISCY-a-2-c5-u0.7-m2-p5-f1,1092,RISCY-a,2,5,0.7,2,5,1
1023-RISCY-a-2-c5-u0.8-m1-p1-f0,1023,RISCY-a,2,5,0.8,1,1,0
799-RISCY-a-2-c2-u0.75-m4-p8-f0,799,RISCY-a,2,2,0.75,4,8,0
1137-RISCY-a-2-c5-u0.8-m2-p2-f1,1137,RISCY-a,2,5,0.8,2,2,1
1194-RISCY-a-2-c5-u0.9-m3-p4-f1,1194,RISCY-a,2,5,0.9,3,4,1
803-RISCY-a-2-c2-u0.8-m1-p4-f0,803,RISCY-a,2,2,0.8,1,4,0
782-RISCY-a-2-c2-u0.75-m2-p7-f0,782,RISCY-a,2,2,0.75,2,7,0
1160-RISCY-a-2-c5-u0.85-m2-p1-f1,1160,RISCY-a,2,5,0.85,2,1,1
792-RISCY-a-2-c2-u0.75-m4-p1-f0,792,RISCY-a,2,2,0.75,4,1,0
833-RISCY-a-2-c2-u0.85-m4-p2-f0,833,RISCY-a,2,2,0.85,4,2,0
854-RISCY-a-2-c2-u0.7-m2-p7-f1,854,RISCY-a,2,2,0.7,2,7,1
836-RISCY-a-2-c2-u0.85-m4-p5-f0,836,RISCY-a,2,2,0.85,4,5,0
1068-RISCY-a-2-c5-u0.85-m2-p7-f0,1068,RISCY-a,2,5,0.85,2,7,0
951-RISCY-a-2-c2-u0.9-m3-p1-f1,951,RISCY-a,2,2,0.9,3,1,1
1231-RISCY-a-2-c20-u0.75-m2-p5-f0,1231,RISCY-a,2,20,0.75,2,5,0
822-RISCY-a-2-c2-u0.8-m4-p4-f0,822,RISCY-a,2,2,0.8,4,4,0
1273-RISCY-a-2-c20-u0.7-m2-p7-f1,1273,RISCY-a,2,20,0.7,2,7,1
1223-RISCY-a-2-c20-u0.75-m1-p5-f0,1223,RISCY-a,2,20,0.75,1,5,0
953-RISCY-a-2-c2-u0.9-m3-p3-f1,953,RISCY-a,2,2,0.9,3,3,1
1221-RISCY-a-2-c20-u0.75-m1-p3-f0,1221,RISCY-a,2,20,0.75,1,3,0
832-RISCY-a-2-c2-u0.85-m4-p1-f0,832,RISCY-a,2,2,0.85,4,1,0
814-RISCY-a-2-c2-u0.8-m3-p4-f0,814,RISCY-a,2,2,0.8,3,4,0
1319-RISCY-a-2-c20-u0.8-m2-p6-f1,1319,RISCY-a,2,20,0.8,2,6,1
995-RISCY-a-2-c5-u0.75-m1-p4-f0,995,RISCY-a,2,5,0.75,1,4,0
972-RISCY-a-2-c5-u0.7-m2-p5-f0,972,RISCY-a,2,5,0.7,2,5,0
1094-RISCY-a-2-c5-u0.7-m2-p7-f1,1094,RISCY-a,2,5,0.7,2,7,1
813-RISCY-a-2-c2-u0.8-m3-p3-f0,813,RISCY-a,2,2,0.8,3,3,0
1315-RISCY-a-2-c20-u0.8-m2-p2-f1,1315,RISCY-a,2,20,0.8,2,2,1
1124-RISCY-a-2-c5-u0.75-m3-p5-f1,1124,RISCY-a,2,5,0.75,3,5,1
1114-RISCY-a-2-c5-u0.75-m2-p3-f1,1114,RISCY-a,2,5,0.75,2,3,1
1126-RISCY-a-2-c5-u0.75-m3-p7-f1,1126,RISCY-a,2,5,0.75,3,7,1
1060-RISCY-a-2-c5-u0.85-m1-p7-f0,1060,RISCY-a,2,5,0.85,1,7,0
1200-RISCY-a-2-c20-u0.7-m1-p4-f0,1200,RISCY-a,2,20,0.7,1,4,0
1321-RISCY-a-2-c20-u0.8-m2-p8-f1,1321,RISCY-a,2,20,0.8,2,8,1
1050-RISCY-a-2-c5-u0.8-m4-p5-f0,1050,RISCY-a,2,5,0.8,4,5,0
1146-RISCY-a-2-c5-u0.8-m3-p3-f1,1146,RISCY-a,2,5,0.8,3,3,1
1236-RISCY-a-2-c20-u0.75-m3-p2-f0,1236,RISCY-a,2,20,0.75,3,2,0
1108-RISCY-a-2-c5-u0.75-m1-p5-f1,1108,RISCY-a,2,5,0.75,1,5,1
1247-RISCY-a-2-c20-u0.8-m2-p1-f0,1247,RISCY-a,2,20,0.8,2,1,0
1016-RISCY-a-2-c5-u0.75-m4-p2-f0,1016,RISCY-a,2,5,0.75,4,2,0
1107-RISCY-a-2-c5-u0.75-m1-p4-f1,1107,RISCY-a,2,5,0.75,1,4,1
861-RISCY-a-2-c2-u0.7-m3-p6-f1,861,RISCY-a,2,2,0.7,3,6,1
984-RISCY-a-2-c5-u0.7-m4-p1-f0,984,RISCY-a,2,5,0.7,4,1,0
757-RISCY-a-2-c2-u0.7-m3-p7-f0,757,RISCY-a,2,2,0.7,3,7,0
1239-RISCY-a-2-c20-u0.75-m3-p6-f0,1239,RISCY-a,2,20,0.75,3,6,0
1306-RISCY-a-2-c20-u0.75-m3-p8-f1,1306,RISCY-a,2,20,0.75,3,8,1
1335-RISCY-a-2-c20-u0.85-m1-p6-f1,1335,RISCY-a,2,20,0.85,1,6,1
773-RISCY-a-2-c2-u0.75-m1-p6-f0,773,RISCY-a,2,2,0.75,1,6,0
887-RISCY-a-2-c2-u0.75-m3-p8-f1,887,RISCY-a,2,2,0.75,3,8,1
1288-RISCY-a-2-c20-u0.75-m1-p6-f1,1288,RISCY-a,2,20,0.75,1,6,1
989-RISCY-a-2-c5-u0.7-m4-p6-f0,989,RISCY-a,2,5,0.7,4,6,0
1234-RISCY-a-2-c20-u0.75-m2-p8-f0,1234,RISCY-a,2,20,0.75,2,8,0
1119-RISCY-a-2-c5-u0.75-m2-p8-f1,1119,RISCY-a,2,5,0.75,2,8,1
748-RISCY-a-2-c2-u0.7-m2-p5-f0,748,RISCY-a,2,2,0.7,2,5,0
1145-RISCY-a-2-c5-u0.8-m3-p2-f1,1145,RISCY-a,2,5,0.8,3,2,1
932-RISCY-a-2-c2-u0.85-m3-p5-f1,932,RISCY-a,2,2,0.85,3,5,1
1075-RISCY-a-2-c5-u0.85-m4-p6-f0,1075,RISCY-a,2,5,0.85,4,6,0
1151-RISCY-a-2-c5-u0.8-m3-p8-f1,1151,RISCY-a,2,5,0.8,3,8,1
1233-RISCY-a-2-c20-u0.75-m2-p7-f0,1233,RISCY-a,2,20,0.75,2,7,0
1097-RISCY-a-2-c5-u0.7-m3-p2-f1,1097,RISCY-a,2,5,0.7,3,2,1
788-RISCY-a-2-c2-u0.75-m3-p5-f0,788,RISCY-a,2,2,0.75,3,5,0
779-RISCY-a-2-c2-u0.75-m2-p4-f0,779,RISCY-a,2,2,0.75,2,4,0
1047-RISCY-a-2-c5-u0.8-m4-p2-f0,1047,RISCY-a,2,5,0.8,4,2,0
772-RISCY-a-2-c2-u0.75-m1-p5-f0,772,RISCY-a,2,2,0.75,1,5,0
1043-RISCY-a-2-c5-u0.8-m3-p6-f0,1043,RISCY-a,2,5,0.8,3,6,0
983-RISCY-a-2-c5-u0.7-m3-p8-f0,983,RISCY-a,2,5,0.7,3,8,0
815-RISCY-a-2-c2-u0.8-m3-p5-f0,815,RISCY-a,2,2,0.8,3,5,0
1005-RISCY-a-2-c5-u0.75-m2-p6-f0,1005,RISCY-a,2,5,0.75,2,6,0
1304-RISCY-a-2-c20-u0.75-m3-p6-f1,1304,RISCY-a,2,20,0.75,3,6,1
965-RISCY-a-2-c5-u0.7-m1-p7-f0,965,RISCY-a,2,5,0.7,1,7,0
895-RISCY-a-2-c2-u0.8-m1-p8-f1,895,RISCY-a,2,2,0.8,1,8,1
778-RISCY-a-2-c2-u0.75-m2-p3-f0,778,RISCY-a,2,2,0.75,2,3,0
927-RISCY-a-2-c2-u0.85-m2-p8-f1,927,RISCY-a,2,2,0.85,2,8,1
1214-RISCY-a-2-c20-u0.7-m3-p4-f0,1214,RISCY-a,2,20,0.7,3,4,0
1008-RISCY-a-2-c5-u0.75-m3-p1-f0,1008,RISCY-a,2,5,0.75,3,1,0
894-RISCY-a-2-c2-u0.8-m1-p7-f1,894,RISCY-a,2,2,0.8,1,7,1
1086-RISCY-a-2-c5-u0.7-m1-p7-f1,1086,RISCY-a,2,5,0.7,1,7,1
831-RISCY-a-2-c2-u0.85-m1-p8-f0,831,RISCY-a,2,2,0.85,1,8,0
1261-RISCY-a-2-c20-u0.7-m1-p3-f1,1261,RISCY-a,2,20,0.7,1,3,1
1014-RISCY-a-2-c5-u0.75-m3-p8-f0,1014,RISCY-a,2,5,0.75,3,8,0
1128-RISCY-a-2-c5-u0.8-m1-p1-f1,1128,RISCY-a,2,5,0.8,1,1,1
1213-RISCY-a-2-c20-u0.7-m3-p2-f0,1213,RISCY-a,2,20,0.7,3,2,0
1018-RISCY-a-2-c5-u0.75-m4-p4-f0,1018,RISCY-a,2,5,0.75,4,4,0
1100-RISCY-a-2-c5-u0.7-m3-p5-f1,1100,RISCY-a,2,5,0.7,3,5,1
1363-RISCY-a-2-c20-u0.9-m3-p2-f1,1363,RISCY-a,2,20,0.9,3,2,1
934-RISCY-a-2-c2-u0.85-m3-p7-f1,934,RISCY-a,2,2,0.85,3,7,1
1142-RISCY-a-2-c5-u0.8-m2-p7-f1,1142,RISCY-a,2,5,0.8,2,7,1
762-RISCY-a-2-c2-u0.7-m4-p4-f0,762,RISCY-a,2,2,0.7,4,4,0
974-RISCY-a-2-c5-u0.7-m2-p7-f0,974,RISCY-a,2,5,0.7,2,7,0
1071-RISCY-a-2-c5-u0.85-m4-p2-f0,1071,RISCY-a,2,5,0.85,4,2,0
1303-RISCY-a-2-c20-u0.75-m3-p5-f1,1303,RISCY-a,2,20,0.75,3,5,1
1032-RISCY-a-2-c5-u0.8-m2-p2-f0,1032,RISCY-a,2,5,0.8,2,2,0
1002-RISCY-a-2-c5-u0.75-m2-p3-f0,1002,RISCY-a,2,5,0.75,2,3,0
1063-RISCY-a-2-c5-u0.85-m2-p2-f0,1063,RISCY-a,2,5,0.85,2,2,0
1227-RISCY-a-2-c20-u0.75-m2-p1-f0,1227,RISCY-a,2,20,0.75,2,1,0
1041-RISCY-a-2-c5-u0.8-m3-p4-f0,1041,RISCY-a,2,5,0.8,3,4,0
1182-RISCY-a-2-c5-u0.9-m1-p8-f1,1182,RISCY-a,2,5,0.9,1,8,1
798-RISCY-a-2-c2-u0.75-m4-p7-f0,798,RISCY-a,2,2,0.75,4,7,0
1301-RISCY-a-2-c20-u0.75-m3-p3-f1,1301,RISCY-a,2,20,0.75,3,3,1
1192-RISCY-a-2-c5-u0.9-m3-p2-f1,1192,RISCY-a,2,5,0.9,3,2,1
1275-RISCY-a-2-c20-u0.7-m3-p1-f1,1275,RISCY-a,2,20,0.7,3,1,1
952-RISCY-a-2-c2-u0.9-m3-p2-f1,952,RISCY-a,2,2,0.9,3,2,1
1289-RISCY-a-2-c20-u0.75-m1-p7-f1,1289,RISCY-a,2,20,0.75,1,7,1
968-RISCY-a-2-c5-u0.7-m2-p1-f0,968,RISCY-a,2,5,0.7,2,1,0
1037-RISCY-a-2-c5-u0.8-m2-p7-f0,1037,RISCY-a,2,5,0.8,2,7,0
1368-RISCY-a-2-c20-u0.9-m3-p8-f1,1368,RISCY-a,2,20,0.9,3,8,1
790-RISCY-a-2-c2-u0.75-m3-p7-f0,790,RISCY-a,2,2,0.75,3,7,0
1099-RISCY-a-2-c5-u0.7-m3-p4-f1,1099,RISCY-a,2,5,0.7,3,4,1
1322-RISCY-a-2-c20-u0.8-m3-p1-f1,1322,RISCY-a,2,20,0.8,3,1,1
903-RISCY-a-2-c2-u0.8-m2-p8-f1,903,RISCY-a,2,2,0.8,2,8,1
986-RISCY-a-2-c5-u0.7-m4-p3-f0,986,RISCY-a,2,5,0.7,4,3,0
1355-RISCY-a-2-c20-u0.9-m1-p4-f1,1355,RISCY-a,2,20,0.9,1,4,1
905-RISCY-a-2-c2-u0.8-m3-p2-f1,905,RISCY-a,2,2,0.8,3,2,1
740-RISCY-a-2-c2-u0.7-m1-p4-f0,740,RISCY-a,2,2,0.7,1,4,0
897-RISCY-a-2-c2-u0.8-m2-p2-f1,897,RISCY-a,2,2,0.8,2,2,1
1138-RISCY-a-2-c5-u0.8-m2-p3-f1,1138,RISCY-a,2,5,0.8,2,3,1
1352-RISCY-a-2-c20-u0.85-m3-p7-f1,1352,RISCY-a,2,20,0.85,3,7,1
804-RISCY-a-2-c2-u0.8-m1-p5-f0,804,RISCY-a,2,2,0.8,1,5,0
885-RISCY-a-2-c2-u0.75-m3-p6-f1,885,RISCY-a,2,2,0.75,3,6,1
999-RISCY-a-2-c5-u0.75-m1-p8-f0,999,RISCY-a,2,5,0.75,1,8,0
921-RISCY-a-2-c2-u0.85-m2-p2-f1,921,RISCY-a,2,2,0.85,2,2,1
809-RISCY-a-2-c2-u0.8-m2-p4-f0,809,RISCY-a,2,2,0.8,2,4,0
1048-RISCY-a-2-c5-u0.8-m4-p3-f0,1048,RISCY-a,2,5,0.8,4,3,0
1113-RISCY-a-2-c5-u0.75-m2-p2-f1,1113,RISCY-a,2,5,0.75,2,2,1
1225-RISCY-a-2-c20-u0.75-m1-p7-f0,1225,RISCY-a,2,20,0.75,1,7,0
923-RISCY-a-2-c2-u0.85-m2-p4-f1,923,RISCY-a,2,2,0.85,2,4,1
1134-RISCY-a-2-c5-u0.8-m1-p7-f1,1134,RISCY-a,2,5,0.8,1,7,1
840-RISCY-a-2-c2-u0.7-m1-p1-f1,840,RISCY-a,2,2,0.7,1,1,1
908-RISCY-a-2-c2-u0.8-m3-p5-f1,908,RISCY-a,2,2,0.8,3,5,1
1330-RISCY-a-2-c20-u0.85-m1-p1-f1,1330,RISCY-a,2,20,0.85,1,1,1
944-RISCY-a-2-c2-u0.9-m2-p2-f1,944,RISCY-a,2,2,0.9,2,2,1
761-RISCY-a-2-c2-u0.7-m4-p3-f0,761,RISCY-a,2,2,0.7,4,3,0
1077-RISCY-a-2-c5-u0.85-m4-p8-f0,1077,RISCY-a,2,5,0.85,4,8,0
1249-RISCY-a-2-c20-u0.8-m2-p3-f0,1249,RISCY-a,2,20,0.8,2,3,0
770-RISCY-a-2-c2-u0.75-m1-p3-f0,770,RISCY-a,2,2,0.75,1,3,0
1307-RISCY-a-2-c20-u0.8-m1-p1-f1,1307,RISCY-a,2,20,0.8,1,1,1
1159-RISCY-a-2-c5-u0.85-m1-p8-f1,1159,RISCY-a,2,5,0.85,1,8,1
764-RISCY-a-2-c2-u0.7-m4-p6-f0,764,RISCY-a,2,2,0.7,4,6,0
1209-RISCY-a-2-c20-u0.7-m2-p6-f0,1209,RISCY-a,2,20,0.7,2,6,0
1284-RISCY-a-2-c20-u0.75-m1-p2-f1,1284,RISCY-a,2,20,0.75,1,2,1
919-RISCY-a-2-c2-u0.85-m1-p8-f1,919,RISCY-a,2,2,0.85,1,8,1
910-RISCY-a-2-c2-u0.8-m3-p7-f1,910,RISCY-a,2,2,0.8,3,7,1
896-RISCY-a-2-c2-u0.8-m2-p1-f1,896,RISCY-a,2,2,0.8,2,1,1
1183-RISCY-a-2-c5-u0.9-m2-p1-f1,1183,RISCY-a,2,5,0.9,2,1,1
916-RISCY-a-2-c2-u0.85-m1-p5-f1,916,RISCY-a,2,2,0.85,1,5,1
886-RISCY-a-2-c2-u0.75-m3-p7-f1,886,RISCY-a,2,2,0.75,3,7,1
877-RISCY-a-2-c2-u0.75-m2-p6-f1,877,RISCY-a,2,2,0.75,2,6,1
1246-RISCY-a-2-c20-u0.8-m1-p8-f0,1246,RISCY-a,2,20,0.8,1,8,0
843-RISCY-a-2-c2-u0.7-m1-p4-f1,843,RISCY-a,2,2,0.7,1,4,1
1154-RISCY-a-2-c5-u0.85-m1-p3-f1,1154,RISCY-a,2,5,0.85,1,3,1
991-RISCY-a-2-c5-u0.7-m4-p8-f0,991,RISCY-a,2,5,0.7,4,8,0
753-RISCY-a-2-c2-u0.7-m3-p3-f0,753,RISCY-a,2,2,0.7,3,3,0
878-RISCY-a-2-c2-u0.75-m2-p7-f1,878,RISCY-a,2,2,0.75,2,7,1
1340-RISCY-a-2-c20-u0.85-m2-p3-f1,1340,RISCY-a,2,20,0.85,2,3,1
902-RISCY-a-2-c2-u0.8-m2-p7-f1,902,RISCY-a,2,2,0.8,2,7,1
1121-RISCY-a-2-c5-u0.75-m3-p2-f1,1121,RISCY-a,2,5,0.75,3,2,1
1171-RISCY-a-2-c5-u0.85-m3-p4-f1,1171,RISCY-a,2,5,0.85,3,4,1
949-RISCY-a-2-c2-u0.9-m2-p7-f1,949,RISCY-a,2,2,0.9,2,7,1
768-RISCY-a-2-c2-u0.75-m1-p2-f0,768,RISCY-a,2,2,0.75,1,2,0
1011-RISCY-a-2-c5-u0.75-m3-p6-f0,1011,RISCY-a,2,5,0.75,3,6,0
898-RISCY-a-2-c2-u0.8-m2-p3-f1,898,RISCY-a,2,2,0.8,2,3,1
1164-RISCY-a-2-c5-u0.85-m2-p5-f1,1164,RISCY-a,2,5,0.85,2,5,1
1342-RISCY-a-2-c20-u0.85-m2-p5-f1,1342,RISCY-a,2,20,0.85,2,5,1
1325-RISCY-a-2-c20-u0.8-m3-p4-f1,1325,RISCY-a,2,20,0.8,3,4,1
1003-RISCY-a-2-c5-u0.75-m2-p4-f0,1003,RISCY-a,2,5,0.75,2,4,0
1314-RISCY-a-2-c20-u0.8-m2-p1-f1,1314,RISCY-a,2,20,0.8,2,1,1
811-RISCY-a-2-c2-u0.8-m3-p1-f0,811,RISCY-a,2,2,0.8,3,1,0
1067-RISCY-a-2-c5-u0.85-m2-p6-f0,1067,RISCY-a,2,5,0.85,2,6,0
1254-RISCY-a-2-c20-u0.85-m3-p3-f0,1254,RISCY-a,2,20,0.85,3,3,0
1147-RISCY-a-2-c5-u0.8-m3-p4-f1,1147,RISCY-a,2,5,0.8,3,4,1
1019-RISCY-a-2-c5-u0.75-m4-p5-f0,1019,RISCY-a,2,5,0.75,4,5,0
990-RISCY-a-2-c5-u0.7-m4-p7-f0,990,RISCY-a,2,5,0.7,4,7,0
1028-RISCY-a-2-c5-u0.8-m1-p6-f0,1028,RISCY-a,2,5,0.8,1,6,0
791-RISCY-a-2-c2-u0.75-m3-p8-f0,791,RISCY-a,2,2,0.75,3,8,0
1219-RISCY-a-2-c20-u0.75-m1-p1-f0,1219,RISCY-a,2,20,0.75,1,1,0
749-RISCY-a-2-c2-u0.7-m2-p6-f0,749,RISCY-a,2,2,0.7,2,6,0
742-RISCY-a-2-c2-u0.7-m1-p6-f0,742,RISCY-a,2,2,0.7,1,6,0
1139-RISCY-a-2-c5-u0.8-m2-p4-f1,1139,RISCY-a,2,5,0.8,2,4,1
1021-RISCY-a-2-c5-u0.75-m4-p7-f0,1021,RISCY-a,2,5,0.75,4,7,0
801-RISCY-a-2-c2-u0.8-m1-p2-f0,801,RISCY-a,2,2,0.8,1,2,0
797-RISCY-a-2-c2-u0.75-m4-p6-f0,797,RISCY-a,2,2,0.75,4,6,0
1248-RISCY-a-2-c20-u0.8-m2-p2-f0,1248,RISCY-a,2,20,0.8,2,2,0
805-RISCY-a-2-c2-u0.8-m1-p7-f0,805,RISCY-a,2,2,0.8,1,7,0
1253-RISCY-a-2-c20-u0.85-m3-p2-f0,1253,RISCY-a,2,20,0.85,3,2,0
928-RISCY-a-2-c2-u0.85-m3-p1-f1,928,RISCY-a,2,2,0.85,3,1,1
1082-RISCY-a-2-c5-u0.7-m1-p3-f1,1082,RISCY-a,2,5,0.7,1,3,1
776-RISCY-a-2-c2-u0.75-m2-p1-f0,776,RISCY-a,2,2,0.75,2,1,0
959-RISCY-a-2-c5-u0.7-m1-p1-f0,959,RISCY-a,2,5,0.7,1,1,0
1243-RISCY-a-2-c20-u0.8-m1-p5-f0,1243,RISCY-a,2,20,0.8,1,5,0
1027-RISCY-a-2-c5-u0.8-m1-p5-f0,1027,RISCY-a,2,5,0.8,1,5,0
1199-RISCY-a-2-c20-u0.7-m1-p3-f0,1199,RISCY-a,2,20,0.7,1,3,0
1101-RISCY-a-2-c5-u0.7-m3-p6-f1,1101,RISCY-a,2,5,0.7,3,6,1
1093-RISCY-a-2-c5-u0.7-m2-p6-f1,1093,RISCY-a,2,5,0.7,2,6,1
1098-RISCY-a-2-c5-u0.7-m3-p3-f1,1098,RISCY-a,2,5,0.7,3,3,1
1152-RISCY-a-2-c5-u0.85-m1-p1-f1,1152,RISCY-a,2,5,0.85,1,1,1
1034-RISCY-a-2-c5-u0.8-m2-p4-f0,1034,RISCY-a,2,5,0.8,2,4,0
1087-RISCY-a-2-c5-u0.7-m1-p8-f1,1087,RISCY-a,2,5,0.7,1,8,1
1175-RISCY-a-2-c5-u0.85-m3-p8-f1,1175,RISCY-a,2,5,0.85,3,8,1
1318-RISCY-a-2-c20-u0.8-m2-p5-f1,1318,RISCY-a,2,20,0.8,2,5,1
1327-RISCY-a-2-c20-u0.8-m3-p6-f1,1327,RISCY-a,2,20,0.8,3,6,1
1255-RISCY-a-2-c20-u0.85-m3-p4-f0,1255,RISCY-a,2,20,0.85,3,4,0
1173-RISCY-a-2-c5-u0.85-m3-p6-f1,1173,RISCY-a,2,5,0.85,3,6,1
993-RISCY-a-2-c5-u0.75-m1-p2-f0,993,RISCY-a,2,5,0.75,1,2,0
930-RISCY-a-2-c2-u0.85-m3-p3-f1,930,RISCY-a,2,2,0.85,3,3,1
1169-RISCY-a-2-c5-u0.85-m3-p2-f1,1169,RISCY-a,2,5,0.85,3,2,1
1089-RISCY-a-2-c5-u0.7-m2-p2-f1,1089,RISCY-a,2,5,0.7,2,2,1
971-RISCY-a-2-c5-u0.7-m2-p4-f0,971,RISCY-a,2,5,0.7,2,4,0
1286-RISCY-a-2-c20-u0.75-m1-p4-f1,1286,RISCY-a,2,20,0.75,1,4,1
1312-RISCY-a-2-c20-u0.8-m1-p7-f1,1312,RISCY-a,2,20,0.8,1,7,1
760-RISCY-a-2-c2-u0.7-m4-p2-f0,760,RISCY-a,2,2,0.7,4,2,0
1241-RISCY-a-2-c20-u0.8-m1-p2-f0,1241,RISCY-a,2,20,0.8,1,2,0
1110-RISCY-a-2-c5-u0.75-m1-p7-f1,1110,RISCY-a,2,5,0.75,1,7,1
848-RISCY-a-2-c2-u0.7-m2-p1-f1,848,RISCY-a,2,2,0.7,2,1,1
1291-RISCY-a-2-c20-u0.75-m2-p1-f1,1291,RISCY-a,2,20,0.75,2,1,1
914-RISCY-a-2-c2-u0.85-m1-p3-f1,914,RISCY-a,2,2,0.85,1,3,1
883-RISCY-a-2-c2-u0.75-m3-p4-f1,883,RISCY-a,2,2,0.75,3,4,1
955-RISCY-a-2-c2-u0.9-m3-p5-f1,955,RISCY-a,2,2,0.9,3,5,1
882-RISCY-a-2-c2-u0.75-m3-p3-f1,882,RISCY-a,2,2,0.75,3,3,1
1091-RISCY-a-2-c5-u0.7-m2-p4-f1,1091,RISCY-a,2,5,0.7,2,4,1
1036-RISCY-a-2-c5-u0.8-m2-p6-f0,1036,RISCY-a,2,5,0.8,2,6,0
1317-RISCY-a-2-c20-u0.8-m2-p4-f1,1317,RISCY-a,2,20,0.8,2,4,1
818-RISCY-a-2-c2-u0.8-m3-p8-f0,818,RISCY-a,2,2,0.8,3,8,0
988-RISCY-a-2-c5-u0.7-m4-p5-f0,988,RISCY-a,2,5,0.7,4,5,0
1201-RISCY-a-2-c20-u0.7-m1-p5-f0,1201,RISCY-a,2,20,0.7,1,5,0
1265-RISCY-a-2-c20-u0.7-m1-p7-f1,1265,RISCY-a,2,20,0.7,1,7,1
855-RISCY-a-2-c2-u0.7-m2-p8-f1,855,RISCY-a,2,2,0.7,2,8,1
884-RISCY-a-2-c2-u0.75-m3-p5-f1,884,RISCY-a,2,2,0.75,3,5,1
1345-RISCY-a-2-c20-u0.85-m2-p8-f1,1345,RISCY-a,2,20,0.85,2,8,1
1308-RISCY-a-2-c20-u0.8-m1-p2-f1,1308,RISCY-a,2,20,0.8,1,2,1
922-RISCY-a-2-c2-u0.85-m2-p3-f1,922,RISCY-a,2,2,0.85,2,3,1
1229-RISCY-a-2-c20-u0.75-m2-p3-f0,1229,RISCY-a,2,20,0.75,2,3,0
1006-RISCY-a-2-c5-u0.75-m2-p7-f0,1006,RISCY-a,2,5,0.75,2,7,0
781-RISCY-a-2-c2-u0.75-m2-p6-f0,781,RISCY-a,2,2,0.75,2,6,0
1104-RISCY-a-2-c5-u0.75-m1-p1-f1,1104,RISCY-a,2,5,0.75,1,1,1
1270-RISCY-a-2-c20-u0.7-m2-p4-f1,1270,RISCY-a,2,20,0.7,2,4,1
6304-RISCY-FPU-b-2-c2-u0.7-m2-p2-f1,6304,RISCY-FPU-b,2,2,0.7,2,2,1
6522-RISCY-FPU-b-2-c5-u0.7-m1-p5-f1,6522,RISCY-FPU-b,2,5,0.7,1,5,1
6409-RISCY-FPU-b-2-c5-u0.7-m1-p4-f0,6409,RISCY-FPU-b,2,5,0.7,1,4,0
6490-RISCY-FPU-b-2-c5-u0.85-m3-p5-f0,6490,RISCY-FPU-b,2,5,0.85,3,5,0
6443-RISCY-FPU-b-2-c5-u0.75-m3-p6-f0,6443,RISCY-FPU-b,2,5,0.75,3,6,0
6597-RISCY-FPU-b-2-c5-u0.85-m2-p8-f1,6597,RISCY-FPU-b,2,5,0.85,2,8,1
6418-RISCY-FPU-b-2-c5-u0.7-m2-p5-f0,6418,RISCY-FPU-b,2,5,0.7,2,5,0
6499-RISCY-FPU-b-2-c5-u0.9-m1-p6-f0,6499,RISCY-FPU-b,2,5,0.9,1,6,0
6607-RISCY-FPU-b-2-c5-u0.9-m1-p2-f1,6607,RISCY-FPU-b,2,5,0.9,1,2,1
6300-RISCY-FPU-b-2-c2-u0.7-m1-p6-f1,6300,RISCY-FPU-b,2,2,0.7,1,6,1
6411-RISCY-FPU-b-2-c5-u0.7-m1-p6-f0,6411,RISCY-FPU-b,2,5,0.7,1,6,0
6397-RISCY-FPU-b-2-c2-u0.9-m2-p8-f1,6397,RISCY-FPU-b,2,2,0.9,2,8,1
6636-RISCY-FPU-b-2-c20-u0.7-m1-p7-f1,6636,RISCY-FPU-b,2,20,0.7,1,7,1
6486-RISCY-FPU-b-2-c5-u0.85-m3-p1-f0,6486,RISCY-FPU-b,2,5,0.85,3,1,0
6403-RISCY-FPU-b-2-c2-u0.9-m3-p6-f1,6403,RISCY-FPU-b,2,2,0.9,3,6,1
6500-RISCY-FPU-b-2-c5-u0.9-m1-p7-f0,6500,RISCY-FPU-b,2,5,0.9,1,7,0
6466-RISCY-FPU-b-2-c5-u0.8-m3-p5-f0,6466,RISCY-FPU-b,2,5,0.8,3,5,0
6318-RISCY-FPU-b-2-c2-u0.7-m3-p8-f1,6318,RISCY-FPU-b,2,2,0.7,3,8,1
6580-RISCY-FPU-b-2-c5-u0.8-m3-p7-f1,6580,RISCY-FPU-b,2,5,0.8,3,7,1
6519-RISCY-FPU-b-2-c5-u0.7-m1-p2-f1,6519,RISCY-FPU-b,2,5,0.7,1,2,1
6646-RISCY-FPU-b-2-c20-u0.75-m1-p2-f1,6646,RISCY-FPU-b,2,20,0.75,1,2,1
6559-RISCY-FPU-b-2-c5-u0.8-m1-p2-f1,6559,RISCY-FPU-b,2,5,0.8,1,2,1
6391-RISCY-FPU-b-2-c2-u0.9-m2-p2-f1,6391,RISCY-FPU-b,2,2,0.9,2,2,1
6347-RISCY-FPU-b-2-c2-u0.8-m2-p5-f1,6347,RISCY-FPU-b,2,2,0.8,2,5,1
6621-RISCY-FPU-b-2-c5-u0.9-m2-p8-f1,6621,RISCY-FPU-b,2,5,0.9,2,8,1
6677-RISCY-FPU-b-2-c20-u0.9-m1-p3-f1,6677,RISCY-FPU-b,2,20,0.9,1,3,1
6650-RISCY-FPU-b-2-c20-u0.75-m1-p6-f1,6650,RISCY-FPU-b,2,20,0.75,1,6,1
6568-RISCY-FPU-b-2-c5-u0.8-m2-p3-f1,6568,RISCY-FPU-b,2,5,0.8,2,3,1
6460-RISCY-FPU-b-2-c5-u0.8-m2-p7-f0,6460,RISCY-FPU-b,2,5,0.8,2,7,0
6634-RISCY-FPU-b-2-c20-u0.7-m1-p5-f1,6634,RISCY-FPU-b,2,20,0.7,1,5,1
6590-RISCY-FPU-b-2-c5-u0.85-m2-p1-f1,6590,RISCY-FPU-b,2,5,0.85,2,1,1
6312-RISCY-FPU-b-2-c2-u0.7-m3-p2-f1,6312,RISCY-FPU-b,2,2,0.7,3,2,1
6546-RISCY-FPU-b-2-c5-u0.75-m2-p5-f1,6546,RISCY-FPU-b,2,5,0.75,2,5,1
6602-RISCY-FPU-b-2-c5-u0.85-m3-p5-f1,6602,RISCY-FPU-b,2,5,0.85,3,5,1
6434-RISCY-FPU-b-2-c5-u0.75-m2-p5-f0,6434,RISCY-FPU-b,2,5,0.75,2,5,0
6653-RISCY-FPU-b-2-c20-u0.75-m2-p4-f1,6653,RISCY-FPU-b,2,20,0.75,2,4,1
6436-RISCY-FPU-b-2-c5-u0.75-m2-p7-f0,6436,RISCY-FPU-b,2,5,0.75,2,7,0
6587-RISCY-FPU-b-2-c5-u0.85-m1-p6-f1,6587,RISCY-FPU-b,2,5,0.85,1,6,1
6547-RISCY-FPU-b-2-c5-u0.75-m2-p6-f1,6547,RISCY-FPU-b,2,5,0.75,2,6,1
6302-RISCY-FPU-b-2-c2-u0.7-m1-p8-f1,6302,RISCY-FPU-b,2,2,0.7,1,8,1
6535-RISCY-FPU-b-2-c5-u0.75-m1-p2-f1,6535,RISCY-FPU-b,2,5,0.75,1,2,1
6296-RISCY-FPU-b-2-c2-u0.7-m1-p2-f1,6296,RISCY-FPU-b,2,2,0.7,1,2,1
6584-RISCY-FPU-b-2-c5-u0.85-m1-p3-f1,6584,RISCY-FPU-b,2,5,0.85,1,3,1
6342-RISCY-FPU-b-2-c2-u0.8-m1-p8-f1,6342,RISCY-FPU-b,2,2,0.8,1,8,1
6639-RISCY-FPU-b-2-c20-u0.7-m2-p3-f1,6639,RISCY-FPU-b,2,20,0.7,2,3,1
6343-RISCY-FPU-b-2-c2-u0.8-m2-p1-f1,6343,RISCY-FPU-b,2,2,0.8,2,1,1
6477-RISCY-FPU-b-2-c5-u0.85-m1-p8-f0,6477,RISCY-FPU-b,2,5,0.85,1,8,0
6468-RISCY-FPU-b-2-c5-u0.8-m3-p7-f0,6468,RISCY-FPU-b,2,5,0.8,3,7,0
6503-RISCY-FPU-b-2-c5-u0.9-m2-p2-f0,6503,RISCY-FPU-b,2,5,0.9,2,2,0
6298-RISCY-FPU-b-2-c2-u0.7-m1-p4-f1,6298,RISCY-FPU-b,2,2,0.7,1,4,1
6291-RISCY-FPU-b-2-c2-u0.7-m1-p5-f0,6291,RISCY-FPU-b,2,2,0.7,1,5,0
6484-RISCY-FPU-b-2-c5-u0.85-m2-p7-f0,6484,RISCY-FPU-b,2,5,0.85,2,7,0
6679-RISCY-FPU-b-2-c20-u0.9-m1-p7-f1,6679,RISCY-FPU-b,2,20,0.9,1,7,1
6655-RISCY-FPU-b-2-c20-u0.75-m2-p6-f1,6655,RISCY-FPU-b,2,20,0.75,2,6,1
6308-RISCY-FPU-b-2-c2-u0.7-m2-p6-f1,6308,RISCY-FPU-b,2,2,0.7,2,6,1
6386-RISCY-FPU-b-2-c2-u0.9-m1-p5-f1,6386,RISCY-FPU-b,2,2,0.9,1,5,1
6389-RISCY-FPU-b-2-c2-u0.9-m1-p8-f1,6389,RISCY-FPU-b,2,2,0.9,1,8,1
6575-RISCY-FPU-b-2-c5-u0.8-m3-p2-f1,6575,RISCY-FPU-b,2,5,0.8,3,2,1
6514-RISCY-FPU-b-2-c5-u0.9-m3-p5-f0,6514,RISCY-FPU-b,2,5,0.9,3,5,0
6525-RISCY-FPU-b-2-c5-u0.7-m1-p8-f1,6525,RISCY-FPU-b,2,5,0.7,1,8,1
6620-RISCY-FPU-b-2-c5-u0.9-m2-p7-f1,6620,RISCY-FPU-b,2,5,0.9,2,7,1
6659-RISCY-FPU-b-2-c20-u0.8-m1-p2-f1,6659,RISCY-FPU-b,2,20,0.8,1,2,1
6619-RISCY-FPU-b-2-c5-u0.9-m2-p6-f1,6619,RISCY-FPU-b,2,5,0.9,2,6,1
6317-RISCY-FPU-b-2-c2-u0.7-m3-p7-f1,6317,RISCY-FPU-b,2,2,0.7,3,7,1
6454-RISCY-FPU-b-2-c5-u0.8-m2-p1-f0,6454,RISCY-FPU-b,2,5,0.8,2,1,0
6470-RISCY-FPU-b-2-c5-u0.85-m1-p1-f0,6470,RISCY-FPU-b,2,5,0.85,1,1,0
6446-RISCY-FPU-b-2-c5-u0.8-m1-p1-f0,6446,RISCY-FPU-b,2,5,0.8,1,1,0
6511-RISCY-FPU-b-2-c5-u0.9-m3-p2-f0,6511,RISCY-FPU-b,2,5,0.9,3,2,0
6437-RISCY-FPU-b-2-c5-u0.75-m2-p8-f0,6437,RISCY-FPU-b,2,5,0.75,2,8,0
6518-RISCY-FPU-b-2-c5-u0.7-m1-p1-f1,6518,RISCY-FPU-b,2,5,0.7,1,1,1
6672-RISCY-FPU-b-2-c20-u0.85-m1-p6-f1,6672,RISCY-FPU-b,2,20,0.85,1,6,1
6585-RISCY-FPU-b-2-c5-u0.85-m1-p4-f1,6585,RISCY-FPU-b,2,5,0.85,1,4,1
6316-RISCY-FPU-b-2-c2-u0.7-m3-p6-f1,6316,RISCY-FPU-b,2,2,0.7,3,6,1
6524-RISCY-FPU-b-2-c5-u0.7-m1-p7-f1,6524,RISCY-FPU-b,2,5,0.7,1,7,1
6339-RISCY-FPU-b-2-c2-u0.8-m1-p5-f1,6339,RISCY-FPU-b,2,2,0.8,1,5,1
6596-RISCY-FPU-b-2-c5-u0.85-m2-p7-f1,6596,RISCY-FPU-b,2,5,0.85,2,7,1
6664-RISCY-FPU-b-2-c20-u0.8-m1-p7-f1,6664,RISCY-FPU-b,2,20,0.8,1,7,1
6644-RISCY-FPU-b-2-c20-u0.7-m2-p8-f1,6644,RISCY-FPU-b,2,20,0.7,2,8,1
6643-RISCY-FPU-b-2-c20-u0.7-m2-p7-f1,6643,RISCY-FPU-b,2,20,0.7,2,7,1
6323-RISCY-FPU-b-2-c2-u0.75-m1-p5-f1,6323,RISCY-FPU-b,2,2,0.75,1,5,1
6442-RISCY-FPU-b-2-c5-u0.75-m3-p5-f0,6442,RISCY-FPU-b,2,5,0.75,3,5,0
6652-RISCY-FPU-b-2-c20-u0.75-m1-p8-f1,6652,RISCY-FPU-b,2,20,0.75,1,8,1
6632-RISCY-FPU-b-2-c20-u0.7-m1-p3-f1,6632,RISCY-FPU-b,2,20,0.7,1,3,1
6538-RISCY-FPU-b-2-c5-u0.75-m1-p5-f1,6538,RISCY-FPU-b,2,5,0.75,1,5,1
6419-RISCY-FPU-b-2-c5-u0.7-m2-p6-f0,6419,RISCY-FPU-b,2,5,0.7,2,6,0
6556-RISCY-FPU-b-2-c5-u0.75-m3-p7-f1,6556,RISCY-FPU-b,2,5,0.75,3,7,1
6329-RISCY-FPU-b-2-c2-u0.75-m2-p3-f1,6329,RISCY-FPU-b,2,2,0.75,2,3,1
6415-RISCY-FPU-b-2-c5-u0.7-m2-p2-f0,6415,RISCY-FPU-b,2,5,0.7,2,2,0
6439-RISCY-FPU-b-2-c5-u0.75-m3-p2-f0,6439,RISCY-FPU-b,2,5,0.75,3,2,0
6491-RISCY-FPU-b-2-c5-u0.85-m3-p6-f0,6491,RISCY-FPU-b,2,5,0.85,3,6,0
6603-RISCY-FPU-b-2-c5-u0.85-m3-p6-f1,6603,RISCY-FPU-b,2,5,0.85,3,6,1
6553-RISCY-FPU-b-2-c5-u0.75-m3-p4-f1,6553,RISCY-FPU-b,2,5,0.75,3,4,1
6383-RISCY-FPU-b-2-c2-u0.9-m1-p2-f1,6383,RISCY-FPU-b,2,2,0.9,1,2,1
6408-RISCY-FPU-b-2-c5-u0.7-m1-p3-f0,6408,RISCY-FPU-b,2,5,0.7,1,3,0
6402-RISCY-FPU-b-2-c2-u0.9-m3-p5-f1,6402,RISCY-FPU-b,2,2,0.9,3,5,1
6398-RISCY-FPU-b-2-c2-u0.9-m3-p1-f1,6398,RISCY-FPU-b,2,2,0.9,3,1,1
6305-RISCY-FPU-b-2-c2-u0.7-m2-p3-f1,6305,RISCY-FPU-b,2,2,0.7,2,3,1
6395-RISCY-FPU-b-2-c2-u0.9-m2-p6-f1,6395,RISCY-FPU-b,2,2,0.9,2,6,1
6311-RISCY-FPU-b-2-c2-u0.7-m3-p1-f1,6311,RISCY-FPU-b,2,2,0.7,3,1,1
6427-RISCY-FPU-b-2-c5-u0.75-m1-p6-f0,6427,RISCY-FPU-b,2,5,0.75,1,6,0
6372-RISCY-FPU-b-2-c2-u0.85-m2-p7-f1,6372,RISCY-FPU-b,2,2,0.85,2,7,1
6406-RISCY-FPU-b-2-c5-u0.7-m1-p1-f0,6406,RISCY-FPU-b,2,5,0.7,1,1,0
6537-RISCY-FPU-b-2-c5-u0.75-m1-p4-f1,6537,RISCY-FPU-b,2,5,0.75,1,4,1
6656-RISCY-FPU-b-2-c20-u0.75-m2-p7-f1,6656,RISCY-FPU-b,2,20,0.75,2,7,1
6315-RISCY-FPU-b-2-c2-u0.7-m3-p5-f1,6315,RISCY-FPU-b,2,2,0.7,3,5,1
6578-RISCY-FPU-b-2-c5-u0.8-m3-p5-f1,6578,RISCY-FPU-b,2,5,0.8,3,5,1
6472-RISCY-FPU-b-2-c5-u0.85-m1-p3-f0,6472,RISCY-FPU-b,2,5,0.85,1,3,0
6333-RISCY-FPU-b-2-c2-u0.75-m2-p7-f1,6333,RISCY-FPU-b,2,2,0.75,2,7,1
6428-RISCY-FPU-b-2-c5-u0.75-m1-p7-f0,6428,RISCY-FPU-b,2,5,0.75,1,7,0
6473-RISCY-FPU-b-2-c5-u0.85-m1-p4-f0,6473,RISCY-FPU-b,2,5,0.85,1,4,0
6303-RISCY-FPU-b-2-c2-u0.7-m2-p1-f1,6303,RISCY-FPU-b,2,2,0.7,2,1,1
6399-RISCY-FPU-b-2-c2-u0.9-m3-p2-f1,6399,RISCY-FPU-b,2,2,0.9,3,2,1
6651-RISCY-FPU-b-2-c20-u0.75-m1-p7-f1,6651,RISCY-FPU-b,2,20,0.75,1,7,1
6668-RISCY-FPU-b-2-c20-u0.85-m1-p1-f1,6668,RISCY-FPU-b,2,20,0.85,1,1,1
6416-RISCY-FPU-b-2-c5-u0.7-m2-p3-f0,6416,RISCY-FPU-b,2,5,0.7,2,3,0
6348-RISCY-FPU-b-2-c2-u0.8-m2-p6-f1,6348,RISCY-FPU-b,2,2,0.8,2,6,1
6501-RISCY-FPU-b-2-c5-u0.9-m1-p8-f0,6501,RISCY-FPU-b,2,5,0.9,1,8,0
6642-RISCY-FPU-b-2-c20-u0.7-m2-p6-f1,6642,RISCY-FPU-b,2,20,0.7,2,6,1
6488-RISCY-FPU-b-2-c5-u0.85-m3-p3-f0,6488,RISCY-FPU-b,2,5,0.85,3,3,0
6673-RISCY-FPU-b-2-c20-u0.85-m1-p7-f1,6673,RISCY-FPU-b,2,20,0.85,1,7,1
6487-RISCY-FPU-b-2-c5-u0.85-m3-p2-f0,6487,RISCY-FPU-b,2,5,0.85,3,2,0
6548-RISCY-FPU-b-2-c5-u0.75-m2-p7-f1,6548,RISCY-FPU-b,2,5,0.75,2,7,1
6581-RISCY-FPU-b-2-c5-u0.8-m3-p8-f1,6581,RISCY-FPU-b,2,5,0.8,3,8,1
6563-RISCY-FPU-b-2-c5-u0.8-m1-p6-f1,6563,RISCY-FPU-b,2,5,0.8,1,6,1
6637-RISCY-FPU-b-2-c20-u0.7-m1-p8-f1,6637,RISCY-FPU-b,2,20,0.7,1,8,1
6448-RISCY-FPU-b-2-c5-u0.8-m1-p3-f0,6448,RISCY-FPU-b,2,5,0.8,1,3,0
6440-RISCY-FPU-b-2-c5-u0.75-m3-p3-f0,6440,RISCY-FPU-b,2,5,0.75,3,3,0
6614-RISCY-FPU-b-2-c5-u0.9-m2-p1-f1,6614,RISCY-FPU-b,2,5,0.9,2,1,1
6594-RISCY-FPU-b-2-c5-u0.85-m2-p5-f1,6594,RISCY-FPU-b,2,5,0.85,2,5,1
6601-RISCY-FPU-b-2-c5-u0.85-m3-p4-f1,6601,RISCY-FPU-b,2,5,0.85,3,4,1
6371-RISCY-FPU-b-2-c2-u0.85-m2-p6-f1,6371,RISCY-FPU-b,2,2,0.85,2,6,1
6534-RISCY-FPU-b-2-c5-u0.75-m1-p1-f1,6534,RISCY-FPU-b,2,5,0.75,1,1,1
6641-RISCY-FPU-b-2-c20-u0.7-m2-p5-f1,6641,RISCY-FPU-b,2,20,0.7,2,5,1
6379-RISCY-FPU-b-2-c2-u0.85-m3-p6-f1,6379,RISCY-FPU-b,2,2,0.85,3,6,1
6633-RISCY-FPU-b-2-c20-u0.7-m1-p4-f1,6633,RISCY-FPU-b,2,20,0.7,1,4,1
6526-RISCY-FPU-b-2-c5-u0.7-m2-p1-f1,6526,RISCY-FPU-b,2,5,0.7,2,1,1
6465-RISCY-FPU-b-2-c5-u0.8-m3-p4-f0,6465,RISCY-FPU-b,2,5,0.8,3,4,0
6670-RISCY-FPU-b-2-c20-u0.85-m1-p3-f1,6670,RISCY-FPU-b,2,20,0.85,1,3,1
6588-RISCY-FPU-b-2-c5-u0.85-m1-p7-f1,6588,RISCY-FPU-b,2,5,0.85,1,7,1
6598-RISCY-FPU-b-2-c5-u0.85-m3-p1-f1,6598,RISCY-FPU-b,2,5,0.85,3,1,1
6401-RISCY-FPU-b-2-c2-u0.9-m3-p4-f1,6401,RISCY-FPU-b,2,2,0.9,3,4,1
6648-RISCY-FPU-b-2-c20-u0.75-m1-p4-f1,6648,RISCY-FPU-b,2,20,0.75,1,4,1
6492-RISCY-FPU-b-2-c5-u0.85-m3-p7-f0,6492,RISCY-FPU-b,2,5,0.85,3,7,0
6591-RISCY-FPU-b-2-c5-u0.85-m2-p2-f1,6591,RISCY-FPU-b,2,5,0.85,2,2,1
6456-RISCY-FPU-b-2-c5-u0.8-m2-p3-f0,6456,RISCY-FPU-b,2,5,0.8,2,3,0
6321-RISCY-FPU-b-2-c2-u0.75-m1-p3-f1,6321,RISCY-FPU-b,2,2,0.75,1,3,1
6358-RISCY-FPU-b-2-c2-u0.85-m1-p1-f1,6358,RISCY-FPU-b,2,2,0.85,1,1,1
6467-RISCY-FPU-b-2-c5-u0.8-m3-p6-f0,6467,RISCY-FPU-b,2,5,0.8,3,6,0
6394-RISCY-FPU-b-2-c2-u0.9-m2-p5-f1,6394,RISCY-FPU-b,2,2,0.9,2,5,1
6340-RISCY-FPU-b-2-c2-u0.8-m1-p6-f1,6340,RISCY-FPU-b,2,2,0.8,1,6,1
6385-RISCY-FPU-b-2-c2-u0.9-m1-p4-f1,6385,RISCY-FPU-b,2,2,0.9,1,4,1
6658-RISCY-FPU-b-2-c20-u0.8-m1-p1-f1,6658,RISCY-FPU-b,2,20,0.8,1,1,1
6335-RISCY-FPU-b-2-c2-u0.8-m1-p1-f1,6335,RISCY-FPU-b,2,2,0.8,1,1,1
6307-RISCY-FPU-b-2-c2-u0.7-m2-p5-f1,6307,RISCY-FPU-b,2,2,0.7,2,5,1
6561-RISCY-FPU-b-2-c5-u0.8-m1-p4-f1,6561,RISCY-FPU-b,2,5,0.8,1,4,1
6375-RISCY-FPU-b-2-c2-u0.85-m3-p2-f1,6375,RISCY-FPU-b,2,2,0.85,3,2,1
6661-RISCY-FPU-b-2-c20-u0.8-m1-p4-f1,6661,RISCY-FPU-b,2,20,0.8,1,4,1
6393-RISCY-FPU-b-2-c2-u0.9-m2-p4-f1,6393,RISCY-FPU-b,2,2,0.9,2,4,1
6412-RISCY-FPU-b-2-c5-u0.7-m1-p7-f0,6412,RISCY-FPU-b,2,5,0.7,1,7,0
6505-RISCY-FPU-b-2-c5-u0.9-m2-p4-f0,6505,RISCY-FPU-b,2,5,0.9,2,4,0
6478-RISCY-FPU-b-2-c5-u0.85-m2-p1-f0,6478,RISCY-FPU-b,2,5,0.85,2,1,0
6476-RISCY-FPU-b-2-c5-u0.85-m1-p7-f0,6476,RISCY-FPU-b,2,5,0.85,1,7,0
6542-RISCY-FPU-b-2-c5-u0.75-m2-p1-f1,6542,RISCY-FPU-b,2,5,0.75,2,1,1
6645-RISCY-FPU-b-2-c20-u0.75-m1-p1-f1,6645,RISCY-FPU-b,2,20,0.75,1,1,1
6569-RISCY-FPU-b-2-c5-u0.8-m2-p4-f1,6569,RISCY-FPU-b,2,5,0.8,2,4,1
6506-RISCY-FPU-b-2-c5-u0.9-m2-p5-f0,6506,RISCY-FPU-b,2,5,0.9,2,5,0
6378-RISCY-FPU-b-2-c2-u0.85-m3-p5-f1,6378,RISCY-FPU-b,2,2,0.85,3,5,1
6574-RISCY-FPU-b-2-c5-u0.8-m3-p1-f1,6574,RISCY-FPU-b,2,5,0.8,3,1,1
6616-RISCY-FPU-b-2-c5-u0.9-m2-p3-f1,6616,RISCY-FPU-b,2,5,0.9,2,3,1
6392-RISCY-FPU-b-2-c2-u0.9-m2-p3-f1,6392,RISCY-FPU-b,2,2,0.9,2,3,1
6606-RISCY-FPU-b-2-c5-u0.9-m1-p1-f1,6606,RISCY-FPU-b,2,5,0.9,1,1,1
6630-RISCY-FPU-b-2-c20-u0.7-m1-p1-f1,6630,RISCY-FPU-b,2,20,0.7,1,1,1
6309-RISCY-FPU-b-2-c2-u0.7-m2-p7-f1,6309,RISCY-FPU-b,2,2,0.7,2,7,1
6319-RISCY-FPU-b-2-c2-u0.75-m1-p1-f1,6319,RISCY-FPU-b,2,2,0.75,1,1,1
6605-RISCY-FPU-b-2-c5-u0.85-m3-p8-f1,6605,RISCY-FPU-b,2,5,0.85,3,8,1
6520-RISCY-FPU-b-2-c5-u0.7-m1-p3-f1,6520,RISCY-FPU-b,2,5,0.7,1,3,1
6455-RISCY-FPU-b-2-c5-u0.8-m2-p2-f0,6455,RISCY-FPU-b,2,5,0.8,2,2,0
6640-RISCY-FPU-b-2-c20-u0.7-m2-p4-f1,6640,RISCY-FPU-b,2,20,0.7,2,4,1
6625-RISCY-FPU-b-2-c5-u0.9-m3-p4-f1,6625,RISCY-FPU-b,2,5,0.9,3,4,1
6582-RISCY-FPU-b-2-c5-u0.85-m1-p1-f1,6582,RISCY-FPU-b,2,5,0.85,1,1,1
6433-RISCY-FPU-b-2-c5-u0.75-m2-p4-f0,6433,RISCY-FPU-b,2,5,0.75,2,4,0
6549-RISCY-FPU-b-2-c5-u0.75-m2-p8-f1,6549,RISCY-FPU-b,2,5,0.75,2,8,1
6565-RISCY-FPU-b-2-c5-u0.8-m1-p8-f1,6565,RISCY-FPU-b,2,5,0.8,1,8,1
6471-RISCY-FPU-b-2-c5-u0.85-m1-p2-f0,6471,RISCY-FPU-b,2,5,0.85,1,2,0
6595-RISCY-FPU-b-2-c5-u0.85-m2-p6-f1,6595,RISCY-FPU-b,2,5,0.85,2,6,1
6566-RISCY-FPU-b-2-c5-u0.8-m2-p1-f1,6566,RISCY-FPU-b,2,5,0.8,2,1,1
6555-RISCY-FPU-b-2-c5-u0.75-m3-p6-f1,6555,RISCY-FPU-b,2,5,0.75,3,6,1
6368-RISCY-FPU-b-2-c2-u0.85-m2-p3-f1,6368,RISCY-FPU-b,2,2,0.85,2,3,1
6532-RISCY-FPU-b-2-c5-u0.7-m2-p7-f1,6532,RISCY-FPU-b,2,5,0.7,2,7,1
6527-RISCY-FPU-b-2-c5-u0.7-m2-p2-f1,6527,RISCY-FPU-b,2,5,0.7,2,2,1
6560-RISCY-FPU-b-2-c5-u0.8-m1-p3-f1,6560,RISCY-FPU-b,2,5,0.8,1,3,1
6352-RISCY-FPU-b-2-c2-u0.8-m3-p3-f1,6352,RISCY-FPU-b,2,2,0.8,3,3,1
6662-RISCY-FPU-b-2-c20-u0.8-m1-p5-f1,6662,RISCY-FPU-b,2,20,0.8,1,5,1
6496-RISCY-FPU-b-2-c5-u0.9-m1-p3-f0,6496,RISCY-FPU-b,2,5,0.9,1,3,0
6543-RISCY-FPU-b-2-c5-u0.75-m2-p2-f1,6543,RISCY-FPU-b,2,5,0.75,2,2,1
6422-RISCY-FPU-b-2-c5-u0.75-m1-p1-f0,6422,RISCY-FPU-b,2,5,0.75,1,1,0
6540-RISCY-FPU-b-2-c5-u0.75-m1-p7-f1,6540,RISCY-FPU-b,2,5,0.75,1,7,1
6678-RISCY-FPU-b-2-c20-u0.9-m1-p5-f1,6678,RISCY-FPU-b,2,20,0.9,1,5,1
6577-RISCY-FPU-b-2-c5-u0.8-m3-p4-f1,6577,RISCY-FPU-b,2,5,0.8,3,4,1
6579-RISCY-FPU-b-2-c5-u0.8-m3-p6-f1,6579,RISCY-FPU-b,2,5,0.8,3,6,1
6293-RISCY-FPU-b-2-c2-u0.7-m1-p7-f0,6293,RISCY-FPU-b,2,2,0.7,1,7,0
6354-RISCY-FPU-b-2-c2-u0.8-m3-p5-f1,6354,RISCY-FPU-b,2,2,0.8,3,5,1
6571-RISCY-FPU-b-2-c5-u0.8-m2-p6-f1,6571,RISCY-FPU-b,2,5,0.8,2,6,1
6474-RISCY-FPU-b-2-c5-u0.85-m1-p5-f0,6474,RISCY-FPU-b,2,5,0.85,1,5,0
6667-RISCY-FPU-b-2-c20-u0.8-m2-p7-f1,6667,RISCY-FPU-b,2,20,0.8,2,7,1
6558-RISCY-FPU-b-2-c5-u0.8-m1-p1-f1,6558,RISCY-FPU-b,2,5,0.8,1,1,1
6647-RISCY-FPU-b-2-c20-u0.75-m1-p3-f1,6647,RISCY-FPU-b,2,20,0.75,1,3,1
6292-RISCY-FPU-b-2-c2-u0.7-m1-p6-f0,6292,RISCY-FPU-b,2,2,0.7,1,6,0
6674-RISCY-FPU-b-2-c20-u0.85-m1-p8-f1,6674,RISCY-FPU-b,2,20,0.85,1,8,1
6475-RISCY-FPU-b-2-c5-u0.85-m1-p6-f0,6475,RISCY-FPU-b,2,5,0.85,1,6,0
6676-RISCY-FPU-b-2-c20-u0.9-m1-p2-f1,6676,RISCY-FPU-b,2,20,0.9,1,2,1
6545-RISCY-FPU-b-2-c5-u0.75-m2-p4-f1,6545,RISCY-FPU-b,2,5,0.75,2,4,1
6493-RISCY-FPU-b-2-c5-u0.85-m3-p8-f0,6493,RISCY-FPU-b,2,5,0.85,3,8,0
6431-RISCY-FPU-b-2-c5-u0.75-m2-p2-f0,6431,RISCY-FPU-b,2,5,0.75,2,2,0
6592-RISCY-FPU-b-2-c5-u0.85-m2-p3-f1,6592,RISCY-FPU-b,2,5,0.85,2,3,1
6429-RISCY-FPU-b-2-c5-u0.75-m1-p8-f0,6429,RISCY-FPU-b,2,5,0.75,1,8,0
6586-RISCY-FPU-b-2-c5-u0.85-m1-p5-f1,6586,RISCY-FPU-b,2,5,0.85,1,5,1
6414-RISCY-FPU-b-2-c5-u0.7-m2-p1-f0,6414,RISCY-FPU-b,2,5,0.7,2,1,0
6626-RISCY-FPU-b-2-c5-u0.9-m3-p5-f1,6626,RISCY-FPU-b,2,5,0.9,3,5,1
6495-RISCY-FPU-b-2-c5-u0.9-m1-p2-f0,6495,RISCY-FPU-b,2,5,0.9,1,2,0
6356-RISCY-FPU-b-2-c2-u0.8-m3-p7-f1,6356,RISCY-FPU-b,2,2,0.8,3,7,1
6502-RISCY-FPU-b-2-c5-u0.9-m2-p1-f0,6502,RISCY-FPU-b,2,5,0.9,2,1,0
6515-RISCY-FPU-b-2-c5-u0.9-m3-p6-f0,6515,RISCY-FPU-b,2,5,0.9,3,6,0
6390-RISCY-FPU-b-2-c2-u0.9-m2-p1-f1,6390,RISCY-FPU-b,2,2,0.9,2,1,1
6310-RISCY-FPU-b-2-c2-u0.7-m2-p8-f1,6310,RISCY-FPU-b,2,2,0.7,2,8,1
6459-RISCY-FPU-b-2-c5-u0.8-m2-p6-f0,6459,RISCY-FPU-b,2,5,0.8,2,6,0
6299-RISCY-FPU-b-2-c2-u0.7-m1-p5-f1,6299,RISCY-FPU-b,2,2,0.7,1,5,1
6365-RISCY-FPU-b-2-c2-u0.85-m1-p8-f1,6365,RISCY-FPU-b,2,2,0.85,1,8,1
6671-RISCY-FPU-b-2-c20-u0.85-m1-p5-f1,6671,RISCY-FPU-b,2,20,0.85,1,5,1
6332-RISCY-FPU-b-2-c2-u0.75-m2-p6-f1,6332,RISCY-FPU-b,2,2,0.75,2,6,1
6320-RISCY-FPU-b-2-c2-u0.75-m1-p2-f1,6320,RISCY-FPU-b,2,2,0.75,1,2,1
6381-RISCY-FPU-b-2-c2-u0.85-m3-p8-f1,6381,RISCY-FPU-b,2,2,0.85,3,8,1
6544-RISCY-FPU-b-2-c5-u0.75-m2-p3-f1,6544,RISCY-FPU-b,2,5,0.75,2,3,1
6638-RISCY-FPU-b-2-c20-u0.7-m2-p2-f1,6638,RISCY-FPU-b,2,20,0.7,2,2,1
6675-RISCY-FPU-b-2-c20-u0.9-m1-p1-f1,6675,RISCY-FPU-b,2,20,0.9,1,1,1
6624-RISCY-FPU-b-2-c5-u0.9-m3-p3-f1,6624,RISCY-FPU-b,2,5,0.9,3,3,1
6541-RISCY-FPU-b-2-c5-u0.75-m1-p8-f1,6541,RISCY-FPU-b,2,5,0.75,1,8,1
6536-RISCY-FPU-b-2-c5-u0.75-m1-p3-f1,6536,RISCY-FPU-b,2,5,0.75,1,3,1
6373-RISCY-FPU-b-2-c2-u0.85-m2-p8-f1,6373,RISCY-FPU-b,2,2,0.85,2,8,1
6482-RISCY-FPU-b-2-c5-u0.85-m2-p5-f0,6482,RISCY-FPU-b,2,5,0.85,2,5,0
6432-RISCY-FPU-b-2-c5-u0.75-m2-p3-f0,6432,RISCY-FPU-b,2,5,0.75,2,3,0
6369-RISCY-FPU-b-2-c2-u0.85-m2-p4-f1,6369,RISCY-FPU-b,2,2,0.85,2,4,1
6600-RISCY-FPU-b-2-c5-u0.85-m3-p3-f1,6600,RISCY-FPU-b,2,5,0.85,3,3,1
6628-RISCY-FPU-b-2-c5-u0.9-m3-p7-f1,6628,RISCY-FPU-b,2,5,0.9,3,7,1
6396-RISCY-FPU-b-2-c2-u0.9-m2-p7-f1,6396,RISCY-FPU-b,2,2,0.9,2,7,1
6483-RISCY-FPU-b-2-c5-u0.85-m2-p6-f0,6483,RISCY-FPU-b,2,5,0.85,2,6,0
6426-RISCY-FPU-b-2-c5-u0.75-m1-p5-f0,6426,RISCY-FPU-b,2,5,0.75,1,5,0
6573-RISCY-FPU-b-2-c5-u0.8-m2-p8-f1,6573,RISCY-FPU-b,2,5,0.8,2,8,1
6441-RISCY-FPU-b-2-c5-u0.75-m3-p4-f0,6441,RISCY-FPU-b,2,5,0.75,3,4,0
6367-RISCY-FPU-b-2-c2-u0.85-m2-p2-f1,6367,RISCY-FPU-b,2,2,0.85,2,2,1
6331-RISCY-FPU-b-2-c2-u0.75-m2-p5-f1,6331,RISCY-FPU-b,2,2,0.75,2,5,1
6314-RISCY-FPU-b-2-c2-u0.7-m3-p4-f1,6314,RISCY-FPU-b,2,2,0.7,3,4,1
6345-RISCY-FPU-b-2-c2-u0.8-m2-p3-f1,6345,RISCY-FPU-b,2,2,0.8,2,3,1
6384-RISCY-FPU-b-2-c2-u0.9-m1-p3-f1,6384,RISCY-FPU-b,2,2,0.9,1,3,1
6430-RISCY-FPU-b-2-c5-u0.75-m2-p1-f0,6430,RISCY-FPU-b,2,5,0.75,2,1,0
6567-RISCY-FPU-b-2-c5-u0.8-m2-p2-f1,6567,RISCY-FPU-b,2,5,0.8,2,2,1
6604-RISCY-FPU-b-2-c5-u0.85-m3-p7-f1,6604,RISCY-FPU-b,2,5,0.85,3,7,1
6627-RISCY-FPU-b-2-c5-u0.9-m3-p6-f1,6627,RISCY-FPU-b,2,5,0.9,3,6,1
6387-RISCY-FPU-b-2-c2-u0.9-m1-p6-f1,6387,RISCY-FPU-b,2,2,0.9,1,6,1
6336-RISCY-FPU-b-2-c2-u0.8-m1-p2-f1,6336,RISCY-FPU-b,2,2,0.8,1,2,1
6353-RISCY-FPU-b-2-c2-u0.8-m3-p4-f1,6353,RISCY-FPU-b,2,2,0.8,3,4,1
6531-RISCY-FPU-b-2-c5-u0.7-m2-p6-f1,6531,RISCY-FPU-b,2,5,0.7,2,6,1
6449-RISCY-FPU-b-2-c5-u0.8-m1-p4-f0,6449,RISCY-FPU-b,2,5,0.8,1,4,0
6362-RISCY-FPU-b-2-c2-u0.85-m1-p5-f1,6362,RISCY-FPU-b,2,2,0.85,1,5,1
6458-RISCY-FPU-b-2-c5-u0.8-m2-p5-f0,6458,RISCY-FPU-b,2,5,0.8,2,5,0
6513-RISCY-FPU-b-2-c5-u0.9-m3-p4-f0,6513,RISCY-FPU-b,2,5,0.9,3,4,0
6489-RISCY-FPU-b-2-c5-u0.85-m3-p4-f0,6489,RISCY-FPU-b,2,5,0.85,3,4,0
6557-RISCY-FPU-b-2-c5-u0.75-m3-p8-f1,6557,RISCY-FPU-b,2,5,0.75,3,8,1
6608-RISCY-FPU-b-2-c5-u0.9-m1-p3-f1,6608,RISCY-FPU-b,2,5,0.9,1,3,1
6363-RISCY-FPU-b-2-c2-u0.85-m1-p6-f1,6363,RISCY-FPU-b,2,2,0.85,1,6,1
6366-RISCY-FPU-b-2-c2-u0.85-m2-p1-f1,6366,RISCY-FPU-b,2,2,0.85,2,1,1
6635-RISCY-FPU-b-2-c20-u0.7-m1-p6-f1,6635,RISCY-FPU-b,2,20,0.7,1,6,1
6523-RISCY-FPU-b-2-c5-u0.7-m1-p6-f1,6523,RISCY-FPU-b,2,5,0.7,1,6,1
6351-RISCY-FPU-b-2-c2-u0.8-m3-p2-f1,6351,RISCY-FPU-b,2,2,0.8,3,2,1
6355-RISCY-FPU-b-2-c2-u0.8-m3-p6-f1,6355,RISCY-FPU-b,2,2,0.8,3,6,1
6623-RISCY-FPU-b-2-c5-u0.9-m3-p2-f1,6623,RISCY-FPU-b,2,5,0.9,3,2,1
6589-RISCY-FPU-b-2-c5-u0.85-m1-p8-f1,6589,RISCY-FPU-b,2,5,0.85,1,8,1
6660-RISCY-FPU-b-2-c20-u0.8-m1-p3-f1,6660,RISCY-FPU-b,2,20,0.8,1,3,1
6666-RISCY-FPU-b-2-c20-u0.8-m2-p6-f1,6666,RISCY-FPU-b,2,20,0.8,2,6,1
6435-RISCY-FPU-b-2-c5-u0.75-m2-p6-f0,6435,RISCY-FPU-b,2,5,0.75,2,6,0
6649-RISCY-FPU-b-2-c20-u0.75-m1-p5-f1,6649,RISCY-FPU-b,2,20,0.75,1,5,1
6444-RISCY-FPU-b-2-c5-u0.75-m3-p7-f0,6444,RISCY-FPU-b,2,5,0.75,3,7,0
6337-RISCY-FPU-b-2-c2-u0.8-m1-p3-f1,6337,RISCY-FPU-b,2,2,0.8,1,3,1
6413-RISCY-FPU-b-2-c5-u0.7-m1-p8-f0,6413,RISCY-FPU-b,2,5,0.7,1,8,0
6529-RISCY-FPU-b-2-c5-u0.7-m2-p4-f1,6529,RISCY-FPU-b,2,5,0.7,2,4,1
6423-RISCY-FPU-b-2-c5-u0.75-m1-p2-f0,6423,RISCY-FPU-b,2,5,0.75,1,2,0
6301-RISCY-FPU-b-2-c2-u0.7-m1-p7-f1,6301,RISCY-FPU-b,2,2,0.7,1,7,1
6294-RISCY-FPU-b-2-c2-u0.7-m1-p8-f0,6294,RISCY-FPU-b,2,2,0.7,1,8,0
6517-RISCY-FPU-b-2-c5-u0.9-m3-p8-f0,6517,RISCY-FPU-b,2,5,0.9,3,8,0
6330-RISCY-FPU-b-2-c2-u0.75-m2-p4-f1,6330,RISCY-FPU-b,2,2,0.75,2,4,1
6539-RISCY-FPU-b-2-c5-u0.75-m1-p6-f1,6539,RISCY-FPU-b,2,5,0.75,1,6,1
6447-RISCY-FPU-b-2-c5-u0.8-m1-p2-f0,6447,RISCY-FPU-b,2,5,0.8,1,2,0
6480-RISCY-FPU-b-2-c5-u0.85-m2-p3-f0,6480,RISCY-FPU-b,2,5,0.85,2,3,0
6510-RISCY-FPU-b-2-c5-u0.9-m3-p1-f0,6510,RISCY-FPU-b,2,5,0.9,3,1,0
6417-RISCY-FPU-b-2-c5-u0.7-m2-p4-f0,6417,RISCY-FPU-b,2,5,0.7,2,4,0
6530-RISCY-FPU-b-2-c5-u0.7-m2-p5-f1,6530,RISCY-FPU-b,2,5,0.7,2,5,1
6297-RISCY-FPU-b-2-c2-u0.7-m1-p3-f1,6297,RISCY-FPU-b,2,2,0.7,1,3,1
6631-RISCY-FPU-b-2-c20-u0.7-m1-p2-f1,6631,RISCY-FPU-b,2,20,0.7,1,2,1
6462-RISCY-FPU-b-2-c5-u0.8-m3-p1-f0,6462,RISCY-FPU-b,2,5,0.8,3,1,0
6618-RISCY-FPU-b-2-c5-u0.9-m2-p5-f1,6618,RISCY-FPU-b,2,5,0.9,2,5,1
6533-RISCY-FPU-b-2-c5-u0.7-m2-p8-f1,6533,RISCY-FPU-b,2,5,0.7,2,8,1
6382-RISCY-FPU-b-2-c2-u0.9-m1-p1-f1,6382,RISCY-FPU-b,2,2,0.9,1,1,1
6407-RISCY-FPU-b-2-c5-u0.7-m1-p2-f0,6407,RISCY-FPU-b,2,5,0.7,1,2,0
6512-RISCY-FPU-b-2-c5-u0.9-m3-p3-f0,6512,RISCY-FPU-b,2,5,0.9,3,3,0
6665-RISCY-FPU-b-2-c20-u0.8-m1-p8-f1,6665,RISCY-FPU-b,2,20,0.8,1,8,1
6313-RISCY-FPU-b-2-c2-u0.7-m3-p3-f1,6313,RISCY-FPU-b,2,2,0.7,3,3,1
6457-RISCY-FPU-b-2-c5-u0.8-m2-p4-f0,6457,RISCY-FPU-b,2,5,0.8,2,4,0
6322-RISCY-FPU-b-2-c2-u0.75-m1-p4-f1,6322,RISCY-FPU-b,2,2,0.75,1,4,1
6438-RISCY-FPU-b-2-c5-u0.75-m3-p1-f0,6438,RISCY-FPU-b,2,5,0.75,3,1,0
6425-RISCY-FPU-b-2-c5-u0.75-m1-p4-f0,6425,RISCY-FPU-b,2,5,0.75,1,4,0
6334-RISCY-FPU-b-2-c2-u0.75-m2-p8-f1,6334,RISCY-FPU-b,2,2,0.75,2,8,1
6612-RISCY-FPU-b-2-c5-u0.9-m1-p7-f1,6612,RISCY-FPU-b,2,5,0.9,1,7,1
6338-RISCY-FPU-b-2-c2-u0.8-m1-p4-f1,6338,RISCY-FPU-b,2,2,0.8,1,4,1
6521-RISCY-FPU-b-2-c5-u0.7-m1-p4-f1,6521,RISCY-FPU-b,2,5,0.7,1,4,1
6516-RISCY-FPU-b-2-c5-u0.9-m3-p7-f0,6516,RISCY-FPU-b,2,5,0.9,3,7,0
6327-RISCY-FPU-b-2-c2-u0.75-m2-p1-f1,6327,RISCY-FPU-b,2,2,0.75,2,1,1
6504-RISCY-FPU-b-2-c5-u0.9-m2-p3-f0,6504,RISCY-FPU-b,2,5,0.9,2,3,0
6461-RISCY-FPU-b-2-c5-u0.8-m2-p8-f0,6461,RISCY-FPU-b,2,5,0.8,2,8,0
6420-RISCY-FPU-b-2-c5-u0.7-m2-p7-f0,6420,RISCY-FPU-b,2,5,0.7,2,7,0
6361-RISCY-FPU-b-2-c2-u0.85-m1-p4-f1,6361,RISCY-FPU-b,2,2,0.85,1,4,1
6509-RISCY-FPU-b-2-c5-u0.9-m2-p8-f0,6509,RISCY-FPU-b,2,5,0.9,2,8,0
6452-RISCY-FPU-b-2-c5-u0.8-m1-p7-f0,6452,RISCY-FPU-b,2,5,0.8,1,7,0
6410-RISCY-FPU-b-2-c5-u0.7-m1-p5-f0,6410,RISCY-FPU-b,2,5,0.7,1,5,0
6346-RISCY-FPU-b-2-c2-u0.8-m2-p4-f1,6346,RISCY-FPU-b,2,2,0.8,2,4,1
6324-RISCY-FPU-b-2-c2-u0.75-m1-p6-f1,6324,RISCY-FPU-b,2,2,0.75,1,6,1
6622-RISCY-FPU-b-2-c5-u0.9-m3-p1-f1,6622,RISCY-FPU-b,2,5,0.9,3,1,1
6306-RISCY-FPU-b-2-c2-u0.7-m2-p4-f1,6306,RISCY-FPU-b,2,2,0.7,2,4,1
6562-RISCY-FPU-b-2-c5-u0.8-m1-p5-f1,6562,RISCY-FPU-b,2,5,0.8,1,5,1
6494-RISCY-FPU-b-2-c5-u0.9-m1-p1-f0,6494,RISCY-FPU-b,2,5,0.9,1,1,0
6551-RISCY-FPU-b-2-c5-u0.75-m3-p2-f1,6551,RISCY-FPU-b,2,5,0.75,3,2,1
6583-RISCY-FPU-b-2-c5-u0.85-m1-p2-f1,6583,RISCY-FPU-b,2,5,0.85,1,2,1
6360-RISCY-FPU-b-2-c2-u0.85-m1-p3-f1,6360,RISCY-FPU-b,2,2,0.85,1,3,1
6507-RISCY-FPU-b-2-c5-u0.9-m2-p6-f0,6507,RISCY-FPU-b,2,5,0.9,2,6,0
6405-RISCY-FPU-b-2-c2-u0.9-m3-p8-f1,6405,RISCY-FPU-b,2,2,0.9,3,8,1
6497-RISCY-FPU-b-2-c5-u0.9-m1-p4-f0,6497,RISCY-FPU-b,2,5,0.9,1,4,0
6445-RISCY-FPU-b-2-c5-u0.75-m3-p8-f0,6445,RISCY-FPU-b,2,5,0.75,3,8,0
6325-RISCY-FPU-b-2-c2-u0.75-m1-p7-f1,6325,RISCY-FPU-b,2,2,0.75,1,7,1
6370-RISCY-FPU-b-2-c2-u0.85-m2-p5-f1,6370,RISCY-FPU-b,2,2,0.85,2,5,1
6610-RISCY-FPU-b-2-c5-u0.9-m1-p5-f1,6610,RISCY-FPU-b,2,5,0.9,1,5,1
6295-RISCY-FPU-b-2-c2-u0.7-m1-p1-f1,6295,RISCY-FPU-b,2,2,0.7,1,1,1
6550-RISCY-FPU-b-2-c5-u0.75-m3-p1-f1,6550,RISCY-FPU-b,2,5,0.75,3,1,1
6615-RISCY-FPU-b-2-c5-u0.9-m2-p2-f1,6615,RISCY-FPU-b,2,5,0.9,2,2,1
6617-RISCY-FPU-b-2-c5-u0.9-m2-p4-f1,6617,RISCY-FPU-b,2,5,0.9,2,4,1
6528-RISCY-FPU-b-2-c5-u0.7-m2-p3-f1,6528,RISCY-FPU-b,2,5,0.7,2,3,1
6469-RISCY-FPU-b-2-c5-u0.8-m3-p8-f0,6469,RISCY-FPU-b,2,5,0.8,3,8,0
6599-RISCY-FPU-b-2-c5-u0.85-m3-p2-f1,6599,RISCY-FPU-b,2,5,0.85,3,2,1
6374-RISCY-FPU-b-2-c2-u0.85-m3-p1-f1,6374,RISCY-FPU-b,2,2,0.85,3,1,1
6485-RISCY-FPU-b-2-c5-u0.85-m2-p8-f0,6485,RISCY-FPU-b,2,5,0.85,2,8,0
6609-RISCY-FPU-b-2-c5-u0.9-m1-p4-f1,6609,RISCY-FPU-b,2,5,0.9,1,4,1
6326-RISCY-FPU-b-2-c2-u0.75-m1-p8-f1,6326,RISCY-FPU-b,2,2,0.75,1,8,1
6364-RISCY-FPU-b-2-c2-u0.85-m1-p7-f1,6364,RISCY-FPU-b,2,2,0.85,1,7,1
6341-RISCY-FPU-b-2-c2-u0.8-m1-p7-f1,6341,RISCY-FPU-b,2,2,0.8,1,7,1
6400-RISCY-FPU-b-2-c2-u0.9-m3-p3-f1,6400,RISCY-FPU-b,2,2,0.9,3,3,1
6629-RISCY-FPU-b-2-c5-u0.9-m3-p8-f1,6629,RISCY-FPU-b,2,5,0.9,3,8,1
6377-RISCY-FPU-b-2-c2-u0.85-m3-p4-f1,6377,RISCY-FPU-b,2,2,0.85,3,4,1
6554-RISCY-FPU-b-2-c5-u0.75-m3-p5-f1,6554,RISCY-FPU-b,2,5,0.75,3,5,1
6669-RISCY-FPU-b-2-c20-u0.85-m1-p2-f1,6669,RISCY-FPU-b,2,20,0.85,1,2,1
6359-RISCY-FPU-b-2-c2-u0.85-m1-p2-f1,6359,RISCY-FPU-b,2,2,0.85,1,2,1
6463-RISCY-FPU-b-2-c5-u0.8-m3-p2-f0,6463,RISCY-FPU-b,2,5,0.8,3,2,0
6508-RISCY-FPU-b-2-c5-u0.9-m2-p7-f0,6508,RISCY-FPU-b,2,5,0.9,2,7,0
6663-RISCY-FPU-b-2-c20-u0.8-m1-p6-f1,6663,RISCY-FPU-b,2,20,0.8,1,6,1
6479-RISCY-FPU-b-2-c5-u0.85-m2-p2-f0,6479,RISCY-FPU-b,2,5,0.85,2,2,0
6349-RISCY-FPU-b-2-c2-u0.8-m2-p7-f1,6349,RISCY-FPU-b,2,2,0.8,2,7,1
6654-RISCY-FPU-b-2-c20-u0.75-m2-p5-f1,6654,RISCY-FPU-b,2,20,0.75,2,5,1
6450-RISCY-FPU-b-2-c5-u0.8-m1-p5-f0,6450,RISCY-FPU-b,2,5,0.8,1,5,0
6380-RISCY-FPU-b-2-c2-u0.85-m3-p7-f1,6380,RISCY-FPU-b,2,2,0.85,3,7,1
6576-RISCY-FPU-b-2-c5-u0.8-m3-p3-f1,6576,RISCY-FPU-b,2,5,0.8,3,3,1
6552-RISCY-FPU-b-2-c5-u0.75-m3-p3-f1,6552,RISCY-FPU-b,2,5,0.75,3,3,1
6388-RISCY-FPU-b-2-c2-u0.9-m1-p7-f1,6388,RISCY-FPU-b,2,2,0.9,1,7,1
6424-RISCY-FPU-b-2-c5-u0.75-m1-p3-f0,6424,RISCY-FPU-b,2,5,0.75,1,3,0
6593-RISCY-FPU-b-2-c5-u0.85-m2-p4-f1,6593,RISCY-FPU-b,2,5,0.85,2,4,1
6498-RISCY-FPU-b-2-c5-u0.9-m1-p5-f0,6498,RISCY-FPU-b,2,5,0.9,1,5,0
6464-RISCY-FPU-b-2-c5-u0.8-m3-p3-f0,6464,RISCY-FPU-b,2,5,0.8,3,3,0
6344-RISCY-FPU-b-2-c2-u0.8-m2-p2-f1,6344,RISCY-FPU-b,2,2,0.8,2,2,1
6451-RISCY-FPU-b-2-c5-u0.8-m1-p6-f0,6451,RISCY-FPU-b,2,5,0.8,1,6,0
6481-RISCY-FPU-b-2-c5-u0.85-m2-p4-f0,6481,RISCY-FPU-b,2,5,0.85,2,4,0
6328-RISCY-FPU-b-2-c2-u0.75-m2-p2-f1,6328,RISCY-FPU-b,2,2,0.75,2,2,1
6421-RISCY-FPU-b-2-c5-u0.7-m2-p8-f0,6421,RISCY-FPU-b,2,5,0.7,2,8,0
6613-RISCY-FPU-b-2-c5-u0.9-m1-p8-f1,6613,RISCY-FPU-b,2,5,0.9,1,8,1
6564-RISCY-FPU-b-2-c5-u0.8-m1-p7-f1,6564,RISCY-FPU-b,2,5,0.8,1,7,1
6453-RISCY-FPU-b-2-c5-u0.8-m1-p8-f0,6453,RISCY-FPU-b,2,5,0.8,1,8,0
6572-RISCY-FPU-b-2-c5-u0.8-m2-p7-f1,6572,RISCY-FPU-b,2,5,0.8,2,7,1
6376-RISCY-FPU-b-2-c2-u0.85-m3-p3-f1,6376,RISCY-FPU-b,2,2,0.85,3,3,1
6657-RISCY-FPU-b-2-c20-u0.75-m2-p8-f1,6657,RISCY-FPU-b,2,20,0.75,2,8,1
6350-RISCY-FPU-b-2-c2-u0.8-m2-p8-f1,6350,RISCY-FPU-b,2,2,0.8,2,8,1
6611-RISCY-FPU-b-2-c5-u0.9-m1-p6-f1,6611,RISCY-FPU-b,2,5,0.9,1,6,1
6357-RISCY-FPU-b-2-c2-u0.8-m3-p8-f1,6357,RISCY-FPU-b,2,2,0.8,3,8,1
6570-RISCY-FPU-b-2-c5-u0.8-m2-p5-f1,6570,RISCY-FPU-b,2,5,0.8,2,5,1
6404-RISCY-FPU-b-2-c2-u0.9-m3-p7-f1,6404,RISCY-FPU-b,2,2,0.9,3,7,1
4349-RISCY-FPU-a-1-c5-u0.85-m2-p7-f1,4349,RISCY-FPU-a,1,5,0.85,2,7,1
4165-RISCY-FPU-a-1-c5-u0.75-m1-p7-f0,4165,RISCY-FPU-a,1,5,0.75,1,7,0
4282-RISCY-FPU-a-1-c5-u0.7-m3-p3-f1,4282,RISCY-FPU-a,1,5,0.7,3,3,1
4547-RISCY-FPU-a-1-c20-u0.75-m2-p8-f1,4547,RISCY-FPU-a,1,20,0.75,2,8,1
4608-RISCY-FPU-a-1-c20-u0.9-m2-p5-f1,4608,RISCY-FPU-a,1,20,0.9,2,5,1
4462-RISCY-FPU-a-1-c20-u0.8-m3-p8-f0,4462,RISCY-FPU-a,1,20,0.8,3,8,0
3930-RISCY-FPU-a-1-c2-u0.75-m4-p3-f0,3930,RISCY-FPU-a,1,2,0.75,4,3,0
4447-RISCY-FPU-a-1-c20-u0.8-m1-p7-f0,4447,RISCY-FPU-a,1,20,0.8,1,7,0
4062-RISCY-FPU-a-1-c2-u0.8-m1-p8-f1,4062,RISCY-FPU-a,1,2,0.8,1,8,1
4112-RISCY-FPU-a-1-c2-u0.9-m2-p2-f1,4112,RISCY-FPU-a,1,2,0.9,2,2,1
4187-RISCY-FPU-a-1-c5-u0.75-m4-p7-f0,4187,RISCY-FPU-a,1,5,0.75,4,7,0
3970-RISCY-FPU-a-1-c2-u0.85-m1-p7-f0,3970,RISCY-FPU-a,1,2,0.85,1,7,0
4234-RISCY-FPU-a-1-c5-u0.85-m3-p2-f0,4234,RISCY-FPU-a,1,5,0.85,3,2,0
4276-RISCY-FPU-a-1-c5-u0.7-m2-p5-f1,4276,RISCY-FPU-a,1,5,0.7,2,5,1
4546-RISCY-FPU-a-1-c20-u0.75-m2-p6-f1,4546,RISCY-FPU-a,1,20,0.75,2,6,1
4443-RISCY-FPU-a-1-c20-u0.8-m1-p3-f0,4443,RISCY-FPU-a,1,20,0.8,1,3,0
4181-RISCY-FPU-a-1-c5-u0.75-m4-p1-f0,4181,RISCY-FPU-a,1,5,0.75,4,1,0
4287-RISCY-FPU-a-1-c5-u0.7-m3-p8-f1,4287,RISCY-FPU-a,1,5,0.7,3,8,1
4384-RISCY-FPU-a-1-c20-u0.7-m1-p4-f0,4384,RISCY-FPU-a,1,20,0.7,1,4,0
4496-RISCY-FPU-a-1-c20-u0.9-m1-p3-f0,4496,RISCY-FPU-a,1,20,0.9,1,3,0
4333-RISCY-FPU-a-1-c5-u0.8-m3-p6-f1,4333,RISCY-FPU-a,1,5,0.8,3,6,1
4321-RISCY-FPU-a-1-c5-u0.8-m2-p2-f1,4321,RISCY-FPU-a,1,5,0.8,2,2,1
3975-RISCY-FPU-a-1-c2-u0.85-m2-p6-f0,3975,RISCY-FPU-a,1,2,0.85,2,6,0
4339-RISCY-FPU-a-1-c5-u0.85-m1-p5-f1,4339,RISCY-FPU-a,1,5,0.85,1,5,1
4609-RISCY-FPU-a-1-c20-u0.9-m2-p6-f1,4609,RISCY-FPU-a,1,20,0.9,2,6,1
4560-RISCY-FPU-a-1-c20-u0.8-m1-p5-f1,4560,RISCY-FPU-a,1,20,0.8,1,5,1
4120-RISCY-FPU-a-1-c2-u0.9-m3-p2-f1,4120,RISCY-FPU-a,1,2,0.9,3,2,1
4071-RISCY-FPU-a-1-c2-u0.8-m3-p1-f1,4071,RISCY-FPU-a,1,2,0.8,3,1,1
4362-RISCY-FPU-a-1-c5-u0.9-m1-p4-f1,4362,RISCY-FPU-a,1,5,0.9,1,4,1
4516-RISCY-FPU-a-1-c20-u0.7-m1-p7-f1,4516,RISCY-FPU-a,1,20,0.7,1,7,1
3912-RISCY-FPU-a-1-c2-u0.75-m1-p5-f0,3912,RISCY-FPU-a,1,2,0.75,1,5,0
3936-RISCY-FPU-a-1-c2-u0.8-m1-p1-f0,3936,RISCY-FPU-a,1,2,0.8,1,1,0
3891-RISCY-FPU-a-1-c2-u0.7-m2-p6-f0,3891,RISCY-FPU-a,1,2,0.7,2,6,0
4140-RISCY-FPU-a-1-c5-u0.7-m2-p6-f0,4140,RISCY-FPU-a,1,5,0.7,2,6,0
4371-RISCY-FPU-a-1-c5-u0.9-m2-p5-f1,4371,RISCY-FPU-a,1,5,0.9,2,5,1
4461-RISCY-FPU-a-1-c20-u0.8-m3-p7-f0,4461,RISCY-FPU-a,1,20,0.8,3,7,0
3980-RISCY-FPU-a-1-c2-u0.85-m3-p5-f0,3980,RISCY-FPU-a,1,2,0.85,3,5,0
4209-RISCY-FPU-a-1-c5-u0.8-m3-p7-f0,4209,RISCY-FPU-a,1,5,0.8,3,7,0
4325-RISCY-FPU-a-1-c5-u0.8-m2-p6-f1,4325,RISCY-FPU-a,1,5,0.8,2,6,1
4265-RISCY-FPU-a-1-c5-u0.7-m1-p2-f1,4265,RISCY-FPU-a,1,5,0.7,1,2,1
3983-RISCY-FPU-a-1-c2-u0.85-m3-p8-f0,3983,RISCY-FPU-a,1,2,0.85,3,8,0
4249-RISCY-FPU-a-1-c5-u0.9-m1-p2-f0,4249,RISCY-FPU-a,1,5,0.9,1,2,0
4205-RISCY-FPU-a-1-c5-u0.8-m3-p2-f0,4205,RISCY-FPU-a,1,5,0.8,3,2,0
4590-RISCY-FPU-a-1-c20-u0.85-m2-p3-f1,4590,RISCY-FPU-a,1,20,0.85,2,3,1
4211-RISCY-FPU-a-1-c5-u0.8-m4-p1-f0,4211,RISCY-FPU-a,1,5,0.8,4,1,0
4015-RISCY-FPU-a-1-c2-u0.7-m1-p8-f1,4015,RISCY-FPU-a,1,2,0.7,1,8,1
4184-RISCY-FPU-a-1-c5-u0.75-m4-p4-f0,4184,RISCY-FPU-a,1,5,0.75,4,4,0
3905-RISCY-FPU-a-1-c2-u0.7-m4-p6-f0,3905,RISCY-FPU-a,1,2,0.7,4,6,0
4451-RISCY-FPU-a-1-c20-u0.8-m2-p3-f0,4451,RISCY-FPU-a,1,20,0.8,2,3,0
4025-RISCY-FPU-a-1-c2-u0.7-m3-p2-f1,4025,RISCY-FPU-a,1,2,0.7,3,2,1
4319-RISCY-FPU-a-1-c5-u0.8-m1-p8-f1,4319,RISCY-FPU-a,1,5,0.8,1,8,1
4583-RISCY-FPU-a-1-c20-u0.85-m1-p4-f1,4583,RISCY-FPU-a,1,20,0.85,1,4,1
4469-RISCY-FPU-a-1-c20-u0.8-m4-p7-f0,4469,RISCY-FPU-a,1,20,0.8,4,7,0
4072-RISCY-FPU-a-1-c2-u0.8-m3-p2-f1,4072,RISCY-FPU-a,1,2,0.8,3,2,1
4439-RISCY-FPU-a-1-c20-u0.75-m4-p7-f0,4439,RISCY-FPU-a,1,20,0.75,4,7,0
4326-RISCY-FPU-a-1-c5-u0.8-m2-p7-f1,4326,RISCY-FPU-a,1,5,0.8,2,7,1
3966-RISCY-FPU-a-1-c2-u0.85-m1-p3-f0,3966,RISCY-FPU-a,1,2,0.85,1,3,0
4389-RISCY-FPU-a-1-c20-u0.7-m2-p2-f0,4389,RISCY-FPU-a,1,20,0.7,2,2,0
4133-RISCY-FPU-a-1-c5-u0.7-m1-p7-f0,4133,RISCY-FPU-a,1,5,0.7,1,7,0
4150-RISCY-FPU-a-1-c5-u0.7-m3-p8-f0,4150,RISCY-FPU-a,1,5,0.7,3,8,0
4495-RISCY-FPU-a-1-c20-u0.9-m1-p2-f0,4495,RISCY-FPU-a,1,20,0.9,1,2,0
4510-RISCY-FPU-a-1-c20-u0.7-m1-p1-f1,4510,RISCY-FPU-a,1,20,0.7,1,1,1
4160-RISCY-FPU-a-1-c5-u0.75-m1-p2-f0,4160,RISCY-FPU-a,1,5,0.75,1,2,0
4563-RISCY-FPU-a-1-c20-u0.8-m1-p8-f1,4563,RISCY-FPU-a,1,20,0.8,1,8,1
4474-RISCY-FPU-a-1-c20-u0.85-m1-p4-f0,4474,RISCY-FPU-a,1,20,0.85,1,4,0
4464-RISCY-FPU-a-1-c20-u0.8-m4-p2-f0,4464,RISCY-FPU-a,1,20,0.8,4,2,0
3907-RISCY-FPU-a-1-c2-u0.7-m4-p8-f0,3907,RISCY-FPU-a,1,2,0.7,4,8,0
4472-RISCY-FPU-a-1-c20-u0.85-m1-p2-f0,4472,RISCY-FPU-a,1,20,0.85,1,2,0
4493-RISCY-FPU-a-1-c20-u0.85-m4-p8-f0,4493,RISCY-FPU-a,1,20,0.85,4,8,0
3896-RISCY-FPU-a-1-c2-u0.7-m3-p5-f0,3896,RISCY-FPU-a,1,2,0.7,3,5,0
4247-RISCY-FPU-a-1-c5-u0.85-m4-p8-f0,4247,RISCY-FPU-a,1,5,0.85,4,8,0
4561-RISCY-FPU-a-1-c20-u0.8-m1-p6-f1,4561,RISCY-FPU-a,1,20,0.8,1,6,1
4030-RISCY-FPU-a-1-c2-u0.7-m3-p7-f1,4030,RISCY-FPU-a,1,2,0.7,3,7,1
4255-RISCY-FPU-a-1-c5-u0.9-m1-p8-f0,4255,RISCY-FPU-a,1,5,0.9,1,8,0
3973-RISCY-FPU-a-1-c2-u0.85-m2-p4-f0,3973,RISCY-FPU-a,1,2,0.85,2,4,0
4555-RISCY-FPU-a-1-c20-u0.75-m3-p8-f1,4555,RISCY-FPU-a,1,20,0.75,3,8,1
4466-RISCY-FPU-a-1-c20-u0.8-m4-p4-f0,4466,RISCY-FPU-a,1,20,0.8,4,4,0
4602-RISCY-FPU-a-1-c20-u0.85-m3-p8-f1,4602,RISCY-FPU-a,1,20,0.85,3,8,1
4278-RISCY-FPU-a-1-c5-u0.7-m2-p7-f1,4278,RISCY-FPU-a,1,5,0.7,2,7,1
4456-RISCY-FPU-a-1-c20-u0.8-m3-p1-f0,4456,RISCY-FPU-a,1,20,0.8,3,1,0
4572-RISCY-FPU-a-1-c20-u0.8-m3-p1-f1,4572,RISCY-FPU-a,1,20,0.8,3,1,1
3985-RISCY-FPU-a-1-c2-u0.85-m4-p2-f0,3985,RISCY-FPU-a,1,2,0.85,4,2,0
4328-RISCY-FPU-a-1-c5-u0.8-m3-p1-f1,4328,RISCY-FPU-a,1,5,0.8,3,1,1
4417-RISCY-FPU-a-1-c20-u0.75-m1-p8-f0,4417,RISCY-FPU-a,1,20,0.75,1,8,0
4244-RISCY-FPU-a-1-c5-u0.85-m4-p5-f0,4244,RISCY-FPU-a,1,5,0.85,4,5,0
4492-RISCY-FPU-a-1-c20-u0.85-m4-p6-f0,4492,RISCY-FPU-a,1,20,0.85,4,6,0
4218-RISCY-FPU-a-1-c5-u0.8-m4-p8-f0,4218,RISCY-FPU-a,1,5,0.8,4,8,0
3909-RISCY-FPU-a-1-c2-u0.75-m1-p2-f0,3909,RISCY-FPU-a,1,2,0.75,1,2,0
4004-RISCY-FPU-a-1-c2-u0.9-m4-p5-f0,4004,RISCY-FPU-a,1,2,0.9,4,5,0
4297-RISCY-FPU-a-1-c5-u0.75-m2-p2-f1,4297,RISCY-FPU-a,1,5,0.75,2,2,1
4118-RISCY-FPU-a-1-c2-u0.9-m2-p8-f1,4118,RISCY-FPU-a,1,2,0.9,2,8,1
4001-RISCY-FPU-a-1-c2-u0.9-m4-p2-f0,4001,RISCY-FPU-a,1,2,0.9,4,2,0
4016-RISCY-FPU-a-1-c2-u0.7-m2-p1-f1,4016,RISCY-FPU-a,1,2,0.7,2,1,1
3995-RISCY-FPU-a-1-c2-u0.9-m1-p4-f0,3995,RISCY-FPU-a,1,2,0.9,1,4,0
4579-RISCY-FPU-a-1-c20-u0.8-m3-p8-f1,4579,RISCY-FPU-a,1,20,0.8,3,8,1
4008-RISCY-FPU-a-1-c2-u0.7-m1-p1-f1,4008,RISCY-FPU-a,1,2,0.7,1,1,1
3961-RISCY-FPU-a-1-c2-u0.8-m4-p6-f0,3961,RISCY-FPU-a,1,2,0.8,4,6,0
4428-RISCY-FPU-a-1-c20-u0.75-m3-p3-f0,4428,RISCY-FPU-a,1,20,0.75,3,3,0
4097-RISCY-FPU-a-1-c2-u0.85-m3-p3-f1,4097,RISCY-FPU-a,1,2,0.85,3,3,1
4197-RISCY-FPU-a-1-c5-u0.8-m2-p1-f0,4197,RISCY-FPU-a,1,5,0.8,2,1,0
4610-RISCY-FPU-a-1-c20-u0.9-m2-p8-f1,4610,RISCY-FPU-a,1,20,0.9,2,8,1
4377-RISCY-FPU-a-1-c5-u0.9-m3-p3-f1,4377,RISCY-FPU-a,1,5,0.9,3,3,1
4090-RISCY-FPU-a-1-c2-u0.85-m2-p4-f1,4090,RISCY-FPU-a,1,2,0.85,2,4,1
4340-RISCY-FPU-a-1-c5-u0.85-m1-p6-f1,4340,RISCY-FPU-a,1,5,0.85,1,6,1
4257-RISCY-FPU-a-1-c5-u0.9-m4-p2-f0,4257,RISCY-FPU-a,1,5,0.9,4,2,0
3908-RISCY-FPU-a-1-c2-u0.75-m1-p1-f0,3908,RISCY-FPU-a,1,2,0.75,1,1,0
3946-RISCY-FPU-a-1-c2-u0.8-m2-p5-f0,3946,RISCY-FPU-a,1,2,0.8,2,5,0
4180-RISCY-FPU-a-1-c5-u0.75-m3-p8-f0,4180,RISCY-FPU-a,1,5,0.75,3,8,0
4517-RISCY-FPU-a-1-c20-u0.7-m1-p8-f1,4517,RISCY-FPU-a,1,20,0.7,1,8,1
4358-RISCY-FPU-a-1-c5-u0.85-m3-p8-f1,4358,RISCY-FPU-a,1,5,0.85,3,8,1
4270-RISCY-FPU-a-1-c5-u0.7-m1-p7-f1,4270,RISCY-FPU-a,1,5,0.7,1,7,1
4543-RISCY-FPU-a-1-c20-u0.75-m2-p3-f1,4543,RISCY-FPU-a,1,20,0.75,2,3,1
4589-RISCY-FPU-a-1-c20-u0.85-m2-p2-f1,4589,RISCY-FPU-a,1,20,0.85,2,2,1
4423-RISCY-FPU-a-1-c20-u0.75-m2-p6-f0,4423,RISCY-FPU-a,1,20,0.75,2,6,0
4515-RISCY-FPU-a-1-c20-u0.7-m1-p6-f1,4515,RISCY-FPU-a,1,20,0.7,1,6,1
4253-RISCY-FPU-a-1-c5-u0.9-m1-p6-f0,4253,RISCY-FPU-a,1,5,0.9,1,6,0
4101-RISCY-FPU-a-1-c2-u0.85-m3-p7-f1,4101,RISCY-FPU-a,1,2,0.85,3,7,1
4013-RISCY-FPU-a-1-c2-u0.7-m1-p6-f1,4013,RISCY-FPU-a,1,2,0.7,1,6,1
4091-RISCY-FPU-a-1-c2-u0.85-m2-p5-f1,4091,RISCY-FPU-a,1,2,0.85,2,5,1
4299-RISCY-FPU-a-1-c5-u0.75-m2-p4-f1,4299,RISCY-FPU-a,1,5,0.75,2,4,1
3894-RISCY-FPU-a-1-c2-u0.7-m3-p1-f0,3894,RISCY-FPU-a,1,2,0.7,3,1,0
4604-RISCY-FPU-a-1-c20-u0.9-m1-p4-f1,4604,RISCY-FPU-a,1,20,0.9,1,4,1
4086-RISCY-FPU-a-1-c2-u0.85-m1-p8-f1,4086,RISCY-FPU-a,1,2,0.85,1,8,1
4153-RISCY-FPU-a-1-c5-u0.7-m4-p3-f0,4153,RISCY-FPU-a,1,5,0.7,4,3,0
3987-RISCY-FPU-a-1-c2-u0.85-m4-p4-f0,3987,RISCY-FPU-a,1,2,0.85,4,4,0
4351-RISCY-FPU-a-1-c5-u0.85-m3-p1-f1,4351,RISCY-FPU-a,1,5,0.85,3,1,1
4347-RISCY-FPU-a-1-c5-u0.85-m2-p5-f1,4347,RISCY-FPU-a,1,5,0.85,2,5,1
4408-RISCY-FPU-a-1-c20-u0.7-m4-p7-f0,4408,RISCY-FPU-a,1,20,0.7,4,7,0
4061-RISCY-FPU-a-1-c2-u0.8-m1-p7-f1,4061,RISCY-FPU-a,1,2,0.8,1,7,1
4113-RISCY-FPU-a-1-c2-u0.9-m2-p3-f1,4113,RISCY-FPU-a,1,2,0.9,2,3,1
3920-RISCY-FPU-a-1-c2-u0.75-m2-p7-f0,3920,RISCY-FPU-a,1,2,0.75,2,7,0
3883-RISCY-FPU-a-1-c2-u0.7-m1-p4-f0,3883,RISCY-FPU-a,1,2,0.7,1,4,0
4600-RISCY-FPU-a-1-c20-u0.85-m3-p6-f1,4600,RISCY-FPU-a,1,20,0.85,3,6,1
4577-RISCY-FPU-a-1-c20-u0.8-m3-p6-f1,4577,RISCY-FPU-a,1,20,0.8,3,6,1
3964-RISCY-FPU-a-1-c2-u0.85-m1-p1-f0,3964,RISCY-FPU-a,1,2,0.85,1,1,0
4378-RISCY-FPU-a-1-c5-u0.9-m3-p4-f1,4378,RISCY-FPU-a,1,5,0.9,3,4,1
3929-RISCY-FPU-a-1-c2-u0.75-m4-p2-f0,3929,RISCY-FPU-a,1,2,0.75,4,2,0
3895-RISCY-FPU-a-1-c2-u0.7-m3-p4-f0,3895,RISCY-FPU-a,1,2,0.7,3,4,0
3941-RISCY-FPU-a-1-c2-u0.8-m1-p6-f0,3941,RISCY-FPU-a,1,2,0.8,1,6,0
4361-RISCY-FPU-a-1-c5-u0.9-m1-p3-f1,4361,RISCY-FPU-a,1,5,0.9,1,3,1
4545-RISCY-FPU-a-1-c20-u0.75-m2-p5-f1,4545,RISCY-FPU-a,1,20,0.75,2,5,1
4232-RISCY-FPU-a-1-c5-u0.85-m2-p8-f0,4232,RISCY-FPU-a,1,5,0.85,2,8,0
4200-RISCY-FPU-a-1-c5-u0.8-m2-p5-f0,4200,RISCY-FPU-a,1,5,0.8,2,5,0
3900-RISCY-FPU-a-1-c2-u0.7-m4-p1-f0,3900,RISCY-FPU-a,1,2,0.7,4,1,0
4491-RISCY-FPU-a-1-c20-u0.85-m4-p3-f0,4491,RISCY-FPU-a,1,20,0.85,4,3,0
4083-RISCY-FPU-a-1-c2-u0.85-m1-p5-f1,4083,RISCY-FPU-a,1,2,0.85,1,5,1
4551-RISCY-FPU-a-1-c20-u0.75-m3-p4-f1,4551,RISCY-FPU-a,1,20,0.75,3,4,1
4189-RISCY-FPU-a-1-c5-u0.8-m1-p1-f0,4189,RISCY-FPU-a,1,5,0.8,1,1,0
4220-RISCY-FPU-a-1-c5-u0.85-m1-p3-f0,4220,RISCY-FPU-a,1,5,0.85,1,3,0
3928-RISCY-FPU-a-1-c2-u0.75-m4-p1-f0,3928,RISCY-FPU-a,1,2,0.75,4,1,0
4601-RISCY-FPU-a-1-c20-u0.85-m3-p7-f1,4601,RISCY-FPU-a,1,20,0.85,3,7,1
4266-RISCY-FPU-a-1-c5-u0.7-m1-p3-f1,4266,RISCY-FPU-a,1,5,0.7,1,3,1
4415-RISCY-FPU-a-1-c20-u0.75-m1-p6-f0,4415,RISCY-FPU-a,1,20,0.75,1,6,0
4368-RISCY-FPU-a-1-c5-u0.9-m2-p2-f1,4368,RISCY-FPU-a,1,5,0.9,2,2,1
4239-RISCY-FPU-a-1-c5-u0.85-m3-p8-f0,4239,RISCY-FPU-a,1,5,0.85,3,8,0
4033-RISCY-FPU-a-1-c2-u0.75-m1-p3-f1,4033,RISCY-FPU-a,1,2,0.75,1,3,1
4065-RISCY-FPU-a-1-c2-u0.8-m2-p3-f1,4065,RISCY-FPU-a,1,2,0.8,2,3,1
4427-RISCY-FPU-a-1-c20-u0.75-m3-p2-f0,4427,RISCY-FPU-a,1,20,0.75,3,2,0
4512-RISCY-FPU-a-1-c20-u0.7-m1-p3-f1,4512,RISCY-FPU-a,1,20,0.7,1,3,1
3950-RISCY-FPU-a-1-c2-u0.8-m3-p1-f0,3950,RISCY-FPU-a,1,2,0.8,3,1,0
4132-RISCY-FPU-a-1-c5-u0.7-m1-p6-f0,4132,RISCY-FPU-a,1,5,0.7,1,6,0
4396-RISCY-FPU-a-1-c20-u0.7-m3-p1-f0,4396,RISCY-FPU-a,1,20,0.7,3,1,0
4157-RISCY-FPU-a-1-c5-u0.7-m4-p7-f0,4157,RISCY-FPU-a,1,5,0.7,4,7,0
4430-RISCY-FPU-a-1-c20-u0.75-m3-p6-f0,4430,RISCY-FPU-a,1,20,0.75,3,6,0
4116-RISCY-FPU-a-1-c2-u0.9-m2-p6-f1,4116,RISCY-FPU-a,1,2,0.9,2,6,1
4527-RISCY-FPU-a-1-c20-u0.7-m3-p2-f1,4527,RISCY-FPU-a,1,20,0.7,3,2,1
4245-RISCY-FPU-a-1-c5-u0.85-m4-p6-f0,4245,RISCY-FPU-a,1,5,0.85,4,6,0
4431-RISCY-FPU-a-1-c20-u0.75-m3-p7-f0,4431,RISCY-FPU-a,1,20,0.75,3,7,0
3960-RISCY-FPU-a-1-c2-u0.8-m4-p5-f0,3960,RISCY-FPU-a,1,2,0.8,4,5,0
4281-RISCY-FPU-a-1-c5-u0.7-m3-p2-f1,4281,RISCY-FPU-a,1,5,0.7,3,2,1
4409-RISCY-FPU-a-1-c20-u0.7-m4-p8-f0,4409,RISCY-FPU-a,1,20,0.7,4,8,0
4511-RISCY-FPU-a-1-c20-u0.7-m1-p2-f1,4511,RISCY-FPU-a,1,20,0.7,1,2,1
4231-RISCY-FPU-a-1-c5-u0.85-m2-p7-f0,4231,RISCY-FPU-a,1,5,0.85,2,7,0
3939-RISCY-FPU-a-1-c2-u0.8-m1-p4-f0,3939,RISCY-FPU-a,1,2,0.8,1,4,0
4291-RISCY-FPU-a-1-c5-u0.75-m1-p4-f1,4291,RISCY-FPU-a,1,5,0.75,1,4,1
3956-RISCY-FPU-a-1-c2-u0.8-m4-p1-f0,3956,RISCY-FPU-a,1,2,0.8,4,1,0
4459-RISCY-FPU-a-1-c20-u0.8-m3-p5-f0,4459,RISCY-FPU-a,1,20,0.8,3,5,0
4331-RISCY-FPU-a-1-c5-u0.8-m3-p4-f1,4331,RISCY-FPU-a,1,5,0.8,3,4,1
4182-RISCY-FPU-a-1-c5-u0.75-m4-p2-f0,4182,RISCY-FPU-a,1,5,0.75,4,2,0
4125-RISCY-FPU-a-1-c2-u0.9-m3-p7-f1,4125,RISCY-FPU-a,1,2,0.9,3,7,1
4405-RISCY-FPU-a-1-c20-u0.7-m4-p4-f0,4405,RISCY-FPU-a,1,20,0.7,4,4,0
4446-RISCY-FPU-a-1-c20-u0.8-m1-p6-f0,4446,RISCY-FPU-a,1,20,0.8,1,6,0
4121-RISCY-FPU-a-1-c2-u0.9-m3-p3-f1,4121,RISCY-FPU-a,1,2,0.9,3,3,1
4534-RISCY-FPU-a-1-c20-u0.75-m1-p2-f1,4534,RISCY-FPU-a,1,20,0.75,1,2,1
4226-RISCY-FPU-a-1-c5-u0.85-m2-p1-f0,4226,RISCY-FPU-a,1,5,0.85,2,1,0
4298-RISCY-FPU-a-1-c5-u0.75-m2-p3-f1,4298,RISCY-FPU-a,1,5,0.75,2,3,1
4305-RISCY-FPU-a-1-c5-u0.75-m3-p2-f1,4305,RISCY-FPU-a,1,5,0.75,3,2,1
3999-RISCY-FPU-a-1-c2-u0.9-m1-p8-f0,3999,RISCY-FPU-a,1,2,0.9,1,8,0
4573-RISCY-FPU-a-1-c20-u0.8-m3-p2-f1,4573,RISCY-FPU-a,1,20,0.8,3,2,1
4110-RISCY-FPU-a-1-c2-u0.9-m1-p8-f1,4110,RISCY-FPU-a,1,2,0.9,1,8,1
4053-RISCY-FPU-a-1-c2-u0.75-m3-p7-f1,4053,RISCY-FPU-a,1,2,0.75,3,7,1
4568-RISCY-FPU-a-1-c20-u0.8-m2-p5-f1,4568,RISCY-FPU-a,1,20,0.8,2,5,1
4363-RISCY-FPU-a-1-c5-u0.9-m1-p5-f1,4363,RISCY-FPU-a,1,5,0.9,1,5,1
3988-RISCY-FPU-a-1-c2-u0.85-m4-p5-f0,3988,RISCY-FPU-a,1,2,0.85,4,5,0
4058-RISCY-FPU-a-1-c2-u0.8-m1-p4-f1,4058,RISCY-FPU-a,1,2,0.8,1,4,1
4285-RISCY-FPU-a-1-c5-u0.7-m3-p6-f1,4285,RISCY-FPU-a,1,5,0.7,3,6,1
4238-RISCY-FPU-a-1-c5-u0.85-m3-p7-f0,4238,RISCY-FPU-a,1,5,0.85,3,7,0
4554-RISCY-FPU-a-1-c20-u0.75-m3-p7-f1,4554,RISCY-FPU-a,1,20,0.75,3,7,1
3955-RISCY-FPU-a-1-c2-u0.8-m3-p8-f0,3955,RISCY-FPU-a,1,2,0.8,3,8,0
4514-RISCY-FPU-a-1-c20-u0.7-m1-p5-f1,4514,RISCY-FPU-a,1,20,0.7,1,5,1
4235-RISCY-FPU-a-1-c5-u0.85-m3-p3-f0,4235,RISCY-FPU-a,1,5,0.85,3,3,0
4556-RISCY-FPU-a-1-c20-u0.8-m1-p1-f1,4556,RISCY-FPU-a,1,20,0.8,1,1,1
4607-RISCY-FPU-a-1-c20-u0.9-m2-p3-f1,4607,RISCY-FPU-a,1,20,0.9,2,3,1
4434-RISCY-FPU-a-1-c20-u0.75-m4-p2-f0,4434,RISCY-FPU-a,1,20,0.75,4,2,0
4293-RISCY-FPU-a-1-c5-u0.75-m1-p6-f1,4293,RISCY-FPU-a,1,5,0.75,1,6,1
4521-RISCY-FPU-a-1-c20-u0.7-m2-p4-f1,4521,RISCY-FPU-a,1,20,0.7,2,4,1
4273-RISCY-FPU-a-1-c5-u0.7-m2-p2-f1,4273,RISCY-FPU-a,1,5,0.7,2,2,1
4310-RISCY-FPU-a-1-c5-u0.75-m3-p7-f1,4310,RISCY-FPU-a,1,5,0.75,3,7,1
4207-RISCY-FPU-a-1-c5-u0.8-m3-p5-f0,4207,RISCY-FPU-a,1,5,0.8,3,5,0
4381-RISCY-FPU-a-1-c5-u0.9-m3-p8-f1,4381,RISCY-FPU-a,1,5,0.9,3,8,1
4213-RISCY-FPU-a-1-c5-u0.8-m4-p3-f0,4213,RISCY-FPU-a,1,5,0.8,4,3,0
3976-RISCY-FPU-a-1-c2-u0.85-m2-p7-f0,3976,RISCY-FPU-a,1,2,0.85,2,7,0
4288-RISCY-FPU-a-1-c5-u0.75-m1-p1-f1,4288,RISCY-FPU-a,1,5,0.75,1,1,1
4107-RISCY-FPU-a-1-c2-u0.9-m1-p5-f1,4107,RISCY-FPU-a,1,2,0.9,1,5,1
3892-RISCY-FPU-a-1-c2-u0.7-m2-p7-f0,3892,RISCY-FPU-a,1,2,0.7,2,7,0
4520-RISCY-FPU-a-1-c20-u0.7-m2-p3-f1,4520,RISCY-FPU-a,1,20,0.7,2,3,1
4068-RISCY-FPU-a-1-c2-u0.8-m2-p6-f1,4068,RISCY-FPU-a,1,2,0.8,2,6,1
4289-RISCY-FPU-a-1-c5-u0.75-m1-p2-f1,4289,RISCY-FPU-a,1,5,0.75,1,2,1
3911-RISCY-FPU-a-1-c2-u0.75-m1-p4-f0,3911,RISCY-FPU-a,1,2,0.75,1,4,0
4519-RISCY-FPU-a-1-c20-u0.7-m2-p2-f1,4519,RISCY-FPU-a,1,20,0.7,2,2,1
4530-RISCY-FPU-a-1-c20-u0.7-m3-p6-f1,4530,RISCY-FPU-a,1,20,0.7,3,6,1
3890-RISCY-FPU-a-1-c2-u0.7-m2-p5-f0,3890,RISCY-FPU-a,1,2,0.7,2,5,0
3887-RISCY-FPU-a-1-c2-u0.7-m1-p8-f0,3887,RISCY-FPU-a,1,2,0.7,1,8,0
4320-RISCY-FPU-a-1-c5-u0.8-m2-p1-f1,4320,RISCY-FPU-a,1,5,0.8,2,1,1
4054-RISCY-FPU-a-1-c2-u0.75-m3-p8-f1,4054,RISCY-FPU-a,1,2,0.75,3,8,1
4407-RISCY-FPU-a-1-c20-u0.7-m4-p6-f0,4407,RISCY-FPU-a,1,20,0.7,4,6,0
4323-RISCY-FPU-a-1-c5-u0.8-m2-p4-f1,4323,RISCY-FPU-a,1,5,0.8,2,4,1
4376-RISCY-FPU-a-1-c5-u0.9-m3-p2-f1,4376,RISCY-FPU-a,1,5,0.9,3,2,1
3942-RISCY-FPU-a-1-c2-u0.8-m1-p7-f0,3942,RISCY-FPU-a,1,2,0.8,1,7,0
4144-RISCY-FPU-a-1-c5-u0.7-m3-p2-f0,4144,RISCY-FPU-a,1,5,0.7,3,2,0
4045-RISCY-FPU-a-1-c2-u0.75-m2-p7-f1,4045,RISCY-FPU-a,1,2,0.75,2,7,1
4049-RISCY-FPU-a-1-c2-u0.75-m3-p3-f1,4049,RISCY-FPU-a,1,2,0.75,3,3,1
4261-RISCY-FPU-a-1-c5-u0.9-m4-p6-f0,4261,RISCY-FPU-a,1,5,0.9,4,6,0
4412-RISCY-FPU-a-1-c20-u0.75-m1-p3-f0,4412,RISCY-FPU-a,1,20,0.75,1,3,0
4374-RISCY-FPU-a-1-c5-u0.9-m2-p8-f1,4374,RISCY-FPU-a,1,5,0.9,2,8,1
4593-RISCY-FPU-a-1-c20-u0.85-m2-p6-f1,4593,RISCY-FPU-a,1,20,0.85,2,6,1
4586-RISCY-FPU-a-1-c20-u0.85-m1-p7-f1,4586,RISCY-FPU-a,1,20,0.85,1,7,1
4364-RISCY-FPU-a-1-c5-u0.9-m1-p6-f1,4364,RISCY-FPU-a,1,5,0.9,1,6,1
4026-RISCY-FPU-a-1-c2-u0.7-m3-p3-f1,4026,RISCY-FPU-a,1,2,0.7,3,3,1
4248-RISCY-FPU-a-1-c5-u0.9-m1-p1-f0,4248,RISCY-FPU-a,1,5,0.9,1,1,0
4171-RISCY-FPU-a-1-c5-u0.75-m2-p6-f0,4171,RISCY-FPU-a,1,5,0.75,2,6,0
3979-RISCY-FPU-a-1-c2-u0.85-m3-p4-f0,3979,RISCY-FPU-a,1,2,0.85,3,4,0
4080-RISCY-FPU-a-1-c2-u0.85-m1-p2-f1,4080,RISCY-FPU-a,1,2,0.85,1,2,1
4168-RISCY-FPU-a-1-c5-u0.75-m2-p2-f0,4168,RISCY-FPU-a,1,5,0.75,2,2,0
4037-RISCY-FPU-a-1-c2-u0.75-m1-p7-f1,4037,RISCY-FPU-a,1,2,0.75,1,7,1
3925-RISCY-FPU-a-1-c2-u0.75-m3-p6-f0,3925,RISCY-FPU-a,1,2,0.75,3,6,0
4173-RISCY-FPU-a-1-c5-u0.75-m2-p8-f0,4173,RISCY-FPU-a,1,5,0.75,2,8,0
4478-RISCY-FPU-a-1-c20-u0.85-m1-p8-f0,4478,RISCY-FPU-a,1,20,0.85,1,8,0
4250-RISCY-FPU-a-1-c5-u0.9-m1-p3-f0,4250,RISCY-FPU-a,1,5,0.9,1,3,0
4093-RISCY-FPU-a-1-c2-u0.85-m2-p7-f1,4093,RISCY-FPU-a,1,2,0.85,2,7,1
4024-RISCY-FPU-a-1-c2-u0.7-m3-p1-f1,4024,RISCY-FPU-a,1,2,0.7,3,1,1
4614-RISCY-FPU-a-1-c20-u0.9-m3-p6-f1,4614,RISCY-FPU-a,1,20,0.9,3,6,1
3984-RISCY-FPU-a-1-c2-u0.85-m4-p1-f0,3984,RISCY-FPU-a,1,2,0.85,4,1,0
3916-RISCY-FPU-a-1-c2-u0.75-m2-p1-f0,3916,RISCY-FPU-a,1,2,0.75,2,1,0
4089-RISCY-FPU-a-1-c2-u0.85-m2-p3-f1,4089,RISCY-FPU-a,1,2,0.85,2,3,1
4504-RISCY-FPU-a-1-c20-u0.9-m4-p3-f0,4504,RISCY-FPU-a,1,20,0.9,4,3,0
4475-RISCY-FPU-a-1-c20-u0.85-m1-p5-f0,4475,RISCY-FPU-a,1,20,0.85,1,5,0
3934-RISCY-FPU-a-1-c2-u0.75-m4-p7-f0,3934,RISCY-FPU-a,1,2,0.75,4,7,0
4057-RISCY-FPU-a-1-c2-u0.8-m1-p3-f1,4057,RISCY-FPU-a,1,2,0.8,1,3,1
3998-RISCY-FPU-a-1-c2-u0.9-m1-p7-f0,3998,RISCY-FPU-a,1,2,0.9,1,7,0
3968-RISCY-FPU-a-1-c2-u0.85-m1-p5-f0,3968,RISCY-FPU-a,1,2,0.85,1,5,0
4032-RISCY-FPU-a-1-c2-u0.75-m1-p2-f1,4032,RISCY-FPU-a,1,2,0.75,1,2,1
4502-RISCY-FPU-a-1-c20-u0.9-m4-p1-f0,4502,RISCY-FPU-a,1,20,0.9,4,1,0
4017-RISCY-FPU-a-1-c2-u0.7-m2-p2-f1,4017,RISCY-FPU-a,1,2,0.7,2,2,1
4373-RISCY-FPU-a-1-c5-u0.9-m2-p7-f1,4373,RISCY-FPU-a,1,5,0.9,2,7,1
4201-RISCY-FPU-a-1-c5-u0.8-m2-p6-f0,4201,RISCY-FPU-a,1,5,0.8,2,6,0
4357-RISCY-FPU-a-1-c5-u0.85-m3-p7-f1,4357,RISCY-FPU-a,1,5,0.85,3,7,1
3991-RISCY-FPU-a-1-c2-u0.85-m4-p8-f0,3991,RISCY-FPU-a,1,2,0.85,4,8,0
4021-RISCY-FPU-a-1-c2-u0.7-m2-p6-f1,4021,RISCY-FPU-a,1,2,0.7,2,6,1
4531-RISCY-FPU-a-1-c20-u0.7-m3-p7-f1,4531,RISCY-FPU-a,1,20,0.7,3,7,1
4594-RISCY-FPU-a-1-c20-u0.85-m2-p8-f1,4594,RISCY-FPU-a,1,20,0.85,2,8,1
3959-RISCY-FPU-a-1-c2-u0.8-m4-p4-f0,3959,RISCY-FPU-a,1,2,0.8,4,4,0
4104-RISCY-FPU-a-1-c2-u0.9-m1-p2-f1,4104,RISCY-FPU-a,1,2,0.9,1,2,1
4437-RISCY-FPU-a-1-c20-u0.75-m4-p5-f0,4437,RISCY-FPU-a,1,20,0.75,4,5,0
4102-RISCY-FPU-a-1-c2-u0.85-m3-p8-f1,4102,RISCY-FPU-a,1,2,0.85,3,8,1
4433-RISCY-FPU-a-1-c20-u0.75-m4-p1-f0,4433,RISCY-FPU-a,1,20,0.75,4,1,0
4410-RISCY-FPU-a-1-c20-u0.75-m1-p1-f0,4410,RISCY-FPU-a,1,20,0.75,1,1,0
4465-RISCY-FPU-a-1-c20-u0.8-m4-p3-f0,4465,RISCY-FPU-a,1,20,0.8,4,3,0
4580-RISCY-FPU-a-1-c20-u0.85-m1-p1-f1,4580,RISCY-FPU-a,1,20,0.85,1,1,1
4419-RISCY-FPU-a-1-c20-u0.75-m2-p2-f0,4419,RISCY-FPU-a,1,20,0.75,2,2,0
4356-RISCY-FPU-a-1-c5-u0.85-m3-p6-f1,4356,RISCY-FPU-a,1,5,0.85,3,6,1
3952-RISCY-FPU-a-1-c2-u0.8-m3-p5-f0,3952,RISCY-FPU-a,1,2,0.8,3,5,0
4575-RISCY-FPU-a-1-c20-u0.8-m3-p4-f1,4575,RISCY-FPU-a,1,20,0.8,3,4,1
4542-RISCY-FPU-a-1-c20-u0.75-m2-p2-f1,4542,RISCY-FPU-a,1,20,0.75,2,2,1
4303-RISCY-FPU-a-1-c5-u0.75-m2-p8-f1,4303,RISCY-FPU-a,1,5,0.75,2,8,1
4294-RISCY-FPU-a-1-c5-u0.75-m1-p7-f1,4294,RISCY-FPU-a,1,5,0.75,1,7,1
4254-RISCY-FPU-a-1-c5-u0.9-m1-p7-f0,4254,RISCY-FPU-a,1,5,0.9,1,7,0
4146-RISCY-FPU-a-1-c5-u0.7-m3-p4-f0,4146,RISCY-FPU-a,1,5,0.7,3,4,0
4382-RISCY-FPU-a-1-c20-u0.7-m1-p1-f0,4382,RISCY-FPU-a,1,20,0.7,1,1,0
4311-RISCY-FPU-a-1-c5-u0.75-m3-p8-f1,4311,RISCY-FPU-a,1,5,0.75,3,8,1
4334-RISCY-FPU-a-1-c5-u0.8-m3-p8-f1,4334,RISCY-FPU-a,1,5,0.8,3,8,1
4085-RISCY-FPU-a-1-c2-u0.85-m1-p7-f1,4085,RISCY-FPU-a,1,2,0.85,1,7,1
4599-RISCY-FPU-a-1-c20-u0.85-m3-p5-f1,4599,RISCY-FPU-a,1,20,0.85,3,5,1
4508-RISCY-FPU-a-1-c20-u0.9-m4-p7-f0,4508,RISCY-FPU-a,1,20,0.9,4,7,0
4012-RISCY-FPU-a-1-c2-u0.7-m1-p5-f1,4012,RISCY-FPU-a,1,2,0.7,1,5,1
3899-RISCY-FPU-a-1-c2-u0.7-m3-p8-f0,3899,RISCY-FPU-a,1,2,0.7,3,8,0
3935-RISCY-FPU-a-1-c2-u0.75-m4-p8-f0,3935,RISCY-FPU-a,1,2,0.75,4,8,0
4337-RISCY-FPU-a-1-c5-u0.85-m1-p3-f1,4337,RISCY-FPU-a,1,5,0.85,1,3,1
3986-RISCY-FPU-a-1-c2-u0.85-m4-p3-f0,3986,RISCY-FPU-a,1,2,0.85,4,3,0
4034-RISCY-FPU-a-1-c2-u0.75-m1-p4-f1,4034,RISCY-FPU-a,1,2,0.75,1,4,1
4145-RISCY-FPU-a-1-c5-u0.7-m3-p3-f0,4145,RISCY-FPU-a,1,5,0.7,3,3,0
4023-RISCY-FPU-a-1-c2-u0.7-m2-p8-f1,4023,RISCY-FPU-a,1,2,0.7,2,8,1
4611-RISCY-FPU-a-1-c20-u0.9-m3-p1-f1,4611,RISCY-FPU-a,1,20,0.9,3,1,1
4342-RISCY-FPU-a-1-c5-u0.85-m1-p8-f1,4342,RISCY-FPU-a,1,5,0.85,1,8,1
4251-RISCY-FPU-a-1-c5-u0.9-m1-p4-f0,4251,RISCY-FPU-a,1,5,0.9,1,4,0
3898-RISCY-FPU-a-1-c2-u0.7-m3-p7-f0,3898,RISCY-FPU-a,1,2,0.7,3,7,0
4246-RISCY-FPU-a-1-c5-u0.85-m4-p7-f0,4246,RISCY-FPU-a,1,5,0.85,4,7,0
4003-RISCY-FPU-a-1-c2-u0.9-m4-p4-f0,4003,RISCY-FPU-a,1,2,0.9,4,4,0
4488-RISCY-FPU-a-1-c20-u0.85-m3-p8-f0,4488,RISCY-FPU-a,1,20,0.85,3,8,0
3886-RISCY-FPU-a-1-c2-u0.7-m1-p7-f0,3886,RISCY-FPU-a,1,2,0.7,1,7,0
4395-RISCY-FPU-a-1-c20-u0.7-m2-p8-f0,4395,RISCY-FPU-a,1,20,0.7,2,8,0
4513-RISCY-FPU-a-1-c20-u0.7-m1-p4-f1,4513,RISCY-FPU-a,1,20,0.7,1,4,1
3967-RISCY-FPU-a-1-c2-u0.85-m1-p4-f0,3967,RISCY-FPU-a,1,2,0.85,1,4,0
4134-RISCY-FPU-a-1-c5-u0.7-m1-p8-f0,4134,RISCY-FPU-a,1,5,0.7,1,8,0
4019-RISCY-FPU-a-1-c2-u0.7-m2-p4-f1,4019,RISCY-FPU-a,1,2,0.7,2,4,1
4313-RISCY-FPU-a-1-c5-u0.8-m1-p2-f1,4313,RISCY-FPU-a,1,5,0.8,1,2,1
4391-RISCY-FPU-a-1-c20-u0.7-m2-p4-f0,4391,RISCY-FPU-a,1,20,0.7,2,4,0
4174-RISCY-FPU-a-1-c5-u0.75-m3-p1-f0,4174,RISCY-FPU-a,1,5,0.75,3,1,0
4394-RISCY-FPU-a-1-c20-u0.7-m2-p7-f0,4394,RISCY-FPU-a,1,20,0.7,2,7,0
4052-RISCY-FPU-a-1-c2-u0.75-m3-p6-f1,4052,RISCY-FPU-a,1,2,0.75,3,6,1
4117-RISCY-FPU-a-1-c2-u0.9-m2-p7-f1,4117,RISCY-FPU-a,1,2,0.9,2,7,1
4039-RISCY-FPU-a-1-c2-u0.75-m2-p1-f1,4039,RISCY-FPU-a,1,2,0.75,2,1,1
3923-RISCY-FPU-a-1-c2-u0.75-m3-p4-f0,3923,RISCY-FPU-a,1,2,0.75,3,4,0
3957-RISCY-FPU-a-1-c2-u0.8-m4-p2-f0,3957,RISCY-FPU-a,1,2,0.8,4,2,0
3947-RISCY-FPU-a-1-c2-u0.8-m2-p6-f0,3947,RISCY-FPU-a,1,2,0.8,2,6,0
3937-RISCY-FPU-a-1-c2-u0.8-m1-p2-f0,3937,RISCY-FPU-a,1,2,0.8,1,2,0
4098-RISCY-FPU-a-1-c2-u0.85-m3-p4-f1,4098,RISCY-FPU-a,1,2,0.85,3,4,1
4413-RISCY-FPU-a-1-c20-u0.75-m1-p4-f0,4413,RISCY-FPU-a,1,20,0.75,1,4,0
4202-RISCY-FPU-a-1-c5-u0.8-m2-p7-f0,4202,RISCY-FPU-a,1,5,0.8,2,7,0
3997-RISCY-FPU-a-1-c2-u0.9-m1-p6-f0,3997,RISCY-FPU-a,1,2,0.9,1,6,0
4055-RISCY-FPU-a-1-c2-u0.8-m1-p1-f1,4055,RISCY-FPU-a,1,2,0.8,1,1,1
4452-RISCY-FPU-a-1-c20-u0.8-m2-p4-f0,4452,RISCY-FPU-a,1,20,0.8,2,4,0
4613-RISCY-FPU-a-1-c20-u0.9-m3-p5-f1,4613,RISCY-FPU-a,1,20,0.9,3,5,1
4438-RISCY-FPU-a-1-c20-u0.75-m4-p6-f0,4438,RISCY-FPU-a,1,20,0.75,4,6,0
4228-RISCY-FPU-a-1-c5-u0.85-m2-p3-f0,4228,RISCY-FPU-a,1,5,0.85,2,3,0
4079-RISCY-FPU-a-1-c2-u0.85-m1-p1-f1,4079,RISCY-FPU-a,1,2,0.85,1,1,1
3902-RISCY-FPU-a-1-c2-u0.7-m4-p3-f0,3902,RISCY-FPU-a,1,2,0.7,4,3,0
3915-RISCY-FPU-a-1-c2-u0.75-m1-p8-f0,3915,RISCY-FPU-a,1,2,0.75,1,8,0
3888-RISCY-FPU-a-1-c2-u0.7-m2-p1-f0,3888,RISCY-FPU-a,1,2,0.7,2,1,0
4344-RISCY-FPU-a-1-c5-u0.85-m2-p2-f1,4344,RISCY-FPU-a,1,5,0.85,2,2,1
4592-RISCY-FPU-a-1-c20-u0.85-m2-p5-f1,4592,RISCY-FPU-a,1,20,0.85,2,5,1
4564-RISCY-FPU-a-1-c20-u0.8-m2-p1-f1,4564,RISCY-FPU-a,1,20,0.8,2,1,1
4565-RISCY-FPU-a-1-c20-u0.8-m2-p2-f1,4565,RISCY-FPU-a,1,20,0.8,2,2,1
3996-RISCY-FPU-a-1-c2-u0.9-m1-p5-f0,3996,RISCY-FPU-a,1,2,0.9,1,5,0
4130-RISCY-FPU-a-1-c5-u0.7-m1-p4-f0,4130,RISCY-FPU-a,1,5,0.7,1,4,0
4387-RISCY-FPU-a-1-c20-u0.7-m1-p7-f0,4387,RISCY-FPU-a,1,20,0.7,1,7,0
4529-RISCY-FPU-a-1-c20-u0.7-m3-p5-f1,4529,RISCY-FPU-a,1,20,0.7,3,5,1
4258-RISCY-FPU-a-1-c5-u0.9-m4-p3-f0,4258,RISCY-FPU-a,1,5,0.9,4,3,0
4156-RISCY-FPU-a-1-c5-u0.7-m4-p6-f0,4156,RISCY-FPU-a,1,5,0.7,4,6,0
4192-RISCY-FPU-a-1-c5-u0.8-m1-p4-f0,4192,RISCY-FPU-a,1,5,0.8,1,4,0
4366-RISCY-FPU-a-1-c5-u0.9-m1-p8-f1,4366,RISCY-FPU-a,1,5,0.9,1,8,1
4569-RISCY-FPU-a-1-c20-u0.8-m2-p6-f1,4569,RISCY-FPU-a,1,20,0.8,2,6,1
3881-RISCY-FPU-a-1-c2-u0.7-m1-p2-f0,3881,RISCY-FPU-a,1,2,0.7,1,2,0
4596-RISCY-FPU-a-1-c20-u0.85-m3-p2-f1,4596,RISCY-FPU-a,1,20,0.85,3,2,1
3921-RISCY-FPU-a-1-c2-u0.75-m2-p8-f0,3921,RISCY-FPU-a,1,2,0.75,2,8,0
4264-RISCY-FPU-a-1-c5-u0.7-m1-p1-f1,4264,RISCY-FPU-a,1,5,0.7,1,1,1
4262-RISCY-FPU-a-1-c5-u0.9-m4-p7-f0,4262,RISCY-FPU-a,1,5,0.9,4,7,0
4280-RISCY-FPU-a-1-c5-u0.7-m3-p1-f1,4280,RISCY-FPU-a,1,5,0.7,3,1,1
4483-RISCY-FPU-a-1-c20-u0.85-m2-p8-f0,4483,RISCY-FPU-a,1,20,0.85,2,8,0
3969-RISCY-FPU-a-1-c2-u0.85-m1-p6-f0,3969,RISCY-FPU-a,1,2,0.85,1,6,0
4172-RISCY-FPU-a-1-c5-u0.75-m2-p7-f0,4172,RISCY-FPU-a,1,5,0.75,2,7,0
4111-RISCY-FPU-a-1-c2-u0.9-m2-p1-f1,4111,RISCY-FPU-a,1,2,0.9,2,1,1
4084-RISCY-FPU-a-1-c2-u0.85-m1-p6-f1,4084,RISCY-FPU-a,1,2,0.85,1,6,1
4279-RISCY-FPU-a-1-c5-u0.7-m2-p8-f1,4279,RISCY-FPU-a,1,5,0.7,2,8,1
4241-RISCY-FPU-a-1-c5-u0.85-m4-p2-f0,4241,RISCY-FPU-a,1,5,0.85,4,2,0
4559-RISCY-FPU-a-1-c20-u0.8-m1-p4-f1,4559,RISCY-FPU-a,1,20,0.8,1,4,1
4330-RISCY-FPU-a-1-c5-u0.8-m3-p3-f1,4330,RISCY-FPU-a,1,5,0.8,3,3,1
4422-RISCY-FPU-a-1-c20-u0.75-m2-p5-f0,4422,RISCY-FPU-a,1,20,0.75,2,5,0
4283-RISCY-FPU-a-1-c5-u0.7-m3-p4-f1,4283,RISCY-FPU-a,1,5,0.7,3,4,1
4541-RISCY-FPU-a-1-c20-u0.75-m2-p1-f1,4541,RISCY-FPU-a,1,20,0.75,2,1,1
4152-RISCY-FPU-a-1-c5-u0.7-m4-p2-f0,4152,RISCY-FPU-a,1,5,0.7,4,2,0
4535-RISCY-FPU-a-1-c20-u0.75-m1-p3-f1,4535,RISCY-FPU-a,1,20,0.75,1,3,1
4031-RISCY-FPU-a-1-c2-u0.75-m1-p1-f1,4031,RISCY-FPU-a,1,2,0.75,1,1,1
4006-RISCY-FPU-a-1-c2-u0.9-m4-p7-f0,4006,RISCY-FPU-a,1,2,0.9,4,7,0
4606-RISCY-FPU-a-1-c20-u0.9-m2-p1-f1,4606,RISCY-FPU-a,1,20,0.9,2,1,1
4480-RISCY-FPU-a-1-c20-u0.85-m2-p3-f0,4480,RISCY-FPU-a,1,20,0.85,2,3,0
4041-RISCY-FPU-a-1-c2-u0.75-m2-p3-f1,4041,RISCY-FPU-a,1,2,0.75,2,3,1
4002-RISCY-FPU-a-1-c2-u0.9-m4-p3-f0,4002,RISCY-FPU-a,1,2,0.9,4,3,0
4219-RISCY-FPU-a-1-c5-u0.85-m1-p1-f0,4219,RISCY-FPU-a,1,5,0.85,1,1,0
3906-RISCY-FPU-a-1-c2-u0.7-m4-p7-f0,3906,RISCY-FPU-a,1,2,0.7,4,7,0
4528-RISCY-FPU-a-1-c20-u0.7-m3-p4-f1,4528,RISCY-FPU-a,1,20,0.7,3,4,1
4595-RISCY-FPU-a-1-c20-u0.85-m3-p1-f1,4595,RISCY-FPU-a,1,20,0.85,3,1,1
4537-RISCY-FPU-a-1-c20-u0.75-m1-p5-f1,4537,RISCY-FPU-a,1,20,0.75,1,5,1
4227-RISCY-FPU-a-1-c5-u0.85-m2-p2-f0,4227,RISCY-FPU-a,1,5,0.85,2,2,0
4432-RISCY-FPU-a-1-c20-u0.75-m3-p8-f0,4432,RISCY-FPU-a,1,20,0.75,3,8,0
4598-RISCY-FPU-a-1-c20-u0.85-m3-p4-f1,4598,RISCY-FPU-a,1,20,0.85,3,4,1
4035-RISCY-FPU-a-1-c2-u0.75-m1-p5-f1,4035,RISCY-FPU-a,1,2,0.75,1,5,1
4318-RISCY-FPU-a-1-c5-u0.8-m1-p7-f1,4318,RISCY-FPU-a,1,5,0.8,1,7,1
4284-RISCY-FPU-a-1-c5-u0.7-m3-p5-f1,4284,RISCY-FPU-a,1,5,0.7,3,5,1
4352-RISCY-FPU-a-1-c5-u0.85-m3-p2-f1,4352,RISCY-FPU-a,1,5,0.85,3,2,1
4457-RISCY-FPU-a-1-c20-u0.8-m3-p2-f0,4457,RISCY-FPU-a,1,20,0.8,3,2,0
3953-RISCY-FPU-a-1-c2-u0.8-m3-p6-f0,3953,RISCY-FPU-a,1,2,0.8,3,6,0
4230-RISCY-FPU-a-1-c5-u0.85-m2-p6-f0,4230,RISCY-FPU-a,1,5,0.85,2,6,0
4338-RISCY-FPU-a-1-c5-u0.85-m1-p4-f1,4338,RISCY-FPU-a,1,5,0.85,1,4,1
4532-RISCY-FPU-a-1-c20-u0.7-m3-p8-f1,4532,RISCY-FPU-a,1,20,0.7,3,8,1
4499-RISCY-FPU-a-1-c20-u0.9-m1-p6-f0,4499,RISCY-FPU-a,1,20,0.9,1,6,0
4022-RISCY-FPU-a-1-c2-u0.7-m2-p7-f1,4022,RISCY-FPU-a,1,2,0.7,2,7,1
3949-RISCY-FPU-a-1-c2-u0.8-m2-p8-f0,3949,RISCY-FPU-a,1,2,0.8,2,8,0
4176-RISCY-FPU-a-1-c5-u0.75-m3-p3-f0,4176,RISCY-FPU-a,1,5,0.75,3,3,0
4076-RISCY-FPU-a-1-c2-u0.8-m3-p6-f1,4076,RISCY-FPU-a,1,2,0.8,3,6,1
4196-RISCY-FPU-a-1-c5-u0.8-m1-p8-f0,4196,RISCY-FPU-a,1,5,0.8,1,8,0
4051-RISCY-FPU-a-1-c2-u0.75-m3-p5-f1,4051,RISCY-FPU-a,1,2,0.75,3,5,1
4042-RISCY-FPU-a-1-c2-u0.75-m2-p4-f1,4042,RISCY-FPU-a,1,2,0.75,2,4,1
3992-RISCY-FPU-a-1-c2-u0.9-m1-p1-f0,3992,RISCY-FPU-a,1,2,0.9,1,1,0
4295-RISCY-FPU-a-1-c5-u0.75-m1-p8-f1,4295,RISCY-FPU-a,1,5,0.75,1,8,1
4570-RISCY-FPU-a-1-c20-u0.8-m2-p7-f1,4570,RISCY-FPU-a,1,20,0.8,2,7,1
4139-RISCY-FPU-a-1-c5-u0.7-m2-p5-f0,4139,RISCY-FPU-a,1,5,0.7,2,5,0
4501-RISCY-FPU-a-1-c20-u0.9-m1-p8-f0,4501,RISCY-FPU-a,1,20,0.9,1,8,0
3978-RISCY-FPU-a-1-c2-u0.85-m3-p1-f0,3978,RISCY-FPU-a,1,2,0.85,3,1,0
4454-RISCY-FPU-a-1-c20-u0.8-m2-p6-f0,4454,RISCY-FPU-a,1,20,0.8,2,6,0
4581-RISCY-FPU-a-1-c20-u0.85-m1-p2-f1,4581,RISCY-FPU-a,1,20,0.85,1,2,1
3938-RISCY-FPU-a-1-c2-u0.8-m1-p3-f0,3938,RISCY-FPU-a,1,2,0.8,1,3,0
4163-RISCY-FPU-a-1-c5-u0.75-m1-p5-f0,4163,RISCY-FPU-a,1,5,0.75,1,5,0
4308-RISCY-FPU-a-1-c5-u0.75-m3-p5-f1,4308,RISCY-FPU-a,1,5,0.75,3,5,1
4127-RISCY-FPU-a-1-c5-u0.7-m1-p1-f0,4127,RISCY-FPU-a,1,5,0.7,1,1,0
4217-RISCY-FPU-a-1-c5-u0.8-m4-p7-f0,4217,RISCY-FPU-a,1,5,0.8,4,7,0
4029-RISCY-FPU-a-1-c2-u0.7-m3-p6-f1,4029,RISCY-FPU-a,1,2,0.7,3,6,1
4166-RISCY-FPU-a-1-c5-u0.75-m1-p8-f0,4166,RISCY-FPU-a,1,5,0.75,1,8,0
4507-RISCY-FPU-a-1-c20-u0.9-m4-p6-f0,4507,RISCY-FPU-a,1,20,0.9,4,6,0
3993-RISCY-FPU-a-1-c2-u0.9-m1-p2-f0,3993,RISCY-FPU-a,1,2,0.9,1,2,0
4040-RISCY-FPU-a-1-c2-u0.75-m2-p2-f1,4040,RISCY-FPU-a,1,2,0.75,2,2,1
4087-RISCY-FPU-a-1-c2-u0.85-m2-p1-f1,4087,RISCY-FPU-a,1,2,0.85,2,1,1
4063-RISCY-FPU-a-1-c2-u0.8-m2-p1-f1,4063,RISCY-FPU-a,1,2,0.8,2,1,1
4229-RISCY-FPU-a-1-c5-u0.85-m2-p5-f0,4229,RISCY-FPU-a,1,5,0.85,2,5,0
4448-RISCY-FPU-a-1-c20-u0.8-m1-p8-f0,4448,RISCY-FPU-a,1,20,0.8,1,8,0
4199-RISCY-FPU-a-1-c5-u0.8-m2-p3-f0,4199,RISCY-FPU-a,1,5,0.8,2,3,0
4252-RISCY-FPU-a-1-c5-u0.9-m1-p5-f0,4252,RISCY-FPU-a,1,5,0.9,1,5,0
4350-RISCY-FPU-a-1-c5-u0.85-m2-p8-f1,4350,RISCY-FPU-a,1,5,0.85,2,8,1
4353-RISCY-FPU-a-1-c5-u0.85-m3-p3-f1,4353,RISCY-FPU-a,1,5,0.85,3,3,1
4259-RISCY-FPU-a-1-c5-u0.9-m4-p4-f0,4259,RISCY-FPU-a,1,5,0.9,4,4,0
3897-RISCY-FPU-a-1-c2-u0.7-m3-p6-f0,3897,RISCY-FPU-a,1,2,0.7,3,6,0
4354-RISCY-FPU-a-1-c5-u0.85-m3-p4-f1,4354,RISCY-FPU-a,1,5,0.85,3,4,1
4393-RISCY-FPU-a-1-c20-u0.7-m2-p6-f0,4393,RISCY-FPU-a,1,20,0.7,2,6,0
4605-RISCY-FPU-a-1-c20-u0.9-m1-p6-f1,4605,RISCY-FPU-a,1,20,0.9,1,6,1
4365-RISCY-FPU-a-1-c5-u0.9-m1-p7-f1,4365,RISCY-FPU-a,1,5,0.9,1,7,1
4122-RISCY-FPU-a-1-c2-u0.9-m3-p4-f1,4122,RISCY-FPU-a,1,2,0.9,3,4,1
4372-RISCY-FPU-a-1-c5-u0.9-m2-p6-f1,4372,RISCY-FPU-a,1,5,0.9,2,6,1
4178-RISCY-FPU-a-1-c5-u0.75-m3-p6-f0,4178,RISCY-FPU-a,1,5,0.75,3,6,0
4497-RISCY-FPU-a-1-c20-u0.9-m1-p4-f0,4497,RISCY-FPU-a,1,20,0.9,1,4,0
4557-RISCY-FPU-a-1-c20-u0.8-m1-p2-f1,4557,RISCY-FPU-a,1,20,0.8,1,2,1
3893-RISCY-FPU-a-1-c2-u0.7-m2-p8-f0,3893,RISCY-FPU-a,1,2,0.7,2,8,0
4578-RISCY-FPU-a-1-c20-u0.8-m3-p7-f1,4578,RISCY-FPU-a,1,20,0.8,3,7,1
3919-RISCY-FPU-a-1-c2-u0.75-m2-p6-f0,3919,RISCY-FPU-a,1,2,0.75,2,6,0
4135-RISCY-FPU-a-1-c5-u0.7-m2-p1-f0,4135,RISCY-FPU-a,1,5,0.7,2,1,0
4263-RISCY-FPU-a-1-c5-u0.9-m4-p8-f0,4263,RISCY-FPU-a,1,5,0.9,4,8,0
4129-RISCY-FPU-a-1-c5-u0.7-m1-p3-f0,4129,RISCY-FPU-a,1,5,0.7,1,3,0
4526-RISCY-FPU-a-1-c20-u0.7-m3-p1-f1,4526,RISCY-FPU-a,1,20,0.7,3,1,1
4441-RISCY-FPU-a-1-c20-u0.8-m1-p1-f0,4441,RISCY-FPU-a,1,20,0.8,1,1,0
4274-RISCY-FPU-a-1-c5-u0.7-m2-p3-f1,4274,RISCY-FPU-a,1,5,0.7,2,3,1
4010-RISCY-FPU-a-1-c2-u0.7-m1-p3-f1,4010,RISCY-FPU-a,1,2,0.7,1,3,1
4500-RISCY-FPU-a-1-c20-u0.9-m1-p7-f0,4500,RISCY-FPU-a,1,20,0.9,1,7,0
3914-RISCY-FPU-a-1-c2-u0.75-m1-p7-f0,3914,RISCY-FPU-a,1,2,0.75,1,7,0
4296-RISCY-FPU-a-1-c5-u0.75-m2-p1-f1,4296,RISCY-FPU-a,1,5,0.75,2,1,1
3882-RISCY-FPU-a-1-c2-u0.7-m1-p3-f0,3882,RISCY-FPU-a,1,2,0.7,1,3,0
4346-RISCY-FPU-a-1-c5-u0.85-m2-p4-f1,4346,RISCY-FPU-a,1,5,0.85,2,4,1
4612-RISCY-FPU-a-1-c20-u0.9-m3-p2-f1,4612,RISCY-FPU-a,1,20,0.9,3,2,1
4485-RISCY-FPU-a-1-c20-u0.85-m3-p4-f0,4485,RISCY-FPU-a,1,20,0.85,3,4,0
4142-RISCY-FPU-a-1-c5-u0.7-m2-p8-f0,4142,RISCY-FPU-a,1,5,0.7,2,8,0
4571-RISCY-FPU-a-1-c20-u0.8-m2-p8-f1,4571,RISCY-FPU-a,1,20,0.8,2,8,1
4341-RISCY-FPU-a-1-c5-u0.85-m1-p7-f1,4341,RISCY-FPU-a,1,5,0.85,1,7,1
3954-RISCY-FPU-a-1-c2-u0.8-m3-p7-f0,3954,RISCY-FPU-a,1,2,0.8,3,7,0
4269-RISCY-FPU-a-1-c5-u0.7-m1-p6-f1,4269,RISCY-FPU-a,1,5,0.7,1,6,1
4027-RISCY-FPU-a-1-c2-u0.7-m3-p4-f1,4027,RISCY-FPU-a,1,2,0.7,3,4,1
4005-RISCY-FPU-a-1-c2-u0.9-m4-p6-f0,4005,RISCY-FPU-a,1,2,0.9,4,6,0
4429-RISCY-FPU-a-1-c20-u0.75-m3-p4-f0,4429,RISCY-FPU-a,1,20,0.75,3,4,0
3933-RISCY-FPU-a-1-c2-u0.75-m4-p6-f0,3933,RISCY-FPU-a,1,2,0.75,4,6,0
4549-RISCY-FPU-a-1-c20-u0.75-m3-p2-f1,4549,RISCY-FPU-a,1,20,0.75,3,2,1
4399-RISCY-FPU-a-1-c20-u0.7-m3-p4-f0,4399,RISCY-FPU-a,1,20,0.7,3,4,0
4403-RISCY-FPU-a-1-c20-u0.7-m4-p1-f0,4403,RISCY-FPU-a,1,20,0.7,4,1,0
4195-RISCY-FPU-a-1-c5-u0.8-m1-p7-f0,4195,RISCY-FPU-a,1,5,0.8,1,7,0
4355-RISCY-FPU-a-1-c5-u0.85-m3-p5-f1,4355,RISCY-FPU-a,1,5,0.85,3,5,1
4397-RISCY-FPU-a-1-c20-u0.7-m3-p2-f0,4397,RISCY-FPU-a,1,20,0.7,3,2,0
4186-RISCY-FPU-a-1-c5-u0.75-m4-p6-f0,4186,RISCY-FPU-a,1,5,0.75,4,6,0
4597-RISCY-FPU-a-1-c20-u0.85-m3-p3-f1,4597,RISCY-FPU-a,1,20,0.85,3,3,1
4375-RISCY-FPU-a-1-c5-u0.9-m3-p1-f1,4375,RISCY-FPU-a,1,5,0.9,3,1,1
4524-RISCY-FPU-a-1-c20-u0.7-m2-p7-f1,4524,RISCY-FPU-a,1,20,0.7,2,7,1
4161-RISCY-FPU-a-1-c5-u0.75-m1-p3-f0,4161,RISCY-FPU-a,1,5,0.75,1,3,0
4224-RISCY-FPU-a-1-c5-u0.85-m1-p7-f0,4224,RISCY-FPU-a,1,5,0.85,1,7,0
4141-RISCY-FPU-a-1-c5-u0.7-m2-p7-f0,4141,RISCY-FPU-a,1,5,0.7,2,7,0
4215-RISCY-FPU-a-1-c5-u0.8-m4-p5-f0,4215,RISCY-FPU-a,1,5,0.8,4,5,0
4414-RISCY-FPU-a-1-c20-u0.75-m1-p5-f0,4414,RISCY-FPU-a,1,20,0.75,1,5,0
4576-RISCY-FPU-a-1-c20-u0.8-m3-p5-f1,4576,RISCY-FPU-a,1,20,0.8,3,5,1
4007-RISCY-FPU-a-1-c2-u0.9-m4-p8-f0,4007,RISCY-FPU-a,1,2,0.9,4,8,0
4204-RISCY-FPU-a-1-c5-u0.8-m3-p1-f0,4204,RISCY-FPU-a,1,5,0.8,3,1,0
4050-RISCY-FPU-a-1-c2-u0.75-m3-p4-f1,4050,RISCY-FPU-a,1,2,0.75,3,4,1
4503-RISCY-FPU-a-1-c20-u0.9-m4-p2-f0,4503,RISCY-FPU-a,1,20,0.9,4,2,0
4237-RISCY-FPU-a-1-c5-u0.85-m3-p6-f0,4237,RISCY-FPU-a,1,5,0.85,3,6,0
4421-RISCY-FPU-a-1-c20-u0.75-m2-p4-f0,4421,RISCY-FPU-a,1,20,0.75,2,4,0
4088-RISCY-FPU-a-1-c2-u0.85-m2-p2-f1,4088,RISCY-FPU-a,1,2,0.85,2,2,1
4525-RISCY-FPU-a-1-c20-u0.7-m2-p8-f1,4525,RISCY-FPU-a,1,20,0.7,2,8,1
4194-RISCY-FPU-a-1-c5-u0.8-m1-p6-f0,4194,RISCY-FPU-a,1,5,0.8,1,6,0
4078-RISCY-FPU-a-1-c2-u0.8-m3-p8-f1,4078,RISCY-FPU-a,1,2,0.8,3,8,1
4523-RISCY-FPU-a-1-c20-u0.7-m2-p6-f1,4523,RISCY-FPU-a,1,20,0.7,2,6,1
4060-RISCY-FPU-a-1-c2-u0.8-m1-p6-f1,4060,RISCY-FPU-a,1,2,0.8,1,6,1
4486-RISCY-FPU-a-1-c20-u0.85-m3-p5-f0,4486,RISCY-FPU-a,1,20,0.85,3,5,0
4066-RISCY-FPU-a-1-c2-u0.8-m2-p4-f1,4066,RISCY-FPU-a,1,2,0.8,2,4,1
4225-RISCY-FPU-a-1-c5-u0.85-m1-p8-f0,4225,RISCY-FPU-a,1,5,0.85,1,8,0
4047-RISCY-FPU-a-1-c2-u0.75-m3-p1-f1,4047,RISCY-FPU-a,1,2,0.75,3,1,1
3990-RISCY-FPU-a-1-c2-u0.85-m4-p7-f0,3990,RISCY-FPU-a,1,2,0.85,4,7,0
3943-RISCY-FPU-a-1-c2-u0.8-m1-p8-f0,3943,RISCY-FPU-a,1,2,0.8,1,8,0
4159-RISCY-FPU-a-1-c5-u0.75-m1-p1-f0,4159,RISCY-FPU-a,1,5,0.75,1,1,0
4191-RISCY-FPU-a-1-c5-u0.8-m1-p3-f0,4191,RISCY-FPU-a,1,5,0.8,1,3,0
4073-RISCY-FPU-a-1-c2-u0.8-m3-p3-f1,4073,RISCY-FPU-a,1,2,0.8,3,3,1
4463-RISCY-FPU-a-1-c20-u0.8-m4-p1-f0,4463,RISCY-FPU-a,1,20,0.8,4,1,0
3951-RISCY-FPU-a-1-c2-u0.8-m3-p4-f0,3951,RISCY-FPU-a,1,2,0.8,3,4,0
4587-RISCY-FPU-a-1-c20-u0.85-m1-p8-f1,4587,RISCY-FPU-a,1,20,0.85,1,8,1
3922-RISCY-FPU-a-1-c2-u0.75-m3-p1-f0,3922,RISCY-FPU-a,1,2,0.75,3,1,0
4119-RISCY-FPU-a-1-c2-u0.9-m3-p1-f1,4119,RISCY-FPU-a,1,2,0.9,3,1,1
4327-RISCY-FPU-a-1-c5-u0.8-m2-p8-f1,4327,RISCY-FPU-a,1,5,0.8,2,8,1
4505-RISCY-FPU-a-1-c20-u0.9-m4-p4-f0,4505,RISCY-FPU-a,1,20,0.9,4,4,0
4370-RISCY-FPU-a-1-c5-u0.9-m2-p4-f1,4370,RISCY-FPU-a,1,5,0.9,2,4,1
4309-RISCY-FPU-a-1-c5-u0.75-m3-p6-f1,4309,RISCY-FPU-a,1,5,0.75,3,6,1
4345-RISCY-FPU-a-1-c5-u0.85-m2-p3-f1,4345,RISCY-FPU-a,1,5,0.85,2,3,1
4306-RISCY-FPU-a-1-c5-u0.75-m3-p3-f1,4306,RISCY-FPU-a,1,5,0.75,3,3,1
4183-RISCY-FPU-a-1-c5-u0.75-m4-p3-f0,4183,RISCY-FPU-a,1,5,0.75,4,3,0
4064-RISCY-FPU-a-1-c2-u0.8-m2-p2-f1,4064,RISCY-FPU-a,1,2,0.8,2,2,1
4533-RISCY-FPU-a-1-c20-u0.75-m1-p1-f1,4533,RISCY-FPU-a,1,20,0.75,1,1,1
4544-RISCY-FPU-a-1-c20-u0.75-m2-p4-f1,4544,RISCY-FPU-a,1,20,0.75,2,4,1
4272-RISCY-FPU-a-1-c5-u0.7-m2-p1-f1,4272,RISCY-FPU-a,1,5,0.7,2,1,1
4099-RISCY-FPU-a-1-c2-u0.85-m3-p5-f1,4099,RISCY-FPU-a,1,2,0.85,3,5,1
4177-RISCY-FPU-a-1-c5-u0.75-m3-p5-f0,4177,RISCY-FPU-a,1,5,0.75,3,5,0
4567-RISCY-FPU-a-1-c20-u0.8-m2-p4-f1,4567,RISCY-FPU-a,1,20,0.8,2,4,1
3940-RISCY-FPU-a-1-c2-u0.8-m1-p5-f0,3940,RISCY-FPU-a,1,2,0.8,1,5,0
4518-RISCY-FPU-a-1-c20-u0.7-m2-p1-f1,4518,RISCY-FPU-a,1,20,0.7,2,1,1
3944-RISCY-FPU-a-1-c2-u0.8-m2-p1-f0,3944,RISCY-FPU-a,1,2,0.8,2,1,0
4106-RISCY-FPU-a-1-c2-u0.9-m1-p4-f1,4106,RISCY-FPU-a,1,2,0.9,1,4,1
4440-RISCY-FPU-a-1-c20-u0.75-m4-p8-f0,4440,RISCY-FPU-a,1,20,0.75,4,8,0
4322-RISCY-FPU-a-1-c5-u0.8-m2-p3-f1,4322,RISCY-FPU-a,1,5,0.8,2,3,1
4138-RISCY-FPU-a-1-c5-u0.7-m2-p4-f0,4138,RISCY-FPU-a,1,5,0.7,2,4,0
4036-RISCY-FPU-a-1-c2-u0.75-m1-p6-f1,4036,RISCY-FPU-a,1,2,0.75,1,6,1
4401-RISCY-FPU-a-1-c20-u0.7-m3-p6-f0,4401,RISCY-FPU-a,1,20,0.7,3,6,0
4136-RISCY-FPU-a-1-c5-u0.7-m2-p2-f0,4136,RISCY-FPU-a,1,5,0.7,2,2,0
4109-RISCY-FPU-a-1-c2-u0.9-m1-p7-f1,4109,RISCY-FPU-a,1,2,0.9,1,7,1
4214-RISCY-FPU-a-1-c5-u0.8-m4-p4-f0,4214,RISCY-FPU-a,1,5,0.8,4,4,0
4208-RISCY-FPU-a-1-c5-u0.8-m3-p6-f0,4208,RISCY-FPU-a,1,5,0.8,3,6,0
4379-RISCY-FPU-a-1-c5-u0.9-m3-p6-f1,4379,RISCY-FPU-a,1,5,0.9,3,6,1
4095-RISCY-FPU-a-1-c2-u0.85-m3-p1-f1,4095,RISCY-FPU-a,1,2,0.85,3,1,1
4316-RISCY-FPU-a-1-c5-u0.8-m1-p5-f1,4316,RISCY-FPU-a,1,5,0.8,1,5,1
4158-RISCY-FPU-a-1-c5-u0.7-m4-p8-f0,4158,RISCY-FPU-a,1,5,0.7,4,8,0
4223-RISCY-FPU-a-1-c5-u0.85-m1-p6-f0,4223,RISCY-FPU-a,1,5,0.85,1,6,0
4048-RISCY-FPU-a-1-c2-u0.75-m3-p2-f1,4048,RISCY-FPU-a,1,2,0.75,3,2,1
4585-RISCY-FPU-a-1-c20-u0.85-m1-p6-f1,4585,RISCY-FPU-a,1,20,0.85,1,6,1
4487-RISCY-FPU-a-1-c20-u0.85-m3-p6-f0,4487,RISCY-FPU-a,1,20,0.85,3,6,0
4538-RISCY-FPU-a-1-c20-u0.75-m1-p6-f1,4538,RISCY-FPU-a,1,20,0.75,1,6,1
4131-RISCY-FPU-a-1-c5-u0.7-m1-p5-f0,4131,RISCY-FPU-a,1,5,0.7,1,5,0
4548-RISCY-FPU-a-1-c20-u0.75-m3-p1-f1,4548,RISCY-FPU-a,1,20,0.75,3,1,1
4406-RISCY-FPU-a-1-c20-u0.7-m4-p5-f0,4406,RISCY-FPU-a,1,20,0.7,4,5,0
4302-RISCY-FPU-a-1-c5-u0.75-m2-p7-f1,4302,RISCY-FPU-a,1,5,0.75,2,7,1
4400-RISCY-FPU-a-1-c20-u0.7-m3-p5-f0,4400,RISCY-FPU-a,1,20,0.7,3,5,0
4506-RISCY-FPU-a-1-c20-u0.9-m4-p5-f0,4506,RISCY-FPU-a,1,20,0.9,4,5,0
4126-RISCY-FPU-a-1-c2-u0.9-m3-p8-f1,4126,RISCY-FPU-a,1,2,0.9,3,8,1
4000-RISCY-FPU-a-1-c2-u0.9-m4-p1-f0,4000,RISCY-FPU-a,1,2,0.9,4,1,0
3974-RISCY-FPU-a-1-c2-u0.85-m2-p5-f0,3974,RISCY-FPU-a,1,2,0.85,2,5,0
4242-RISCY-FPU-a-1-c5-u0.85-m4-p3-f0,4242,RISCY-FPU-a,1,5,0.85,4,3,0
4489-RISCY-FPU-a-1-c20-u0.85-m4-p1-f0,4489,RISCY-FPU-a,1,20,0.85,4,1,0
4562-RISCY-FPU-a-1-c20-u0.8-m1-p7-f1,4562,RISCY-FPU-a,1,20,0.8,1,7,1
4162-RISCY-FPU-a-1-c5-u0.75-m1-p4-f0,4162,RISCY-FPU-a,1,5,0.75,1,4,0
3994-RISCY-FPU-a-1-c2-u0.9-m1-p3-f0,3994,RISCY-FPU-a,1,2,0.9,1,3,0
4070-RISCY-FPU-a-1-c2-u0.8-m2-p8-f1,4070,RISCY-FPU-a,1,2,0.8,2,8,1
3948-RISCY-FPU-a-1-c2-u0.8-m2-p7-f0,3948,RISCY-FPU-a,1,2,0.8,2,7,0
4449-RISCY-FPU-a-1-c20-u0.8-m2-p1-f0,4449,RISCY-FPU-a,1,20,0.8,2,1,0
4018-RISCY-FPU-a-1-c2-u0.7-m2-p3-f1,4018,RISCY-FPU-a,1,2,0.7,2,3,1
4615-RISCY-FPU-a-1-c20-u0.9-m3-p7-f1,4615,RISCY-FPU-a,1,20,0.9,3,7,1
4185-RISCY-FPU-a-1-c5-u0.75-m4-p5-f0,4185,RISCY-FPU-a,1,5,0.75,4,5,0
3963-RISCY-FPU-a-1-c2-u0.8-m4-p8-f0,3963,RISCY-FPU-a,1,2,0.8,4,8,0
4092-RISCY-FPU-a-1-c2-u0.85-m2-p6-f1,4092,RISCY-FPU-a,1,2,0.85,2,6,1
4164-RISCY-FPU-a-1-c5-u0.75-m1-p6-f0,4164,RISCY-FPU-a,1,5,0.75,1,6,0
4584-RISCY-FPU-a-1-c20-u0.85-m1-p5-f1,4584,RISCY-FPU-a,1,20,0.85,1,5,1
4402-RISCY-FPU-a-1-c20-u0.7-m3-p7-f0,4402,RISCY-FPU-a,1,20,0.7,3,7,0
4014-RISCY-FPU-a-1-c2-u0.7-m1-p7-f1,4014,RISCY-FPU-a,1,2,0.7,1,7,1
4479-RISCY-FPU-a-1-c20-u0.85-m2-p2-f0,4479,RISCY-FPU-a,1,20,0.85,2,2,0
4484-RISCY-FPU-a-1-c20-u0.85-m3-p3-f0,4484,RISCY-FPU-a,1,20,0.85,3,3,0
4404-RISCY-FPU-a-1-c20-u0.7-m4-p2-f0,4404,RISCY-FPU-a,1,20,0.7,4,2,0
3932-RISCY-FPU-a-1-c2-u0.75-m4-p5-f0,3932,RISCY-FPU-a,1,2,0.75,4,5,0
4233-RISCY-FPU-a-1-c5-u0.85-m3-p1-f0,4233,RISCY-FPU-a,1,5,0.85,3,1,0
3889-RISCY-FPU-a-1-c2-u0.7-m2-p4-f0,3889,RISCY-FPU-a,1,2,0.7,2,4,0
3971-RISCY-FPU-a-1-c2-u0.85-m1-p8-f0,3971,RISCY-FPU-a,1,2,0.85,1,8,0
4304-RISCY-FPU-a-1-c5-u0.75-m3-p1-f1,4304,RISCY-FPU-a,1,5,0.75,3,1,1
4416-RISCY-FPU-a-1-c20-u0.75-m1-p7-f0,4416,RISCY-FPU-a,1,20,0.75,1,7,0
4212-RISCY-FPU-a-1-c5-u0.8-m4-p2-f0,4212,RISCY-FPU-a,1,5,0.8,4,2,0
4482-RISCY-FPU-a-1-c20-u0.85-m2-p6-f0,4482,RISCY-FPU-a,1,20,0.85,2,6,0
4123-RISCY-FPU-a-1-c2-u0.9-m3-p5-f1,4123,RISCY-FPU-a,1,2,0.9,3,5,1
4436-RISCY-FPU-a-1-c20-u0.75-m4-p4-f0,4436,RISCY-FPU-a,1,20,0.75,4,4,0
4096-RISCY-FPU-a-1-c2-u0.85-m3-p2-f1,4096,RISCY-FPU-a,1,2,0.85,3,2,1
4558-RISCY-FPU-a-1-c20-u0.8-m1-p3-f1,4558,RISCY-FPU-a,1,20,0.8,1,3,1
4588-RISCY-FPU-a-1-c20-u0.85-m2-p1-f1,4588,RISCY-FPU-a,1,20,0.85,2,1,1
4490-RISCY-FPU-a-1-c20-u0.85-m4-p2-f0,4490,RISCY-FPU-a,1,20,0.85,4,2,0
4143-RISCY-FPU-a-1-c5-u0.7-m3-p1-f0,4143,RISCY-FPU-a,1,5,0.7,3,1,0
4348-RISCY-FPU-a-1-c5-u0.85-m2-p6-f1,4348,RISCY-FPU-a,1,5,0.85,2,6,1
4574-RISCY-FPU-a-1-c20-u0.8-m3-p3-f1,4574,RISCY-FPU-a,1,20,0.8,3,3,1
4082-RISCY-FPU-a-1-c2-u0.85-m1-p4-f1,4082,RISCY-FPU-a,1,2,0.85,1,4,1
4149-RISCY-FPU-a-1-c5-u0.7-m3-p7-f0,4149,RISCY-FPU-a,1,5,0.7,3,7,0
4386-RISCY-FPU-a-1-c20-u0.7-m1-p6-f0,4386,RISCY-FPU-a,1,20,0.7,1,6,0
3958-RISCY-FPU-a-1-c2-u0.8-m4-p3-f0,3958,RISCY-FPU-a,1,2,0.8,4,3,0
4343-RISCY-FPU-a-1-c5-u0.85-m2-p1-f1,4343,RISCY-FPU-a,1,5,0.85,2,1,1
4467-RISCY-FPU-a-1-c20-u0.8-m4-p5-f0,4467,RISCY-FPU-a,1,20,0.8,4,5,0
4179-RISCY-FPU-a-1-c5-u0.75-m3-p7-f0,4179,RISCY-FPU-a,1,5,0.75,3,7,0
4616-RISCY-FPU-a-1-c20-u0.9-m3-p8-f1,4616,RISCY-FPU-a,1,20,0.9,3,8,1
4426-RISCY-FPU-a-1-c20-u0.75-m3-p1-f0,4426,RISCY-FPU-a,1,20,0.75,3,1,0
4476-RISCY-FPU-a-1-c20-u0.85-m1-p6-f0,4476,RISCY-FPU-a,1,20,0.85,1,6,0
4203-RISCY-FPU-a-1-c5-u0.8-m2-p8-f0,4203,RISCY-FPU-a,1,5,0.8,2,8,0
3926-RISCY-FPU-a-1-c2-u0.75-m3-p7-f0,3926,RISCY-FPU-a,1,2,0.75,3,7,0
4418-RISCY-FPU-a-1-c20-u0.75-m2-p1-f0,4418,RISCY-FPU-a,1,20,0.75,2,1,0
4147-RISCY-FPU-a-1-c5-u0.7-m3-p5-f0,4147,RISCY-FPU-a,1,5,0.7,3,5,0
4470-RISCY-FPU-a-1-c20-u0.8-m4-p8-f0,4470,RISCY-FPU-a,1,20,0.8,4,8,0
4435-RISCY-FPU-a-1-c20-u0.75-m4-p3-f0,4435,RISCY-FPU-a,1,20,0.75,4,3,0
4566-RISCY-FPU-a-1-c20-u0.8-m2-p3-f1,4566,RISCY-FPU-a,1,20,0.8,2,3,1
4471-RISCY-FPU-a-1-c20-u0.85-m1-p1-f0,4471,RISCY-FPU-a,1,20,0.85,1,1,0
3901-RISCY-FPU-a-1-c2-u0.7-m4-p2-f0,3901,RISCY-FPU-a,1,2,0.7,4,2,0
4188-RISCY-FPU-a-1-c5-u0.75-m4-p8-f0,4188,RISCY-FPU-a,1,5,0.75,4,8,0
4329-RISCY-FPU-a-1-c5-u0.8-m3-p2-f1,4329,RISCY-FPU-a,1,5,0.8,3,2,1
4128-RISCY-FPU-a-1-c5-u0.7-m1-p2-f0,4128,RISCY-FPU-a,1,5,0.7,1,2,0
4314-RISCY-FPU-a-1-c5-u0.8-m1-p3-f1,4314,RISCY-FPU-a,1,5,0.8,1,3,1
4424-RISCY-FPU-a-1-c20-u0.75-m2-p7-f0,4424,RISCY-FPU-a,1,20,0.75,2,7,0
4383-RISCY-FPU-a-1-c20-u0.7-m1-p3-f0,4383,RISCY-FPU-a,1,20,0.7,1,3,0
4206-RISCY-FPU-a-1-c5-u0.8-m3-p3-f0,4206,RISCY-FPU-a,1,5,0.8,3,3,0
4445-RISCY-FPU-a-1-c20-u0.8-m1-p5-f0,4445,RISCY-FPU-a,1,20,0.8,1,5,0
4420-RISCY-FPU-a-1-c20-u0.75-m2-p3-f0,4420,RISCY-FPU-a,1,20,0.75,2,3,0
4460-RISCY-FPU-a-1-c20-u0.8-m3-p6-f0,4460,RISCY-FPU-a,1,20,0.8,3,6,0
4046-RISCY-FPU-a-1-c2-u0.75-m2-p8-f1,4046,RISCY-FPU-a,1,2,0.75,2,8,1
4332-RISCY-FPU-a-1-c5-u0.8-m3-p5-f1,4332,RISCY-FPU-a,1,5,0.8,3,5,1
4473-RISCY-FPU-a-1-c20-u0.85-m1-p3-f0,4473,RISCY-FPU-a,1,20,0.85,1,3,0
4336-RISCY-FPU-a-1-c5-u0.85-m1-p2-f1,4336,RISCY-FPU-a,1,5,0.85,1,2,1
4081-RISCY-FPU-a-1-c2-u0.85-m1-p3-f1,4081,RISCY-FPU-a,1,2,0.85,1,3,1
4124-RISCY-FPU-a-1-c2-u0.9-m3-p6-f1,4124,RISCY-FPU-a,1,2,0.9,3,6,1
4074-RISCY-FPU-a-1-c2-u0.8-m3-p4-f1,4074,RISCY-FPU-a,1,2,0.8,3,4,1
4038-RISCY-FPU-a-1-c2-u0.75-m1-p8-f1,4038,RISCY-FPU-a,1,2,0.75,1,8,1
4115-RISCY-FPU-a-1-c2-u0.9-m2-p5-f1,4115,RISCY-FPU-a,1,2,0.9,2,5,1
4151-RISCY-FPU-a-1-c5-u0.7-m4-p1-f0,4151,RISCY-FPU-a,1,5,0.7,4,1,0
4028-RISCY-FPU-a-1-c2-u0.7-m3-p5-f1,4028,RISCY-FPU-a,1,2,0.7,3,5,1
3904-RISCY-FPU-a-1-c2-u0.7-m4-p5-f0,3904,RISCY-FPU-a,1,2,0.7,4,5,0
4043-RISCY-FPU-a-1-c2-u0.75-m2-p5-f1,4043,RISCY-FPU-a,1,2,0.75,2,5,1
4077-RISCY-FPU-a-1-c2-u0.8-m3-p7-f1,4077,RISCY-FPU-a,1,2,0.8,3,7,1
4256-RISCY-FPU-a-1-c5-u0.9-m4-p1-f0,4256,RISCY-FPU-a,1,5,0.9,4,1,0
4067-RISCY-FPU-a-1-c2-u0.8-m2-p5-f1,4067,RISCY-FPU-a,1,2,0.8,2,5,1
4044-RISCY-FPU-a-1-c2-u0.75-m2-p6-f1,4044,RISCY-FPU-a,1,2,0.75,2,6,1
4380-RISCY-FPU-a-1-c5-u0.9-m3-p7-f1,4380,RISCY-FPU-a,1,5,0.9,3,7,1
4094-RISCY-FPU-a-1-c2-u0.85-m2-p8-f1,4094,RISCY-FPU-a,1,2,0.85,2,8,1
4222-RISCY-FPU-a-1-c5-u0.85-m1-p5-f0,4222,RISCY-FPU-a,1,5,0.85,1,5,0
4236-RISCY-FPU-a-1-c5-u0.85-m3-p5-f0,4236,RISCY-FPU-a,1,5,0.85,3,5,0
3989-RISCY-FPU-a-1-c2-u0.85-m4-p6-f0,3989,RISCY-FPU-a,1,2,0.85,4,6,0
3924-RISCY-FPU-a-1-c2-u0.75-m3-p5-f0,3924,RISCY-FPU-a,1,2,0.75,3,5,0
4455-RISCY-FPU-a-1-c20-u0.8-m2-p7-f0,4455,RISCY-FPU-a,1,20,0.8,2,7,0
4221-RISCY-FPU-a-1-c5-u0.85-m1-p4-f0,4221,RISCY-FPU-a,1,5,0.85,1,4,0
4011-RISCY-FPU-a-1-c2-u0.7-m1-p4-f1,4011,RISCY-FPU-a,1,2,0.7,1,4,1
4552-RISCY-FPU-a-1-c20-u0.75-m3-p5-f1,4552,RISCY-FPU-a,1,20,0.75,3,5,1
3885-RISCY-FPU-a-1-c2-u0.7-m1-p6-f0,3885,RISCY-FPU-a,1,2,0.7,1,6,0
4198-RISCY-FPU-a-1-c5-u0.8-m2-p2-f0,4198,RISCY-FPU-a,1,5,0.8,2,2,0
4453-RISCY-FPU-a-1-c20-u0.8-m2-p5-f0,4453,RISCY-FPU-a,1,20,0.8,2,5,0
4155-RISCY-FPU-a-1-c5-u0.7-m4-p5-f0,4155,RISCY-FPU-a,1,5,0.7,4,5,0
4315-RISCY-FPU-a-1-c5-u0.8-m1-p4-f1,4315,RISCY-FPU-a,1,5,0.8,1,4,1
3982-RISCY-FPU-a-1-c2-u0.85-m3-p7-f0,3982,RISCY-FPU-a,1,2,0.85,3,7,0
4216-RISCY-FPU-a-1-c5-u0.8-m4-p6-f0,4216,RISCY-FPU-a,1,5,0.8,4,6,0
4392-RISCY-FPU-a-1-c20-u0.7-m2-p5-f0,4392,RISCY-FPU-a,1,20,0.7,2,5,0
4468-RISCY-FPU-a-1-c20-u0.8-m4-p6-f0,4468,RISCY-FPU-a,1,20,0.8,4,6,0
4175-RISCY-FPU-a-1-c5-u0.75-m3-p2-f0,4175,RISCY-FPU-a,1,5,0.75,3,2,0
4458-RISCY-FPU-a-1-c20-u0.8-m3-p3-f0,4458,RISCY-FPU-a,1,20,0.8,3,3,0
3972-RISCY-FPU-a-1-c2-u0.85-m2-p1-f0,3972,RISCY-FPU-a,1,2,0.85,2,1,0
4148-RISCY-FPU-a-1-c5-u0.7-m3-p6-f0,4148,RISCY-FPU-a,1,5,0.7,3,6,0
4317-RISCY-FPU-a-1-c5-u0.8-m1-p6-f1,4317,RISCY-FPU-a,1,5,0.8,1,6,1
4069-RISCY-FPU-a-1-c2-u0.8-m2-p7-f1,4069,RISCY-FPU-a,1,2,0.8,2,7,1
3917-RISCY-FPU-a-1-c2-u0.75-m2-p4-f0,3917,RISCY-FPU-a,1,2,0.75,2,4,0
4536-RISCY-FPU-a-1-c20-u0.75-m1-p4-f1,4536,RISCY-FPU-a,1,20,0.75,1,4,1
4271-RISCY-FPU-a-1-c5-u0.7-m1-p8-f1,4271,RISCY-FPU-a,1,5,0.7,1,8,1
4075-RISCY-FPU-a-1-c2-u0.8-m3-p5-f1,4075,RISCY-FPU-a,1,2,0.8,3,5,1
3945-RISCY-FPU-a-1-c2-u0.8-m2-p4-f0,3945,RISCY-FPU-a,1,2,0.8,2,4,0
4509-RISCY-FPU-a-1-c20-u0.9-m4-p8-f0,4509,RISCY-FPU-a,1,20,0.9,4,8,0
4359-RISCY-FPU-a-1-c5-u0.9-m1-p1-f1,4359,RISCY-FPU-a,1,5,0.9,1,1,1
3884-RISCY-FPU-a-1-c2-u0.7-m1-p5-f0,3884,RISCY-FPU-a,1,2,0.7,1,5,0
4190-RISCY-FPU-a-1-c5-u0.8-m1-p2-f0,4190,RISCY-FPU-a,1,5,0.8,1,2,0
4539-RISCY-FPU-a-1-c20-u0.75-m1-p7-f1,4539,RISCY-FPU-a,1,20,0.75,1,7,1
4411-RISCY-FPU-a-1-c20-u0.75-m1-p2-f0,4411,RISCY-FPU-a,1,20,0.75,1,2,0
4100-RISCY-FPU-a-1-c2-u0.85-m3-p6-f1,4100,RISCY-FPU-a,1,2,0.85,3,6,1
4108-RISCY-FPU-a-1-c2-u0.9-m1-p6-f1,4108,RISCY-FPU-a,1,2,0.9,1,6,1
4494-RISCY-FPU-a-1-c20-u0.9-m1-p1-f0,4494,RISCY-FPU-a,1,20,0.9,1,1,0
4240-RISCY-FPU-a-1-c5-u0.85-m4-p1-f0,4240,RISCY-FPU-a,1,5,0.85,4,1,0
4450-RISCY-FPU-a-1-c20-u0.8-m2-p2-f0,4450,RISCY-FPU-a,1,20,0.8,2,2,0
4243-RISCY-FPU-a-1-c5-u0.85-m4-p4-f0,4243,RISCY-FPU-a,1,5,0.85,4,4,0
4477-RISCY-FPU-a-1-c20-u0.85-m1-p7-f0,4477,RISCY-FPU-a,1,20,0.85,1,7,0
4388-RISCY-FPU-a-1-c20-u0.7-m2-p1-f0,4388,RISCY-FPU-a,1,20,0.7,2,1,0
3962-RISCY-FPU-a-1-c2-u0.8-m4-p7-f0,3962,RISCY-FPU-a,1,2,0.8,4,7,0
4059-RISCY-FPU-a-1-c2-u0.8-m1-p5-f1,4059,RISCY-FPU-a,1,2,0.8,1,5,1
4167-RISCY-FPU-a-1-c5-u0.75-m2-p1-f0,4167,RISCY-FPU-a,1,5,0.75,2,1,0
4398-RISCY-FPU-a-1-c20-u0.7-m3-p3-f0,4398,RISCY-FPU-a,1,20,0.7,3,3,0
4360-RISCY-FPU-a-1-c5-u0.9-m1-p2-f1,4360,RISCY-FPU-a,1,5,0.9,1,2,1
4522-RISCY-FPU-a-1-c20-u0.7-m2-p5-f1,4522,RISCY-FPU-a,1,20,0.7,2,5,1
4114-RISCY-FPU-a-1-c2-u0.9-m2-p4-f1,4114,RISCY-FPU-a,1,2,0.9,2,4,1
4020-RISCY-FPU-a-1-c2-u0.7-m2-p5-f1,4020,RISCY-FPU-a,1,2,0.7,2,5,1
4170-RISCY-FPU-a-1-c5-u0.75-m2-p5-f0,4170,RISCY-FPU-a,1,5,0.75,2,5,0
4290-RISCY-FPU-a-1-c5-u0.75-m1-p3-f1,4290,RISCY-FPU-a,1,5,0.75,1,3,1
4260-RISCY-FPU-a-1-c5-u0.9-m4-p5-f0,4260,RISCY-FPU-a,1,5,0.9,4,5,0
3931-RISCY-FPU-a-1-c2-u0.75-m4-p4-f0,3931,RISCY-FPU-a,1,2,0.75,4,4,0
3965-RISCY-FPU-a-1-c2-u0.85-m1-p2-f0,3965,RISCY-FPU-a,1,2,0.85,1,2,0
3910-RISCY-FPU-a-1-c2-u0.75-m1-p3-f0,3910,RISCY-FPU-a,1,2,0.75,1,3,0
4498-RISCY-FPU-a-1-c20-u0.9-m1-p5-f0,4498,RISCY-FPU-a,1,20,0.9,1,5,0
4553-RISCY-FPU-a-1-c20-u0.75-m3-p6-f1,4553,RISCY-FPU-a,1,20,0.75,3,6,1
4481-RISCY-FPU-a-1-c20-u0.85-m2-p4-f0,4481,RISCY-FPU-a,1,20,0.85,2,4,0
4277-RISCY-FPU-a-1-c5-u0.7-m2-p6-f1,4277,RISCY-FPU-a,1,5,0.7,2,6,1
3927-RISCY-FPU-a-1-c2-u0.75-m3-p8-f0,3927,RISCY-FPU-a,1,2,0.75,3,8,0
4425-RISCY-FPU-a-1-c20-u0.75-m2-p8-f0,4425,RISCY-FPU-a,1,20,0.75,2,8,0
4275-RISCY-FPU-a-1-c5-u0.7-m2-p4-f1,4275,RISCY-FPU-a,1,5,0.7,2,4,1
4154-RISCY-FPU-a-1-c5-u0.7-m4-p4-f0,4154,RISCY-FPU-a,1,5,0.7,4,4,0
4300-RISCY-FPU-a-1-c5-u0.75-m2-p5-f1,4300,RISCY-FPU-a,1,5,0.75,2,5,1
4540-RISCY-FPU-a-1-c20-u0.75-m1-p8-f1,4540,RISCY-FPU-a,1,20,0.75,1,8,1
4307-RISCY-FPU-a-1-c5-u0.75-m3-p4-f1,4307,RISCY-FPU-a,1,5,0.75,3,4,1
3918-RISCY-FPU-a-1-c2-u0.75-m2-p5-f0,3918,RISCY-FPU-a,1,2,0.75,2,5,0
3880-RISCY-FPU-a-1-c2-u0.7-m1-p1-f0,3880,RISCY-FPU-a,1,2,0.7,1,1,0
4268-RISCY-FPU-a-1-c5-u0.7-m1-p5-f1,4268,RISCY-FPU-a,1,5,0.7,1,5,1
3981-RISCY-FPU-a-1-c2-u0.85-m3-p6-f0,3981,RISCY-FPU-a,1,2,0.85,3,6,0
4009-RISCY-FPU-a-1-c2-u0.7-m1-p2-f1,4009,RISCY-FPU-a,1,2,0.7,1,2,1
3903-RISCY-FPU-a-1-c2-u0.7-m4-p4-f0,3903,RISCY-FPU-a,1,2,0.7,4,4,0
4193-RISCY-FPU-a-1-c5-u0.8-m1-p5-f0,4193,RISCY-FPU-a,1,5,0.8,1,5,0
4292-RISCY-FPU-a-1-c5-u0.75-m1-p5-f1,4292,RISCY-FPU-a,1,5,0.75,1,5,1
4267-RISCY-FPU-a-1-c5-u0.7-m1-p4-f1,4267,RISCY-FPU-a,1,5,0.7,1,4,1
3913-RISCY-FPU-a-1-c2-u0.75-m1-p6-f0,3913,RISCY-FPU-a,1,2,0.75,1,6,0
4103-RISCY-FPU-a-1-c2-u0.9-m1-p1-f1,4103,RISCY-FPU-a,1,2,0.9,1,1,1
4442-RISCY-FPU-a-1-c20-u0.8-m1-p2-f0,4442,RISCY-FPU-a,1,20,0.8,1,2,0
4591-RISCY-FPU-a-1-c20-u0.85-m2-p4-f1,4591,RISCY-FPU-a,1,20,0.85,2,4,1
4550-RISCY-FPU-a-1-c20-u0.75-m3-p3-f1,4550,RISCY-FPU-a,1,20,0.75,3,3,1
4390-RISCY-FPU-a-1-c20-u0.7-m2-p3-f0,4390,RISCY-FPU-a,1,20,0.7,2,3,0
4335-RISCY-FPU-a-1-c5-u0.85-m1-p1-f1,4335,RISCY-FPU-a,1,5,0.85,1,1,1
4137-RISCY-FPU-a-1-c5-u0.7-m2-p3-f0,4137,RISCY-FPU-a,1,5,0.7,2,3,0
4210-RISCY-FPU-a-1-c5-u0.8-m3-p8-f0,4210,RISCY-FPU-a,1,5,0.8,3,8,0
4582-RISCY-FPU-a-1-c20-u0.85-m1-p3-f1,4582,RISCY-FPU-a,1,20,0.85,1,3,1
4301-RISCY-FPU-a-1-c5-u0.75-m2-p6-f1,4301,RISCY-FPU-a,1,5,0.75,2,6,1
4056-RISCY-FPU-a-1-c2-u0.8-m1-p2-f1,4056,RISCY-FPU-a,1,2,0.8,1,2,1
4169-RISCY-FPU-a-1-c5-u0.75-m2-p3-f0,4169,RISCY-FPU-a,1,5,0.75,2,3,0
4324-RISCY-FPU-a-1-c5-u0.8-m2-p5-f1,4324,RISCY-FPU-a,1,5,0.8,2,5,1
4367-RISCY-FPU-a-1-c5-u0.9-m2-p1-f1,4367,RISCY-FPU-a,1,5,0.9,2,1,1
3977-RISCY-FPU-a-1-c2-u0.85-m2-p8-f0,3977,RISCY-FPU-a,1,2,0.85,2,8,0
4105-RISCY-FPU-a-1-c2-u0.9-m1-p3-f1,4105,RISCY-FPU-a,1,2,0.9,1,3,1
4369-RISCY-FPU-a-1-c5-u0.9-m2-p3-f1,4369,RISCY-FPU-a,1,5,0.9,2,3,1
4312-RISCY-FPU-a-1-c5-u0.8-m1-p1-f1,4312,RISCY-FPU-a,1,5,0.8,1,1,1
4603-RISCY-FPU-a-1-c20-u0.9-m1-p3-f1,4603,RISCY-FPU-a,1,20,0.9,1,3,1
4286-RISCY-FPU-a-1-c5-u0.7-m3-p7-f1,4286,RISCY-FPU-a,1,5,0.7,3,7,1
4444-RISCY-FPU-a-1-c20-u0.8-m1-p4-f0,4444,RISCY-FPU-a,1,20,0.8,1,4,0
4385-RISCY-FPU-a-1-c20-u0.7-m1-p5-f0,4385,RISCY-FPU-a,1,20,0.7,1,5,0
